ts	user_id	tool_name	arguments	trace_id
2026-08-31T10:23:36.694+08:00[Asia/Shanghai]	142754693	query_economic_indicator_data	"{""question"":""M0075992"",""beginDate"":""2026-08-28"",""endDate"":""2026-08-31""}"	06b43a8a4f49aa2df0bd400e21cbc68f
2026-08-31T10:23:34.787+08:00[Asia/Shanghai]	116325376	query_economic_indicator_data	"{""question"":""陆股通 当日成交金额 最新"",""observation"":2}"	039c6d036ac73075252eba50e79cce1d
2026-08-31T10:23:33.761+08:00[Asia/Shanghai]	116325376	query_economic_indicator_data	"{""question"":""陆股通 当日成交金额 最新"",""observation"":2}"	a47ce4f3df716736724ba23bb14d80bf
2026-08-31T10:23:26.651+08:00[Asia/Shanghai]	115543143	query_economic_indicator_data	"{""beginDate"":""2026-08-17"",""endDate"":""2026-08-31"",""question"":""提取DR001和DR007的日频数据""}"	131f537f73c843ae9a41e9436c1c30fd
2026-08-31T10:23:26+08:00[Asia/Shanghai]	142754693	query_economic_indicator_data	"{""question"":""M0075992"",""beginDate"":""2026-08-28"",""endDate"":""2026-08-31""}"	e5a6fde6cb425d8f2c35efa1734b2ef7
2026-08-31T10:23:19.846+08:00[Asia/Shanghai]	115543143	query_economic_indicator_data	"{""beginDate"":""2026-08-17"",""endDate"":""2026-08-31"",""question"":""提取S0213051、M0096849、M0330934、P8074122四个指标的日频数据""}"	7b2f68d92d70082770d4147fb87b108c
2026-08-31T10:23:15.391+08:00[Asia/Shanghai]	142754693	query_economic_indicator_data	"{""question"":""M0075992"",""beginDate"":""2026-08-28"",""endDate"":""2026-08-31""}"	83f70feb30e11faacc2029b34dcadc53
2026-08-31T10:23:13.014+08:00[Asia/Shanghai]	115543143	query_economic_indicator_data	"{""beginDate"":""2026-08-17"",""endDate"":""2026-08-31"",""question"":""提取S0213051(期货收盘价活跃合约国债期货10年期)、M0096849(5年)、M0330934(2年)、P8074122(30年结算价)、M1006336(DR001)、M1006337(DR007)、M0041653(银行间质押式回购加权利率7天)、M0325686(中国国债收益率1年)、G0000891(美国国债收益率10年)、G0000887(美国国债收益率2年)的日频数据""}"	b2115ea95891b6659c60659568e6b596
2026-08-31T10:23:11.039+08:00[Asia/Shanghai]	114517510	search_economic_indicator	"{""question"":""全国生猪均价 仔猪价 能繁母猪存栏 10年期国债收益率""}"	8ae15515e5bed57844e7b98ff16d5687
2026-08-31T10:23:06.621+08:00[Asia/Shanghai]	144282061	query_economic_indicator_data	"{""question"":""中国一般公共预算支出累计同比"",""beginDate"":""2023-08-28"",""endDate"":""2026-08-28""}"	7ccc218d364b95c390306835c5a867b6
2026-08-31T10:23:04.758+08:00[Asia/Shanghai]	142754693	query_economic_indicator_data	"{""question"":""M0075992"",""beginDate"":""2026-08-28"",""endDate"":""2026-08-31""}"	ca29eb2572d443417cd53b0905587339
2026-08-31T10:23:03.534+08:00[Asia/Shanghai]	144297969	query_economic_indicator_data	"{""question"":""中国制造业PMI"",""beginDate"":""2026-07-01"",""endDate"":""2026-08-31""}"	f923eef90ad282a8e5de6167d8d87c77
2026-08-31T10:23:00.877+08:00[Asia/Shanghai]	114065515	search_economic_indicator	"{""question"":""SLV iShares Silver Trust 白银ETF 持仓量 吨 盎司""}"	7d62f9997922064b5e2f9ec438197b38
2026-08-31T10:22:54.709+08:00[Asia/Shanghai]	144297969	query_economic_indicator_data	"{""question"":""中国制造业PMI 与 万得一致预测制造业PMI"",""beginDate"":""2026-06-01"",""endDate"":""2026-08-31""}"	682b4513fdd2a00e26109038cc5d1d7f
2026-08-31T10:22:54.081+08:00[Asia/Shanghai]	142754693	query_economic_indicator_data	"{""question"":""M0075992"",""beginDate"":""2026-08-28"",""endDate"":""2026-08-31""}"	8329e6b7a873a04ee77a16199ee38433
2026-08-31T10:22:43.362+08:00[Asia/Shanghai]	142754693	query_economic_indicator_data	"{""question"":""M0075992"",""beginDate"":""2026-08-28"",""endDate"":""2026-08-31""}"	10a06a1e1e5a1dbba56789bc4b36113b
2026-08-31T10:22:32.689+08:00[Asia/Shanghai]	142754693	query_economic_indicator_data	"{""question"":""M0075992"",""beginDate"":""2026-08-28"",""endDate"":""2026-08-31""}"	fe463e4508a540901505a6201acb38c3
2026-08-31T10:22:21.976+08:00[Asia/Shanghai]	142754693	query_economic_indicator_data	"{""question"":""M0075992"",""beginDate"":""2026-08-28"",""endDate"":""2026-08-31""}"	1982952325517eb4bc948f155a4d943a
2026-08-31T10:22:11.008+08:00[Asia/Shanghai]	142754693	query_economic_indicator_data	"{""question"":""M0075992"",""beginDate"":""2026-08-28"",""endDate"":""2026-08-31""}"	34ccc06939954d0c7cdb0f3b61a3facd
2026-08-31T10:22:02.720+08:00[Asia/Shanghai]	144282061	query_economic_indicator_data	"{""question"":""中国一般公共预算支出累计同比"",""beginDate"":""2023-08-28"",""endDate"":""2026-08-28""}"	2332a43bc0f71927fb14df9c63465520
2026-08-31T10:21:56.603+08:00[Asia/Shanghai]	142754693	query_economic_indicator_data	"{""question"":""M0075992"",""beginDate"":""2026-08-28"",""endDate"":""2026-08-31""}"	a9d273e6f0e191a5157f90cca1e0e1a7
2026-08-31T10:21:49.687+08:00[Asia/Shanghai]	142754693	query_economic_indicator_data	"{""question"":""M0075992"",""beginDate"":""2026-08-28"",""endDate"":""2026-08-31""}"	2a15d462fcea017496624cce7db22270
2026-08-31T10:21:37.488+08:00[Asia/Shanghai]	144388429	query_economic_indicator_data	"{""question"":""上海黄金交易所AU9999现货黄金价格"",""beginDate"":""2016-08-19"",""endDate"":""2026-08-31""}"	b32749270df0df8148d37a7c1bbe90b8
2026-08-31T10:21:35.244+08:00[Asia/Shanghai]	142754693	query_economic_indicator_data	"{""question"":""M0075992"",""beginDate"":""2026-08-28"",""endDate"":""2026-08-31""}"	ac29026bcbd69f8ee4cfaea0cf719abe
2026-08-31T10:21:28.212+08:00[Asia/Shanghai]	142754693	query_economic_indicator_data	"{""question"":""M0075992"",""beginDate"":""2026-08-28"",""endDate"":""2026-08-31""}"	0a2ab178aa4ab781ebce891d13efcc2b
2026-08-31T10:21:24.163+08:00[Asia/Shanghai]	111530256	query_economic_indicator_data	"{""question"":""即期汇率:美元兑离岸人民币"",""observation"":""22""}"	14046418ef6ee2259bcb481a9dc519e5
2026-08-31T10:21:23.395+08:00[Asia/Shanghai]	143903241	search_economic_indicator	"{""question"":""中国CPI当月同比""}"	9dfe959ccb2d6c83d64bbb74ef0df3db
2026-08-31T10:21:22.737+08:00[Asia/Shanghai]	144363937	query_economic_indicator_data	"{""question"":""中间价:港元兑人民币"",""observation"":""10""}"	acff93423fde8290b3e9ebdfc9c3579d
2026-08-31T10:21:19.440+08:00[Asia/Shanghai]	144363937	query_economic_indicator_data	"{""question"":""港元兑人民币中间价"",""observation"":""10""}"	932e3784a564c98f8d4c3a33879d2cb8
2026-08-31T10:21:19.323+08:00[Asia/Shanghai]	144363937	query_economic_indicator_data	"{""question"":""中间价:港元兑人民币"",""observation"":""10""}"	286fbffce4f67ada036ba3ee55c1d6be
2026-08-31T10:21:19.107+08:00[Asia/Shanghai]	144363937	query_economic_indicator_data	"{""question"":""港元兑人民币中间价"",""observation"":""10""}"	245507925a4f38b4ecd28491ec32665b
2026-08-31T10:21:18.802+08:00[Asia/Shanghai]	144363937	query_economic_indicator_data	"{""question"":""中间价:港元兑人民币"",""observation"":""10""}"	5f4950290d1df63355671afe01bbd8f6
2026-08-31T10:21:18.178+08:00[Asia/Shanghai]	144363937	query_economic_indicator_data	"{""question"":""中间价:港元兑人民币"",""observation"":""10""}"	d6e7ce97c8f716654f70589d54128cc2
2026-08-31T10:21:17.472+08:00[Asia/Shanghai]	111147606	search_economic_indicator	"{""question"":""中国CPI""}"	19380c96514ddc063de7e6776ecaca88
2026-08-31T10:21:14.198+08:00[Asia/Shanghai]	143903241	search_economic_indicator	"{""question"":""美国国债收益率 10年期 2年期 30年期""}"	c27d60344d868523003a569fbd6cd95a
2026-08-31T10:21:13.695+08:00[Asia/Shanghai]	142754693	query_economic_indicator_data	"{""question"":""M0075992"",""beginDate"":""2026-08-28"",""endDate"":""2026-08-31""}"	ea975f72d9ef22bc91c2e972b73d3579
2026-08-31T10:21:06.902+08:00[Asia/Shanghai]	142754693	query_economic_indicator_data	"{""question"":""M0075992"",""beginDate"":""2026-08-28"",""endDate"":""2026-08-31""}"	f126ea32344df5f140f7a9334b3bae8d
2026-08-31T10:20:57.271+08:00[Asia/Shanghai]	142754693	query_economic_indicator_data	"{""question"":""M0075992"",""beginDate"":""2026-08-28"",""endDate"":""2026-08-31""}"	586117f5f3be72386466cb9b74e8e80e
2026-08-31T10:20:46.235+08:00[Asia/Shanghai]	142754693	query_economic_indicator_data	"{""question"":""M0075992"",""beginDate"":""2026-08-28"",""endDate"":""2026-08-31""}"	623b9be2225a5e74c1011f30e1375aca
2026-08-31T10:20:35.546+08:00[Asia/Shanghai]	142754693	query_economic_indicator_data	"{""question"":""M0075992"",""beginDate"":""2026-08-28"",""endDate"":""2026-08-31""}"	3c6cbfffe752377899998fbb6b48a016
2026-08-31T10:20:28.319+08:00[Asia/Shanghai]	100833040	query_economic_indicator_data	"{""question"":""DR007"",""beginDate"":""2021-01-01"",""endDate"":""2026-08-31""}"	4e204bcae39f5ff18c6db44d3daf5086
2026-08-31T10:20:27.539+08:00[Asia/Shanghai]	100833040	query_economic_indicator_data	"{""question"":""M1006337"",""beginDate"":""2021-01-01"",""endDate"":""2026-08-31""}"	1f61bb3bd65470994dbd631a9a4234fa
2026-08-31T10:20:22.158+08:00[Asia/Shanghai]	142754693	query_economic_indicator_data	"{""question"":""M0075992"",""beginDate"":""2026-08-28"",""endDate"":""2026-08-31""}"	54e2f3f1bb6320405775518e71504284
2026-08-31T10:20:11.146+08:00[Asia/Shanghai]	142754693	query_economic_indicator_data	"{""question"":""M0075992"",""beginDate"":""2026-08-28"",""endDate"":""2026-08-31""}"	c6f3b8aa4f63fb94bca4e801219183b3
2026-08-31T10:20:07.480+08:00[Asia/Shanghai]	100833040	query_economic_indicator_data	"{""question"":""深交所:股票流通市值:亿元"",""beginDate"":""2000-01-01"",""endDate"":""2026-08-31""}"	954b0a3fbfa0dc1169a67f45690e381d
2026-08-31T10:20:06.817+08:00[Asia/Shanghai]	100833040	query_economic_indicator_data	"{""question"":""深交所:股票流通市值"",""beginDate"":""2000-01-01"",""endDate"":""2026-08-31""}"	dca12ce28c900eac88c0ab7d089ccc7f
2026-08-31T10:20:04.321+08:00[Asia/Shanghai]	142754693	query_economic_indicator_data	"{""question"":""M0075992"",""beginDate"":""2026-08-28"",""endDate"":""2026-08-31""}"	73d9cee0bf82bb9fbd18603a0325c705
2026-08-31T10:20:02.514+08:00[Asia/Shanghai]	100833040	query_economic_indicator_data	"{""question"":""U58fca266-8cac-4c1f-b840-0c11eaea89a1"",""beginDate"":""2000-01-01"",""endDate"":""2026-08-31""}"	24fe57ae28594f39e9e30d8a2c86ba5f
2026-08-31T10:19:54.571+08:00[Asia/Shanghai]	142754693	query_economic_indicator_data	"{""question"":""M0075992"",""beginDate"":""2026-08-28"",""endDate"":""2026-08-31""}"	061469e59931076bcd529c867fb254d3
2026-08-31T10:19:54.231+08:00[Asia/Shanghai]	111147606	query_economic_indicator_data	"{""question"":""中国核心CPI同比"",""beginDate"":""2016-09-01"",""endDate"":""2026-08-31""}"	f131120f8687cbd77b92b517bf576522
2026-08-31T10:19:51.494+08:00[Asia/Shanghai]	100797860	query_economic_indicator_data	"{""question"":""上海出口集装箱运价综合指数SCFI、中国出口集装箱运价综合指数CCFI、波罗的海原油运价指数BDTI、波罗的海成品油运价指数BCTI、波罗的海干散货指数BDI"",""beginDate"":""2024-01-01"",""endDate"":""2026-08-31""}"	0fff7c5f3197b2f84c28b4ebfc84a080
2026-08-31T10:19:46.620+08:00[Asia/Shanghai]	141150523	query_economic_indicator_data	"{""beginDate"":""2016-01-01"",""endDate"":""2026-08-28"",""question"":""M0076000""}"	e44ccebbf739f1a002c7c5af29800bb9
2026-08-31T10:19:45.884+08:00[Asia/Shanghai]	141150523	query_economic_indicator_data	"{""beginDate"":""2010-01-01"",""endDate"":""2026-08-28"",""question"":""M0076000""}"	431f64d63dcaf812e8c2c0bb47e43f38
2026-08-31T10:19:45.154+08:00[Asia/Shanghai]	141150523	query_economic_indicator_data	"{""beginDate"":""2015-01-01"",""endDate"":""2026-08-28"",""question"":""M0076000""}"	441f3804904896ad6d7511e06b28487d
2026-08-31T10:19:44.646+08:00[Asia/Shanghai]	100833040	query_economic_indicator_data	"{""question"":""FR007IRS1Y"",""beginDate"":""2000-01-01"",""endDate"":""2026-08-31""}"	abec832b03fbe0ebb498d75bbd41315f
2026-08-31T10:19:44.011+08:00[Asia/Shanghai]	100833040	query_economic_indicator_data	"{""question"":""利率互换FR007:1年"",""beginDate"":""2000-01-01"",""endDate"":""2026-08-31""}"	412c4b2ec36fb5338f477b6a2721d4f2
2026-08-31T10:19:43.856+08:00[Asia/Shanghai]	141150523	query_economic_indicator_data	"{""beginDate"":""2015-01-01"",""endDate"":""2026-08-28"",""question"":""M0076000""}"	822940179e354b967f3d2b4a3568712d
2026-08-31T10:19:43.657+08:00[Asia/Shanghai]	142754693	query_economic_indicator_data	"{""question"":""M0075992"",""beginDate"":""2026-08-28"",""endDate"":""2026-08-31""}"	7d22831ee1a3559657cf6fff6faefd1d
2026-08-31T10:19:43.408+08:00[Asia/Shanghai]	100833040	query_economic_indicator_data	"{""question"":""利率互换:FR007:1年"",""beginDate"":""2000-01-01"",""endDate"":""2026-08-31""}"	efd0f39f9108c961c63f3704267a6e59
2026-08-31T10:19:42.706+08:00[Asia/Shanghai]	100833040	query_economic_indicator_data	"{""question"":""L001619014"",""beginDate"":""2000-01-01"",""endDate"":""2026-08-31""}"	24218345a87505bf0c0d298ad572f889
2026-08-31T10:19:42.234+08:00[Asia/Shanghai]	141150523	query_economic_indicator_data	"{""beginDate"":""2016-01-01"",""endDate"":""2026-08-28"",""question"":""M0076000""}"	48d6661d6d68ec2cd94e02525d45c39d
2026-08-31T10:19:41.493+08:00[Asia/Shanghai]	141150523	query_economic_indicator_data	"{""beginDate"":""2010-01-01"",""endDate"":""2026-08-28"",""question"":""M0076000""}"	b1ab4ddcbaa3b0c367e3d5d74a67ddb0
2026-08-31T10:19:40.806+08:00[Asia/Shanghai]	141150523	query_economic_indicator_data	"{""beginDate"":""2015-01-01"",""endDate"":""2026-08-28"",""question"":""M0076000""}"	78640353ea57547f81eb186118b18d48
2026-08-31T10:19:39.978+08:00[Asia/Shanghai]	141150523	query_economic_indicator_data	"{""beginDate"":""2015-01-01"",""endDate"":""2026-08-28"",""question"":""M0076000""}"	b2e465ea739abc100f0f218e7425eeb3
2026-08-31T10:19:38.534+08:00[Asia/Shanghai]	115702682	query_economic_indicator_data	"{""question"":""U0929600"",""beginDate"":""2026-05-03"",""endDate"":""2026-08-31""}"	696b40cdf4f3993a01ec4117d724e103
2026-08-31T10:19:32.900+08:00[Asia/Shanghai]	142754693	query_economic_indicator_data	"{""question"":""M0075992"",""beginDate"":""2026-08-28"",""endDate"":""2026-08-31""}"	f90a74a493a21d2e331f510d3f185927
2026-08-31T10:19:24.682+08:00[Asia/Shanghai]	115702682	query_economic_indicator_data	"{""question"":""U0929600,S0031648,S0029751,G0145017,W7567630,S0240434,S0240435,S0116174,C7355935,G0005428,G0000891,G0000887"",""beginDate"":""2026-05-03"",""endDate"":""2026-08-31""}"	c2533ba16145f37f0ed48403d4667e1b
2026-08-31T10:19:24.214+08:00[Asia/Shanghai]	144297969	query_economic_indicator_data	"{""question"":""M0017126,M0331594"",""beginDate"":""2026-01-01"",""endDate"":""2026-08-31""}"	7a6cfa0a87b3031515a68ffb699b6347
2026-08-31T10:19:22.197+08:00[Asia/Shanghai]	142754693	query_economic_indicator_data	"{""question"":""M0075992"",""beginDate"":""2026-08-28"",""endDate"":""2026-08-31""}"	5e9cd16baccb135831f17f50e36d4021
2026-08-31T10:19:21.159+08:00[Asia/Shanghai]	111147606	search_economic_indicator	"{""question"":""中国核心CPI同比指标""}"	24d16cdf376805dbf87b2032bd93b653
2026-08-31T10:19:19.713+08:00[Asia/Shanghai]	141425958	query_economic_indicator_data	"{""question"":""S0105520"",""beginDate"":""2026-08-27"",""endDate"":""2026-08-31""}"	612d4aac5f9390dbbf12da4dcfbd058b
2026-08-31T10:19:17.919+08:00[Asia/Shanghai]	115702682	query_economic_indicator_data	"{""question"":""U0929600,S0031648,S0029751,G0145017,W7567630,S0240434,S0240435,S0116174,C7355935,G0005428,G0000891,G0000887"",""beginDate"":""2026-05-03"",""endDate"":""2026-08-31""}"	2785e8fadbdaa5f8cb5f8b30d1180a1e
2026-08-31T10:19:16.298+08:00[Asia/Shanghai]	144388429	query_economic_indicator_data	"{""question"":""上海黄金交易所AU9999现货黄金价格"",""beginDate"":""2016-08-19"",""endDate"":""2026-08-31""}"	617114795545a73a119a93e7fc24d3e6
2026-08-31T10:19:11.547+08:00[Asia/Shanghai]	142754693	query_economic_indicator_data	"{""question"":""M0075992"",""beginDate"":""2026-08-28"",""endDate"":""2026-08-31""}"	c2dbd15b6cafc4d31cfa63dab047b15b
2026-08-31T10:19:08.808+08:00[Asia/Shanghai]	111723671	query_economic_indicator_data	"{""question"":""M0017126"",""beginDate"":""2026-07-01"",""endDate"":""2026-08-31""}"	923f8097b7485044cf8f621ab1475993
2026-08-31T10:19:07.678+08:00[Asia/Shanghai]	111723671	query_economic_indicator_data	"{""question"":""M0000612"",""beginDate"":""2026-07-01"",""endDate"":""2026-08-31""}"	269d866575b39d6cb44b29977b17b8bf
2026-08-31T10:19:00.888+08:00[Asia/Shanghai]	142754693	query_economic_indicator_data	"{""question"":""M0075992"",""beginDate"":""2026-08-28"",""endDate"":""2026-08-31""}"	35d8fa8182db49ad9f9c411c40ab43f2
2026-08-31T10:18:50.256+08:00[Asia/Shanghai]	142754693	query_economic_indicator_data	"{""question"":""M0075992"",""beginDate"":""2026-08-28"",""endDate"":""2026-08-31""}"	78022d7a98a92313695a72051a410bc3
2026-08-31T10:18:39.540+08:00[Asia/Shanghai]	142754693	query_economic_indicator_data	"{""question"":""M0075992"",""beginDate"":""2026-08-28"",""endDate"":""2026-08-31""}"	774de7c2ea3b6524fb1b4f564d0a3472
2026-08-31T10:18:36.343+08:00[Asia/Shanghai]	144424391	query_economic_indicator_data	"{""question"":""M0060433"",""beginDate"":""20260820"",""endDate"":""20260831""}"	ac4c3e204228162e50c2bfeafa69aa0c
2026-08-31T10:18:35.869+08:00[Asia/Shanghai]	144424391	query_economic_indicator_data	"{""question"":""X9137530"",""beginDate"":""20260820"",""endDate"":""20260831""}"	88bb514c859660424db3b2457709cc81
2026-08-31T10:18:35.353+08:00[Asia/Shanghai]	144424391	query_economic_indicator_data	"{""question"":""A7503425"",""beginDate"":""20260820"",""endDate"":""20260831""}"	b1db0e7c4821f649997b1d77457e48fa
2026-08-31T10:18:34.903+08:00[Asia/Shanghai]	144424391	query_economic_indicator_data	"{""question"":""M0075992"",""beginDate"":""20260820"",""endDate"":""20260831""}"	3e05cc633c2e3622279e1cd3693a4c65
2026-08-31T10:18:28.808+08:00[Asia/Shanghai]	142754693	query_economic_indicator_data	"{""question"":""M0075992"",""beginDate"":""2026-08-28"",""endDate"":""2026-08-31""}"	f82be1e5c0dd4b1b97a7f014da6b802c
2026-08-31T10:18:25.027+08:00[Asia/Shanghai]	111723671	query_economic_indicator_data	"{""question"":""M0000612"",""beginDate"":""2026-07-01"",""endDate"":""2026-08-31""}"	933a17cf524f0dc62583bdecaaebd11e
2026-08-31T10:18:18.213+08:00[Asia/Shanghai]	142754693	query_economic_indicator_data	"{""question"":""M0075992"",""beginDate"":""2026-08-28"",""endDate"":""2026-08-31""}"	e77bed81ce6383ad3e5bcbf4cd5ff91f
2026-08-31T10:18:07.627+08:00[Asia/Shanghai]	142754693	query_economic_indicator_data	"{""question"":""M0075992"",""beginDate"":""2026-08-28"",""endDate"":""2026-08-31""}"	bac0a91f34c358d61d96e8a003303c70
2026-08-31T10:17:57.117+08:00[Asia/Shanghai]	142754693	query_economic_indicator_data	"{""question"":""M0075992"",""beginDate"":""2026-08-28"",""endDate"":""2026-08-31""}"	b27692f0a77400e8984cb6cd72107d71
2026-08-31T10:17:42.824+08:00[Asia/Shanghai]	142754693	query_economic_indicator_data	"{""question"":""M0075992"",""beginDate"":""2026-08-28"",""endDate"":""2026-08-31""}"	60b8ffe41bf666f03f51731dc3699f54
2026-08-31T10:17:36.092+08:00[Asia/Shanghai]	142754693	query_economic_indicator_data	"{""question"":""M0075992"",""beginDate"":""2026-08-28"",""endDate"":""2026-08-31""}"	3dceb7a0d3aea1aa749491a878103944
2026-08-31T10:17:25.545+08:00[Asia/Shanghai]	142754693	query_economic_indicator_data	"{""question"":""M0075992"",""beginDate"":""2026-08-28"",""endDate"":""2026-08-31""}"	a75e3e7a5d953699b81eac1925988eb8
2026-08-31T10:17:18.002+08:00[Asia/Shanghai]	144436683	query_economic_indicator_data	"{""question"":""美国国债2年期收益率"",""beginDate"":""2026-07-31"",""endDate"":""2026-08-28""}"	d8c2220ce632970ab8f4d6009753bf1b
2026-08-31T10:17:14.955+08:00[Asia/Shanghai]	142754693	query_economic_indicator_data	"{""question"":""M0075992"",""beginDate"":""2026-08-28"",""endDate"":""2026-08-31""}"	e8384966663cfe1ca5784e24050225c0
2026-08-31T10:17:13.083+08:00[Asia/Shanghai]	143905293	search_economic_indicator	"{""question"":""澜起科技688008融资余额""}"	769d430ee70459599f89080ec6a13f5b
2026-08-31T10:17:04.370+08:00[Asia/Shanghai]	142754693	query_economic_indicator_data	"{""question"":""M0075992"",""beginDate"":""2026-08-28"",""endDate"":""2026-08-31""}"	9720fb1791f85c1d8336271668c9e8c1
2026-08-31T10:16:53.868+08:00[Asia/Shanghai]	142754693	query_economic_indicator_data	"{""question"":""M0075992"",""beginDate"":""2026-08-28"",""endDate"":""2026-08-31""}"	9ba62f343c3068a8f799e4bb02e525c8
2026-08-31T10:16:52.315+08:00[Asia/Shanghai]	135096203	query_economic_indicator_data	"{""question"":""WTI原油"",""beginDate"":""2026-08-26"",""endDate"":""2026-08-31""}"	0fc91a9a3ffbc9a328b894267cad24f8
2026-08-31T10:16:43.390+08:00[Asia/Shanghai]	142754693	query_economic_indicator_data	"{""question"":""M0075992"",""beginDate"":""2026-08-28"",""endDate"":""2026-08-31""}"	fb438179e1c5b367480826a48c54e8c1
2026-08-31T10:16:42.646+08:00[Asia/Shanghai]	144388429	query_economic_indicator_data	"{""question"":""上海黄金交易所AU9999现货黄金价格"",""beginDate"":""2016-08-19"",""endDate"":""2026-08-31""}"	84d7df3dd46b9063caf49ab8a4727492
2026-08-31T10:16:40.518+08:00[Asia/Shanghai]	141425958	query_economic_indicator_data	"{""question"":""S0105520"",""beginDate"":""2026-08-27"",""endDate"":""2026-08-31""}"	ce8f1bf66eba2650f5e1d0664c931bde
2026-08-31T10:16:32.825+08:00[Asia/Shanghai]	142754693	query_economic_indicator_data	"{""question"":""M0075992"",""beginDate"":""2026-08-28"",""endDate"":""2026-08-31""}"	db151027cd14dfbec552d77a4c5b4fb4
2026-08-31T10:16:22.244+08:00[Asia/Shanghai]	142754693	query_economic_indicator_data	"{""question"":""M0075992"",""beginDate"":""2026-08-28"",""endDate"":""2026-08-31""}"	ba9984070d51c8ff2893172cee5d575e
2026-08-31T10:16:16.499+08:00[Asia/Shanghai]	143864303	search_economic_indicator	"{""question"":""中国全国居民消费价格指数CPI同比、工业生产者出厂价格指数PPI同比、M2同比、银行间存款类机构7天质押式回购利率DR007、人民币兑美元汇率""}"	f066ebc3b0b4af2e56bef7306e25a3dd
2026-08-31T10:16:11.280+08:00[Asia/Shanghai]	142754693	query_economic_indicator_data	"{""question"":""M0075992"",""beginDate"":""2026-08-28"",""endDate"":""2026-08-31""}"	7544cdf5674063b72d52baa56122da41
2026-08-31T10:16:05.077+08:00[Asia/Shanghai]	141425958	query_economic_indicator_data	"{""question"":""S0105520"",""beginDate"":""2026-08-27"",""endDate"":""2026-08-31""}"	e1d30d43ba6439d85f554f2301cb7fcf
2026-08-31T10:16:02.326+08:00[Asia/Shanghai]	143864303	query_economic_indicator_data	"{""question"":""S0059749,S0059752"",""beginDate"":""2026-08-24"",""endDate"":""2026-08-31""}"	f62eb2bf6995c9b6337778240a03b50a
2026-08-31T10:16:01.772+08:00[Asia/Shanghai]	141425958	query_economic_indicator_data	"{""question"":""S0105520"",""beginDate"":""2026-08-27"",""endDate"":""2026-08-31""}"	0b8f525bb08d66280a47584f3f76583b
2026-08-31T10:16:00.656+08:00[Asia/Shanghai]	142754693	query_economic_indicator_data	"{""question"":""M0075992"",""beginDate"":""2026-08-28"",""endDate"":""2026-08-31""}"	bab5014aed919e66dfe6ec49bfaa1856
2026-08-31T10:15:50.001+08:00[Asia/Shanghai]	142754693	query_economic_indicator_data	"{""question"":""M0075992"",""beginDate"":""2026-08-28"",""endDate"":""2026-08-31""}"	b2f19df16d24d84e8181a04a87869f0a
2026-08-31T10:15:43.174+08:00[Asia/Shanghai]	116325376	query_economic_indicator_data	"{""question"":""陆股通 当日成交金额 最新"",""observation"":2}"	ed3a913bb1082e2041411656bb4d95fe
2026-08-31T10:15:42.021+08:00[Asia/Shanghai]	116325376	query_economic_indicator_data	"{""question"":""陆股通 当日成交金额 最新"",""observation"":2}"	e88b814a47318426fc5cf345aa8ea16c
2026-08-31T10:15:39.474+08:00[Asia/Shanghai]	142754693	query_economic_indicator_data	"{""question"":""M0075992"",""beginDate"":""2026-08-28"",""endDate"":""2026-08-31""}"	7942093531755969be0728d61bbe6684
2026-08-31T10:15:28.762+08:00[Asia/Shanghai]	142754693	query_economic_indicator_data	"{""question"":""M0075992"",""beginDate"":""2026-08-28"",""endDate"":""2026-08-31""}"	8929ac33d7e6ceedf4692018d9fbdd7b
2026-08-31T10:15:19.208+08:00[Asia/Shanghai]	142754693	query_economic_indicator_data	"{""question"":""M0075992"",""beginDate"":""2026-08-28"",""endDate"":""2026-08-31""}"	a53438c0fecb62358b2bbfe29a372ba7
2026-08-31T10:15:07.661+08:00[Asia/Shanghai]	142754693	query_economic_indicator_data	"{""question"":""M0075992"",""beginDate"":""2026-08-28"",""endDate"":""2026-08-31""}"	8f08e3c3dfd30c55510dcebc83c1a418
2026-08-31T10:14:59.559+08:00[Asia/Shanghai]	114211051	query_economic_indicator_data	"{""question"":""中国 GDP"",""observation"":""4""}"	a9d773ff67fd6c1e7f9bf92c7617aa27
2026-08-31T10:14:56.705+08:00[Asia/Shanghai]	142754693	query_economic_indicator_data	"{""question"":""M0075992"",""beginDate"":""2026-08-28"",""endDate"":""2026-08-31""}"	d109552ba6f7205afc9f42ea3cbb9af6
2026-08-31T10:14:52.148+08:00[Asia/Shanghai]	114211051	search_economic_indicator	"{""question"":""中国 CPI 相关指标""}"	fa3fd97466efa8ce5c2f4d1c38a64edb
2026-08-31T10:14:45.868+08:00[Asia/Shanghai]	142754693	query_economic_indicator_data	"{""question"":""M0075992"",""beginDate"":""2026-08-28"",""endDate"":""2026-08-31""}"	89b86aaa51d4cb68f89432dcce3346ca
2026-08-31T10:14:35.153+08:00[Asia/Shanghai]	142754693	query_economic_indicator_data	"{""question"":""M0075992"",""beginDate"":""2026-08-28"",""endDate"":""2026-08-31""}"	999338cdc30904f6444abf33776a1046
2026-08-31T10:14:34.647+08:00[Asia/Shanghai]	115178455	search_economic_indicator	"{""question"":""南充GDP相关指标""}"	d74d7a179891de821d00ff15a1cfd90d
2026-08-31T10:14:24.568+08:00[Asia/Shanghai]	116325376	query_economic_indicator_data	"{""question"":""美元兑人民币 汇率 最新"",""observation"":3}"	abef5ba44ba3ba7065dad2b64ba71cd3
2026-08-31T10:14:24.541+08:00[Asia/Shanghai]	142754693	query_economic_indicator_data	"{""question"":""M0075992"",""beginDate"":""2026-08-28"",""endDate"":""2026-08-31""}"	0736a14093d134719f1efe1844153ac3
2026-08-31T10:14:23.519+08:00[Asia/Shanghai]	116325376	query_economic_indicator_data	"{""question"":""美元兑人民币 汇率 最新"",""observation"":3}"	e11ea31a0f2fa6d2923874b071d015c1
2026-08-31T10:14:23.367+08:00[Asia/Shanghai]	116325376	query_economic_indicator_data	"{""question"":""LME铜 期货收盘价 最新"",""observation"":3}"	e7ad0be03d9bae5e54f540efc7ecfed3
2026-08-31T10:14:22.271+08:00[Asia/Shanghai]	116325376	query_economic_indicator_data	"{""question"":""LME铜 期货收盘价 最新"",""observation"":3}"	e574304c9a462b616c8cb929f6d5fb59
2026-08-31T10:14:22.129+08:00[Asia/Shanghai]	116325376	query_economic_indicator_data	"{""question"":""美国 国债收益率 10年 最新"",""observation"":3}"	562a1e50ba0906c68f279c97893c6dc7
2026-08-31T10:14:21.083+08:00[Asia/Shanghai]	116325376	query_economic_indicator_data	"{""question"":""美国 国债收益率 10年 最新"",""observation"":3}"	eac4a0e4ae05eef2a92eb1442c8a38ae
2026-08-31T10:14:20.947+08:00[Asia/Shanghai]	116325376	query_economic_indicator_data	"{""question"":""COMEX黄金 期货收盘价 最新"",""observation"":3}"	ae2d582f2237265371ef26dc44e10e60
2026-08-31T10:14:19.914+08:00[Asia/Shanghai]	116325376	query_economic_indicator_data	"{""question"":""COMEX黄金 期货收盘价 最新"",""observation"":3}"	373ddb3c0dffd57a0a1b47618d4dda67
2026-08-31T10:14:19.768+08:00[Asia/Shanghai]	116325376	query_economic_indicator_data	"{""question"":""布伦特原油 期货结算价 最新"",""observation"":3}"	95bc8fe4455348ce93f06408a4414504
2026-08-31T10:14:18.745+08:00[Asia/Shanghai]	144388429	query_economic_indicator_data	"{""question"":""上海黄金交易所AU9999现货黄金价格"",""beginDate"":""2016-08-19"",""endDate"":""2026-08-31""}"	abc2f51f370728ddf2cf4190fd705827
2026-08-31T10:14:18.716+08:00[Asia/Shanghai]	116325376	query_economic_indicator_data	"{""question"":""布伦特原油 期货结算价 最新"",""observation"":3}"	af8b76fe0f128fcf1221b21a3c83e4f9
2026-08-31T10:14:18.555+08:00[Asia/Shanghai]	116325376	query_economic_indicator_data	"{""question"":""美元指数 最新收盘价"",""observation"":3}"	c3292e3e365cc20f0c77737b94d9deaf
2026-08-31T10:14:15.625+08:00[Asia/Shanghai]	116325376	query_economic_indicator_data	"{""question"":""陆股通 当日成交金额 最新"",""observation"":2}"	e791c26e69edd0b31f288923a60a0a0f
2026-08-31T10:14:15.507+08:00[Asia/Shanghai]	116325376	query_economic_indicator_data	"{""question"":""美元指数 最新收盘价"",""observation"":3}"	ac184d5175e3cc8bcef0a0bfabf0fded
2026-08-31T10:14:14.583+08:00[Asia/Shanghai]	116325376	query_economic_indicator_data	"{""question"":""陆股通 当日成交金额 最新"",""observation"":2}"	8a112113e6445b83fd11ffd011c6eabb
2026-08-31T10:14:14.002+08:00[Asia/Shanghai]	142754693	query_economic_indicator_data	"{""question"":""M0075992"",""beginDate"":""2026-08-28"",""endDate"":""2026-08-31""}"	b585ed37b45a1607dc34b4ef0a4a06f1
2026-08-31T10:14:03.060+08:00[Asia/Shanghai]	142754693	query_economic_indicator_data	"{""question"":""M0075992"",""beginDate"":""2026-08-28"",""endDate"":""2026-08-31""}"	981eb145620bb54d7f157aab53e2c4a9
2026-08-31T10:13:52.229+08:00[Asia/Shanghai]	142754693	query_economic_indicator_data	"{""question"":""M0075992"",""beginDate"":""2026-08-28"",""endDate"":""2026-08-31""}"	a6f642dfcc311768b9aa3fe3c174d6ea
2026-08-31T10:13:41.543+08:00[Asia/Shanghai]	142754693	query_economic_indicator_data	"{""question"":""M0075992"",""beginDate"":""2026-08-28"",""endDate"":""2026-08-31""}"	5ad22938c639ace852a51b1f6cc88e94
2026-08-31T10:13:30.708+08:00[Asia/Shanghai]	142754693	query_economic_indicator_data	"{""question"":""M0075992"",""beginDate"":""2026-08-28"",""endDate"":""2026-08-31""}"	aad52eb2041efd33dd90f73a64117f07
2026-08-31T10:13:19.835+08:00[Asia/Shanghai]	142754693	query_economic_indicator_data	"{""question"":""M0075992"",""beginDate"":""2026-08-28"",""endDate"":""2026-08-31""}"	d2890f1a954e1857a5b55151cb311813
2026-08-31T10:13:17.293+08:00[Asia/Shanghai]	141425958	query_economic_indicator_data	"{""question"":""S0105520"",""beginDate"":""2026-08-27"",""endDate"":""2026-08-31""}"	e36aacfb606a7455bfb6fb4165d35c02
2026-08-31T10:13:14.113+08:00[Asia/Shanghai]	141425958	query_economic_indicator_data	"{""question"":""S0105520"",""beginDate"":""2026-08-27"",""endDate"":""2026-08-31""}"	66d2efe047521b9f4486391c9a3628b9
2026-08-31T10:13:08.872+08:00[Asia/Shanghai]	142754693	query_economic_indicator_data	"{""question"":""M0075992"",""beginDate"":""2026-08-28"",""endDate"":""2026-08-31""}"	443c7d092487af7f830d57b800567049
2026-08-31T10:12:59.160+08:00[Asia/Shanghai]	142754693	query_economic_indicator_data	"{""question"":""M0075992"",""beginDate"":""2026-08-28"",""endDate"":""2026-08-31""}"	a23e23ceecd01aa8981019a5754e9104
2026-08-31T10:12:48.848+08:00[Asia/Shanghai]	142754693	query_economic_indicator_data	"{""question"":""M0075992"",""beginDate"":""2026-08-28"",""endDate"":""2026-08-31""}"	eb78f6599706d275067243a197ed8bd4
2026-08-31T10:12:45.557+08:00[Asia/Shanghai]	144388429	query_economic_indicator_data	"{""question"":""上海黄金交易所AU9999现货黄金价格"",""beginDate"":""2016-08-19"",""endDate"":""2026-08-31""}"	ad6cb8e884fdd5335a3251757f56619a
2026-08-31T10:12:37.739+08:00[Asia/Shanghai]	142754693	query_economic_indicator_data	"{""question"":""M0075992"",""beginDate"":""2026-08-28"",""endDate"":""2026-08-31""}"	62c61be9f4f933f7320c68a2a9d68ef4
2026-08-31T10:12:26.584+08:00[Asia/Shanghai]	142754693	query_economic_indicator_data	"{""question"":""M0075992"",""beginDate"":""2026-08-28"",""endDate"":""2026-08-31""}"	6c1273de3f5526e005126e0057ff23cd
2026-08-31T10:12:20.402+08:00[Asia/Shanghai]	115363178	query_economic_indicator_data	"{""question"":""中债国债到期收益率10年"",""observation"":""10""}"	f01ec04bb0fae05a141030bef80ea6a7
2026-08-31T10:12:18.380+08:00[Asia/Shanghai]	115363178	query_economic_indicator_data	"{""question"":""M5201620"",""observation"":""3""}"	b58e65a2feb9ebbd32ca0024804b0056
2026-08-31T10:12:13.910+08:00[Asia/Shanghai]	143848357	query_economic_indicator_data	"{""question"":""S0186245"",""beginDate"":""2026-08-25"",""endDate"":""2026-08-28""}"	381a1a3c781ac3c7cf47c59d3dc5fd1f
2026-08-31T10:12:12.163+08:00[Asia/Shanghai]	142754693	query_economic_indicator_data	"{""question"":""M0075992"",""beginDate"":""2026-08-28"",""endDate"":""2026-08-31""}"	e6cdbd97fdb229e41979db91c721fcc3
2026-08-31T10:12:12.088+08:00[Asia/Shanghai]	143848357	query_economic_indicator_data	"{""question"":""S0186245"",""beginDate"":""2026-08-25"",""endDate"":""2026-08-28""}"	f82e87be84f3959fea8c00dda4992c63
2026-08-31T10:12:08.789+08:00[Asia/Shanghai]	143848357	query_economic_indicator_data	"{""question"":""M0075992"",""beginDate"":""2026-08-25"",""endDate"":""2026-08-28""}"	217879c1e75efac727bb999cbbdc6b52
2026-08-31T10:12:06.941+08:00[Asia/Shanghai]	143848357	query_economic_indicator_data	"{""question"":""M0075992"",""beginDate"":""2026-08-25"",""endDate"":""2026-08-28""}"	6d19e3527f2c034b4bd80007858588aa
2026-08-31T10:12:03.620+08:00[Asia/Shanghai]	143848357	query_economic_indicator_data	"{""question"":""M0331254"",""beginDate"":""2026-08-25"",""endDate"":""2026-08-28""}"	5cfc72bceb28ad43bdc92d0c0a9eaa4c
2026-08-31T10:12:01.726+08:00[Asia/Shanghai]	143848357	query_economic_indicator_data	"{""question"":""M0331254"",""beginDate"":""2026-08-25"",""endDate"":""2026-08-28""}"	08eff1f799a9f5fe5ecf72fcd904f1bd
2026-08-31T10:12:01.407+08:00[Asia/Shanghai]	142754693	query_economic_indicator_data	"{""question"":""M0075992"",""beginDate"":""2026-08-28"",""endDate"":""2026-08-31""}"	bd9578a8c1cc9f54cd91a85ad66f8e88
2026-08-31T10:11:54.598+08:00[Asia/Shanghai]	142754693	query_economic_indicator_data	"{""question"":""M0075992"",""beginDate"":""2026-08-28"",""endDate"":""2026-08-31""}"	cfc2cda5761a1aaae664c085a8a38565
2026-08-31T10:11:51.297+08:00[Asia/Shanghai]	143848357	query_economic_indicator_data	"{""question"":""M0340770"",""beginDate"":""2026-08-21"",""endDate"":""2026-08-28""}"	a01e32e7e22560d1bb6c72a45ab51d6c
2026-08-31T10:11:49.422+08:00[Asia/Shanghai]	143848357	query_economic_indicator_data	"{""question"":""M0340770"",""beginDate"":""2026-08-21"",""endDate"":""2026-08-28""}"	4379818aee7a948393c3155b71a746e2
2026-08-31T10:11:43.818+08:00[Asia/Shanghai]	142754693	query_economic_indicator_data	"{""question"":""M0075992"",""beginDate"":""2026-08-28"",""endDate"":""2026-08-31""}"	d7b64c978f7186ea52107698edfe3c99
2026-08-31T10:11:33.108+08:00[Asia/Shanghai]	142754693	query_economic_indicator_data	"{""question"":""M0075992"",""beginDate"":""2026-08-28"",""endDate"":""2026-08-31""}"	fd1c90b8ffe2c9cbe236854e1dff9345
2026-08-31T10:11:30.420+08:00[Asia/Shanghai]	115363178	query_economic_indicator_data	"{""question"":""贷款市场报价利率LPR 1年期和5年期以上"",""beginDate"":""2024-08-01"",""endDate"":""2026-08-31""}"	a36b7f4e195fd3f43589dc4086f5d722
2026-08-31T10:11:22.200+08:00[Asia/Shanghai]	142754693	query_economic_indicator_data	"{""question"":""M0075992"",""beginDate"":""2026-08-28"",""endDate"":""2026-08-31""}"	a0e3dc1756799b2d31d8ce3ff5884468
2026-08-31T10:11:11.237+08:00[Asia/Shanghai]	142754693	query_economic_indicator_data	"{""question"":""M0075992"",""beginDate"":""2026-08-28"",""endDate"":""2026-08-31""}"	a6d297c348e7ce7f4d845125e8eb4474
2026-08-31T10:11:00.269+08:00[Asia/Shanghai]	142754693	query_economic_indicator_data	"{""question"":""M0075992"",""beginDate"":""2026-08-28"",""endDate"":""2026-08-31""}"	69974ac1f6875c587f76dc6b4873f334
2026-08-31T10:10:57.802+08:00[Asia/Shanghai]	116325376	query_economic_indicator_data	"{""question"":""陆股通 当日成交金额 最新"",""observation"":2}"	4ff1441705c37eadd907b2681b33e34f
2026-08-31T10:10:56.759+08:00[Asia/Shanghai]	116325376	query_economic_indicator_data	"{""question"":""陆股通 当日成交金额 最新"",""observation"":2}"	88e608d5d9a8807f557a6a277648482a
2026-08-31T10:10:49.885+08:00[Asia/Shanghai]	115363178	search_economic_indicator	"{""question"":""中国贷款市场报价利率LPR 1年期和5年期以上""}"	a80ccce50a4862fc71de5fa36e9b7170
2026-08-31T10:10:49.631+08:00[Asia/Shanghai]	142754693	query_economic_indicator_data	"{""question"":""M0075992"",""beginDate"":""2026-08-28"",""endDate"":""2026-08-31""}"	9317ea48f77dc0073496666d21cd86dd
2026-08-31T10:10:39.508+08:00[Asia/Shanghai]	115363178	search_economic_indicator	"{""question"":""中国贷款市场报价利率LPR 1年期和5年期以上""}"	f4bb931ef1ec4b19be8af7304b29bf61
2026-08-31T10:10:39.064+08:00[Asia/Shanghai]	142754693	query_economic_indicator_data	"{""question"":""M0075992"",""beginDate"":""2026-08-28"",""endDate"":""2026-08-31""}"	cbc57954896faf902ae6c3b06368490a
2026-08-31T10:10:29.494+08:00[Asia/Shanghai]	115484702	search_economic_indicator	"{""question"":""美债10年期收益率 2026年8月""}"	96ae010e939b5b881b3f9d5ec9bb4526
2026-08-31T10:10:28.420+08:00[Asia/Shanghai]	142754693	query_economic_indicator_data	"{""question"":""M0075992"",""beginDate"":""2026-08-28"",""endDate"":""2026-08-31""}"	bef394c41beec43000740cb066c8e223
2026-08-31T10:10:22.310+08:00[Asia/Shanghai]	116325376	query_economic_indicator_data	"{""question"":""陆股通 当日成交金额 最新"",""observation"":2}"	88eff5984c0063b3019a677555380bab
2026-08-31T10:10:21.249+08:00[Asia/Shanghai]	116325376	query_economic_indicator_data	"{""question"":""陆股通 当日成交金额 最新"",""observation"":2}"	641f289a62bd0573e1cc5e6f55b78ff6
2026-08-31T10:10:19.100+08:00[Asia/Shanghai]	144388429	query_economic_indicator_data	"{""question"":""上海黄金交易所AU9999现货黄金价格"",""beginDate"":""2016-08-19"",""endDate"":""2026-08-31""}"	74f638d28fc670a539ee6a6be3f475be
2026-08-31T10:10:18.699+08:00[Asia/Shanghai]	142754693	query_economic_indicator_data	"{""question"":""M0075992"",""beginDate"":""2026-08-28"",""endDate"":""2026-08-31""}"	eee4957c9644b8ff5cd512cabedda158
2026-08-31T10:10:06.821+08:00[Asia/Shanghai]	142754693	query_economic_indicator_data	"{""question"":""M0075992"",""beginDate"":""2026-08-28"",""endDate"":""2026-08-31""}"	a98be2fdbfdd70cdda31f48447a89620
2026-08-31T10:09:56.001+08:00[Asia/Shanghai]	142754693	query_economic_indicator_data	"{""question"":""M0075992"",""beginDate"":""2026-08-28"",""endDate"":""2026-08-31""}"	f6f62e390383abb0c325e2956237cf0e
2026-08-31T10:09:45.123+08:00[Asia/Shanghai]	142754693	query_economic_indicator_data	"{""question"":""M0075992"",""beginDate"":""2026-08-28"",""endDate"":""2026-08-31""}"	c78c07d06cdf3c0d9a26defac4d776c3
2026-08-31T10:09:41.116+08:00[Asia/Shanghai]	114223546	query_economic_indicator_data	"{""question"":""M1004122"",""beginDate"":""2026-08-21"",""endDate"":""2026-08-28""}"	47e4c18f21a55b9cf12da97a7cf7a48d
2026-08-31T10:09:34.360+08:00[Asia/Shanghai]	142754693	query_economic_indicator_data	"{""question"":""M0075992"",""beginDate"":""2026-08-28"",""endDate"":""2026-08-31""}"	1abe13df64940d435a241a32828ecfd3
2026-08-31T10:09:23.721+08:00[Asia/Shanghai]	142754693	query_economic_indicator_data	"{""question"":""M0075992"",""beginDate"":""2026-08-28"",""endDate"":""2026-08-31""}"	3e6dc7e44f07e9a460294b99986aa9ef
2026-08-31T10:09:14.894+08:00[Asia/Shanghai]	144257706	search_economic_indicator	"{""question"":""上海黄金交易所银行间黄金询价掉期利率或黄金掉期点数""}"	7285d94d2e79f8c80ee15d1e2018b763
2026-08-31T10:09:13.212+08:00[Asia/Shanghai]	142754693	query_economic_indicator_data	"{""question"":""M0075992"",""beginDate"":""2026-08-28"",""endDate"":""2026-08-31""}"	d763d50ab18a461d21e70e4cc93b7b4f
2026-08-31T10:09:02.727+08:00[Asia/Shanghai]	142754693	query_economic_indicator_data	"{""question"":""M0075992"",""beginDate"":""2026-08-28"",""endDate"":""2026-08-31""}"	ac0a1010b13bd3a90a7db1eb6c8be487
2026-08-31T10:09:02.681+08:00[Asia/Shanghai]	143653256	query_economic_indicator_data	"{""question"":""COMEX黄金期货结算价近5个交易日"",""beginDate"":""2026-08-24"",""endDate"":""2026-08-31""}"	2eb67c684bdc92c2777dacd99f7c64b6
2026-08-31T10:09:02.421+08:00[Asia/Shanghai]	143653256	query_economic_indicator_data	"{""question"":""WTI原油期货结算价近5个交易日"",""beginDate"":""2026-08-24"",""endDate"":""2026-08-31""}"	2c04d5cabff946dff9eecb6938faeb8d
2026-08-31T10:08:52.080+08:00[Asia/Shanghai]	142754693	query_economic_indicator_data	"{""question"":""M0075992"",""beginDate"":""2026-08-28"",""endDate"":""2026-08-31""}"	291aca324a222d273b82db661024d831
2026-08-31T10:08:41.514+08:00[Asia/Shanghai]	142754693	query_economic_indicator_data	"{""question"":""M0075992"",""beginDate"":""2026-08-28"",""endDate"":""2026-08-31""}"	8859281b57f2b436e02a89673196625f
2026-08-31T10:08:30.983+08:00[Asia/Shanghai]	142754693	query_economic_indicator_data	"{""question"":""M0075992"",""beginDate"":""2026-08-28"",""endDate"":""2026-08-31""}"	905bfb51b84327d0cc1dee65eb349761
2026-08-31T10:08:27.933+08:00[Asia/Shanghai]	114065515	search_economic_indicator	"{""question"":""美国10年期国债实际利率""}"	7c7ef39d144894e757f0ab148156e288
2026-08-31T10:08:24.191+08:00[Asia/Shanghai]	114065515	query_economic_indicator_data	"{""question"":""伦敦金现货价格"",""beginDate"":""2026-07-01"",""endDate"":""2026-08-31""}"	fab772d5aa4cb13080a544357ae979c5
2026-08-31T10:08:20.033+08:00[Asia/Shanghai]	142754693	query_economic_indicator_data	"{""question"":""M0075992"",""beginDate"":""2026-08-28"",""endDate"":""2026-08-31""}"	d2a776913ddd8a334f67e278c38bffe1
2026-08-31T10:08:19.461+08:00[Asia/Shanghai]	141425958	query_economic_indicator_data	"{""question"":""S0105520"",""beginDate"":""2026-08-27"",""endDate"":""2026-08-31""}"	72c49447420c25e5b7e21b7bcf77aec2
2026-08-31T10:08:09.460+08:00[Asia/Shanghai]	142754693	query_economic_indicator_data	"{""question"":""M0075992"",""beginDate"":""2026-08-28"",""endDate"":""2026-08-31""}"	a46183bab539c5a1967ad4be9da959a7
2026-08-31T10:08:05.526+08:00[Asia/Shanghai]	143954903	search_economic_indicator	"{""question"":""中国10年期国债收益率""}"	23573adf045dd9a3d89adb701c7c275d
2026-08-31T10:08:04.851+08:00[Asia/Shanghai]	143954903	query_economic_indicator_data	"{""question"":""M1001654"",""observation"":""5""}"	eda7382aa57dfb1d26b96771a632e349
2026-08-31T10:08:02.012+08:00[Asia/Shanghai]	116325376	query_economic_indicator_data	"{""question"":""陆股通 当日成交金额 最新"",""observation"":2}"	56aee8b240b877f6061339721f01e480
2026-08-31T10:08:00.362+08:00[Asia/Shanghai]	116325376	query_economic_indicator_data	"{""question"":""陆股通 当日成交金额 最新"",""observation"":2}"	a534c45aaa708fe27797260d1c090013
2026-08-31T10:07:58.828+08:00[Asia/Shanghai]	142754693	query_economic_indicator_data	"{""question"":""M0075992"",""beginDate"":""2026-08-28"",""endDate"":""2026-08-31""}"	2380de86de8dfb685da64f3ad24cb5c7
2026-08-31T10:07:58.669+08:00[Asia/Shanghai]	144388429	query_economic_indicator_data	"{""question"":""上海黄金交易所AU9999现货黄金价格"",""beginDate"":""2016-08-19"",""endDate"":""2026-08-31""}"	de67106feebbc9d224ab36be985ef983
2026-08-31T10:07:57.624+08:00[Asia/Shanghai]	114065515	query_economic_indicator_data	"{""question"":""S0031645"",""beginDate"":""2026-07-01"",""endDate"":""2026-08-31""}"	48057eefa8ea9add68842755ca448a48
2026-08-31T10:07:57.227+08:00[Asia/Shanghai]	143954903	query_economic_indicator_data	"{""question"":""中国10年期国债收益率"",""observation"":""5""}"	a2fe5212f0b69c63ad6db32bc72060d2
2026-08-31T10:07:47.907+08:00[Asia/Shanghai]	142754693	query_economic_indicator_data	"{""question"":""M0075992"",""beginDate"":""2026-08-28"",""endDate"":""2026-08-31""}"	80262298949fc0d88cc7800ded99dd4e
2026-08-31T10:07:37.258+08:00[Asia/Shanghai]	142754693	query_economic_indicator_data	"{""question"":""M0075992"",""beginDate"":""2026-08-28"",""endDate"":""2026-08-31""}"	735712321db0be8b9c1e6217cb7d47a8
2026-08-31T10:07:32.531+08:00[Asia/Shanghai]	116325376	query_economic_indicator_data	"{""question"":""陆股通 当日成交金额 最新"",""observation"":2}"	5fd7b5888d1dec01fdc96607bb2623e1
2026-08-31T10:07:31.486+08:00[Asia/Shanghai]	116325376	query_economic_indicator_data	"{""question"":""陆股通 当日成交金额 最新"",""observation"":2}"	85b91f5ceb9e1b984cffdc1a61a3abb3
2026-08-31T10:07:26.462+08:00[Asia/Shanghai]	142754693	query_economic_indicator_data	"{""question"":""M0075992"",""beginDate"":""2026-08-28"",""endDate"":""2026-08-31""}"	c09c8b56c19babffe2a2f591152b4cd9
2026-08-31T10:07:15.682+08:00[Asia/Shanghai]	142754693	query_economic_indicator_data	"{""question"":""M0075992"",""beginDate"":""2026-08-28"",""endDate"":""2026-08-31""}"	12fe3a364fc5907711ee24db6d670b7e
2026-08-31T10:07:04.904+08:00[Asia/Shanghai]	142754693	query_economic_indicator_data	"{""question"":""M0075992"",""beginDate"":""2026-08-28"",""endDate"":""2026-08-31""}"	aec797097f6ad379db55a614722d1c04
2026-08-31T10:06:54.315+08:00[Asia/Shanghai]	142754693	query_economic_indicator_data	"{""question"":""M0075992"",""beginDate"":""2026-08-28"",""endDate"":""2026-08-31""}"	54421ecd1340870e6d1b7bfa916b90f4
2026-08-31T10:06:44.146+08:00[Asia/Shanghai]	142754693	query_economic_indicator_data	"{""question"":""M0075992"",""beginDate"":""2026-08-28"",""endDate"":""2026-08-31""}"	9ad6112dd279b9e0a74b092febfc23d0
2026-08-31T10:06:33.620+08:00[Asia/Shanghai]	142754693	query_economic_indicator_data	"{""question"":""M0075992"",""beginDate"":""2026-08-28"",""endDate"":""2026-08-31""}"	d83bb250d8fbedf607edbbdd5b5a36cc
2026-08-31T10:06:23.052+08:00[Asia/Shanghai]	142754693	query_economic_indicator_data	"{""question"":""M0075992"",""beginDate"":""2026-08-28"",""endDate"":""2026-08-31""}"	b5c523c1ee0fdcaf8e8001f6c2cc71fb
2026-08-31T10:06:12.519+08:00[Asia/Shanghai]	142754693	query_economic_indicator_data	"{""question"":""M0075992"",""beginDate"":""2026-08-28"",""endDate"":""2026-08-31""}"	6d88b56138f7509d1c9bcef7fbec1b3f
2026-08-31T10:05:57.978+08:00[Asia/Shanghai]	142754693	query_economic_indicator_data	"{""question"":""M0075992"",""beginDate"":""2026-08-28"",""endDate"":""2026-08-31""}"	29472a0c016f34bb2cc3d54e5e1f05ff
2026-08-31T10:05:51.092+08:00[Asia/Shanghai]	142754693	query_economic_indicator_data	"{""question"":""M0075992"",""beginDate"":""2026-08-28"",""endDate"":""2026-08-31""}"	a371d8e6ad7e3a67cc3bb098d2964af0
2026-08-31T10:05:40.253+08:00[Asia/Shanghai]	142754693	query_economic_indicator_data	"{""question"":""M0075992"",""beginDate"":""2026-08-28"",""endDate"":""2026-08-31""}"	6c13d05b9eee24505997ac5bd6d46cdd
2026-08-31T10:05:31.474+08:00[Asia/Shanghai]	100833040	query_economic_indicator_data	"{""question"":""DR007"",""beginDate"":""2021-01-01"",""endDate"":""2026-08-31""}"	68107183dcc471b2e6b26503c07e27ff
2026-08-31T10:05:30.865+08:00[Asia/Shanghai]	100833040	query_economic_indicator_data	"{""question"":""M1006337"",""beginDate"":""2021-01-01"",""endDate"":""2026-08-31""}"	e4720c5594758a5ba9c9d64963b63999
2026-08-31T10:05:30.503+08:00[Asia/Shanghai]	142754693	query_economic_indicator_data	"{""question"":""M0075992"",""beginDate"":""2026-08-28"",""endDate"":""2026-08-31""}"	0be4f5f2e99fa0bf32fc739076b06f1f
2026-08-31T10:05:25.160+08:00[Asia/Shanghai]	144282061	query_economic_indicator_data	"{""question"":""M0000169"",""beginDate"":""2026-07-01"",""endDate"":""2026-08-30""}"	51dead1c79804c612581cb1f1ed89a20
2026-08-31T10:05:19.375+08:00[Asia/Shanghai]	142754693	query_economic_indicator_data	"{""question"":""M0075992"",""beginDate"":""2026-08-28"",""endDate"":""2026-08-31""}"	97ee02d15d0243521b43612f2aaf19b2
2026-08-31T10:05:11.436+08:00[Asia/Shanghai]	100833040	query_economic_indicator_data	"{""question"":""深交所:股票流通市值:亿元"",""beginDate"":""2000-01-01"",""endDate"":""2026-08-31""}"	9bceb41a6754394d04d93c6fd16c8dd0
2026-08-31T10:05:10.833+08:00[Asia/Shanghai]	100833040	query_economic_indicator_data	"{""question"":""深交所:股票流通市值"",""beginDate"":""2000-01-01"",""endDate"":""2026-08-31""}"	605ce7006bdaa9b18dc943e96f6f99aa
2026-08-31T10:05:09.882+08:00[Asia/Shanghai]	100833040	query_economic_indicator_data	"{""question"":""U58fca266-8cac-4c1f-b840-0c11eaea89a1"",""beginDate"":""2000-01-01"",""endDate"":""2026-08-31""}"	11b580a414c950fe9264a0dce2946b37
2026-08-31T10:05:08.374+08:00[Asia/Shanghai]	142754693	query_economic_indicator_data	"{""question"":""M0075992"",""beginDate"":""2026-08-28"",""endDate"":""2026-08-31""}"	68bfa40d6a0d7dcabaecbeffd23bb573
2026-08-31T10:05:02.485+08:00[Asia/Shanghai]	144388429	query_economic_indicator_data	"{""question"":""上海黄金交易所AU9999现货黄金价格"",""beginDate"":""2016-08-19"",""endDate"":""2026-08-31""}"	878802feef658082426e45a7f3e04f01
2026-08-31T10:04:57.568+08:00[Asia/Shanghai]	142754693	query_economic_indicator_data	"{""question"":""M0075992"",""beginDate"":""2026-08-28"",""endDate"":""2026-08-31""}"	ce6d0b75cedb4a21ce25f741b422c6b8
2026-08-31T10:04:46.873+08:00[Asia/Shanghai]	142754693	query_economic_indicator_data	"{""question"":""M0075992"",""beginDate"":""2026-08-28"",""endDate"":""2026-08-31""}"	236a0585b241e2bf9ef0de7c46a56d01
2026-08-31T10:04:36.314+08:00[Asia/Shanghai]	142754693	query_economic_indicator_data	"{""question"":""M0075992"",""beginDate"":""2026-08-28"",""endDate"":""2026-08-31""}"	394cab5b0534f29944780d097c4a2318
2026-08-31T10:04:21.977+08:00[Asia/Shanghai]	142754693	query_economic_indicator_data	"{""question"":""M0075992"",""beginDate"":""2026-08-28"",""endDate"":""2026-08-31""}"	f5e242c184f347602f61d220acbbf3c9
2026-08-31T10:04:20.571+08:00[Asia/Shanghai]	144090103	query_economic_indicator_data	"{""question"":""M1006337"",""observation"":""5""}"	1f73c2871e0771542e7682f04278bf3a
2026-08-31T10:04:17.268+08:00[Asia/Shanghai]	144090103	query_economic_indicator_data	"{""question"":""M0041371"",""observation"":""5""}"	56b5ec3237c816863bb08756e67d3ec8
2026-08-31T10:04:15.094+08:00[Asia/Shanghai]	142754693	query_economic_indicator_data	"{""question"":""M0075992"",""beginDate"":""2026-08-28"",""endDate"":""2026-08-31""}"	8a32c1883b8bd97e00632e022d41ff4d
2026-08-31T10:04:06.689+08:00[Asia/Shanghai]	143904039	query_economic_indicator_data	"{""question"":""S0020692"",""beginDate"":""2026-07-01"",""endDate"":""2026-07-31""}"	1a62d0de61c9b78342d718f17ddf60a6
2026-08-31T10:04:01.768+08:00[Asia/Shanghai]	142754693	query_economic_indicator_data	"{""question"":""M0075992"",""beginDate"":""2026-08-28"",""endDate"":""2026-08-31""}"	bc31459b571e048f63744c5fde9527b3
2026-08-31T10:03:55.201+08:00[Asia/Shanghai]	144090103	query_economic_indicator_data	"{""question"":""M1006337,M0041371,M0017142,M0096870"",""observation"":""10""}"	be1c567d71c24a02c3ee18cee9d53941
2026-08-31T10:03:54.305+08:00[Asia/Shanghai]	142754693	query_economic_indicator_data	"{""question"":""M0075992"",""beginDate"":""2026-08-28"",""endDate"":""2026-08-31""}"	8253b5b63150aeb389e46d100c14d53f
2026-08-31T10:03:54.066+08:00[Asia/Shanghai]	144257706	search_economic_indicator	"{""question"":""伦敦金现货价格与伦敦银现货价格日度指标""}"	9505f43ef349de578c558d0571ddfd6b
2026-08-31T10:03:47.618+08:00[Asia/Shanghai]	100833040	query_economic_indicator_data	"{""question"":""FR007IRS1Y"",""beginDate"":""2000-01-01"",""endDate"":""2026-08-31""}"	d3f7678e31c474f279172dfa6cb0ccd8
2026-08-31T10:03:46.971+08:00[Asia/Shanghai]	100833040	query_economic_indicator_data	"{""question"":""利率互换FR007:1年"",""beginDate"":""2000-01-01"",""endDate"":""2026-08-31""}"	efa7fc75d01cbcd430a265065d0ef8b7
2026-08-31T10:03:46.217+08:00[Asia/Shanghai]	100833040	query_economic_indicator_data	"{""question"":""利率互换:FR007:1年"",""beginDate"":""2000-01-01"",""endDate"":""2026-08-31""}"	76c73b7962075a3ebd2103ed2fc37de0
2026-08-31T10:03:45.098+08:00[Asia/Shanghai]	100833040	query_economic_indicator_data	"{""question"":""L001619014"",""beginDate"":""2000-01-01"",""endDate"":""2026-08-31""}"	2bee3d227b595efb4a7e5f752949f309
2026-08-31T10:03:40.147+08:00[Asia/Shanghai]	142754693	query_economic_indicator_data	"{""question"":""M0075992"",""beginDate"":""2026-08-28"",""endDate"":""2026-08-31""}"	1aeb8a50178cca77aae1cd6dc7b14e22
2026-08-31T10:03:33.120+08:00[Asia/Shanghai]	142754693	query_economic_indicator_data	"{""question"":""M0075992"",""beginDate"":""2026-08-28"",""endDate"":""2026-08-31""}"	67ae99c42587a3b364f1b4c13eb299e8
2026-08-31T10:03:23.631+08:00[Asia/Shanghai]	115484702	query_economic_indicator_data	"{""question"":""美债10年期收益率"",""beginDate"":""2026-08-25"",""endDate"":""2026-08-29""}"	e581d6c5f28c04a2c41ef0f5665a5711
2026-08-31T10:03:22.271+08:00[Asia/Shanghai]	142754693	query_economic_indicator_data	"{""question"":""M0075992"",""beginDate"":""2026-08-28"",""endDate"":""2026-08-31""}"	f3b44513e0104e4da4cb7dde82a4bd01
2026-08-31T10:03:15.696+08:00[Asia/Shanghai]	143904039	query_economic_indicator_data	"{""question"":""S0000364,S0020692,S0014182"",""beginDate"":""2026-07-01"",""endDate"":""2026-07-31""}"	97a0434c0e23c6065905dde0ee6229ff
2026-08-31T10:03:11.519+08:00[Asia/Shanghai]	142754693	query_economic_indicator_data	"{""question"":""M0075992"",""beginDate"":""2026-08-28"",""endDate"":""2026-08-31""}"	af676e440f592bd93cde162b1ed739d9
2026-08-31T10:03:01.868+08:00[Asia/Shanghai]	142754693	query_economic_indicator_data	"{""question"":""M0075992"",""beginDate"":""2026-08-28"",""endDate"":""2026-08-31""}"	e207610d40a96f5016c5b40f63346d9e
2026-08-31T10:02:57.812+08:00[Asia/Shanghai]	114017260	query_economic_indicator_data	"{""question"":""M0075992,M0061606,M0061610"",""observation"":""10""}"	de782dec3e5cb3ef65c3b19e779c9be2
2026-08-31T10:02:50.755+08:00[Asia/Shanghai]	142754693	query_economic_indicator_data	"{""question"":""M0075992"",""beginDate"":""2026-08-28"",""endDate"":""2026-08-31""}"	00ed3ccec1f6eaa6c4e64f91c69a3a78
2026-08-31T10:02:45.544+08:00[Asia/Shanghai]	114017260	query_economic_indicator_data	"{""question"":""M0075992"",""beginDate"":""2026-08-25"",""endDate"":""2026-08-31""}"	c9ad0544d0b7746c54f90b6de5ead57b
2026-08-31T10:02:45.251+08:00[Asia/Shanghai]	115484702	query_economic_indicator_data	"{""question"":""美债10年期收益率 2026-08-28"",""beginDate"":""2026-08-25"",""endDate"":""2026-08-28""}"	ee64af6054251b7fdb9f37a538618ca8
2026-08-31T10:02:41.004+08:00[Asia/Shanghai]	142754693	query_economic_indicator_data	"{""question"":""M0075992"",""beginDate"":""2026-08-28"",""endDate"":""2026-08-31""}"	19c4c701bf32fd715d5ca2ea994f5ba9
2026-08-31T10:02:30.860+08:00[Asia/Shanghai]	142754693	query_economic_indicator_data	"{""question"":""M0075992"",""beginDate"":""2026-08-28"",""endDate"":""2026-08-31""}"	b6e78282454104dff2782757c663ea03
2026-08-31T10:02:23.231+08:00[Asia/Shanghai]	143904039	query_economic_indicator_data	"{""question"":""M5767838,S0000364"",""beginDate"":""2026-07-01"",""endDate"":""2026-07-31""}"	847a877d3d4ca0adb145cf3852fbda8b
2026-08-31T10:02:19.825+08:00[Asia/Shanghai]	142754693	query_economic_indicator_data	"{""question"":""M0075992"",""beginDate"":""2026-08-28"",""endDate"":""2026-08-31""}"	9874ffbcab5d2ec8fa9cf58c7a97dcec
2026-08-31T10:02:09.874+08:00[Asia/Shanghai]	142754693	query_economic_indicator_data	"{""question"":""M0075992"",""beginDate"":""2026-08-28"",""endDate"":""2026-08-31""}"	25f29fd7b592e0a300766cba8b203fb1
2026-08-31T10:01:55.158+08:00[Asia/Shanghai]	142754693	query_economic_indicator_data	"{""question"":""M0075992"",""beginDate"":""2026-08-28"",""endDate"":""2026-08-31""}"	3eaa1e7ef4421c30876c2a6e0da2515f
2026-08-31T10:01:51.897+08:00[Asia/Shanghai]	141426394	query_economic_indicator_data	"{""question"":""M5525763"",""beginDate"":""2023-01-01"",""endDate"":""2026-08-31""}"	71c09dd2b0aa51cc9b2acbe3a5649eeb
2026-08-31T10:01:49.364+08:00[Asia/Shanghai]	141426394	query_economic_indicator_data	"{""question"":""M5525763"",""beginDate"":""2023-01-01"",""endDate"":""2026-08-31""}"	b75e8a9dd60a3786111e326db0fb252b
2026-08-31T10:01:46.749+08:00[Asia/Shanghai]	141426394	query_economic_indicator_data	"{""question"":""M0001385"",""beginDate"":""2023-01-01"",""endDate"":""2026-08-31""}"	4a3db1a9c6bd41f66f6d150823f23438
2026-08-31T10:01:44.376+08:00[Asia/Shanghai]	142754693	query_economic_indicator_data	"{""question"":""M0075992"",""beginDate"":""2026-08-28"",""endDate"":""2026-08-31""}"	6448a50818cb11af381d1e16140d5d45
2026-08-31T10:01:44.160+08:00[Asia/Shanghai]	141426394	query_economic_indicator_data	"{""question"":""M0001385"",""beginDate"":""2023-01-01"",""endDate"":""2026-08-31""}"	654487b9486ac8f48257b1d96c123870
2026-08-31T10:01:41.570+08:00[Asia/Shanghai]	141426394	query_economic_indicator_data	"{""question"":""M0001227"",""beginDate"":""2023-01-01"",""endDate"":""2026-08-31""}"	6d783e2950be96f992a548d23465cacc
2026-08-31T10:01:39.014+08:00[Asia/Shanghai]	141426394	query_economic_indicator_data	"{""question"":""M0001227"",""beginDate"":""2023-01-01"",""endDate"":""2026-08-31""}"	64b6e9d9ba9aca9bbb1bb819b7d9469d
2026-08-31T10:01:37.222+08:00[Asia/Shanghai]	142754693	query_economic_indicator_data	"{""question"":""M0075992"",""beginDate"":""2026-08-28"",""endDate"":""2026-08-31""}"	05917021c8b97807cf69faab1c30f2a4
2026-08-31T10:01:36.580+08:00[Asia/Shanghai]	141426394	query_economic_indicator_data	"{""question"":""M0000612"",""beginDate"":""2023-01-01"",""endDate"":""2026-08-31""}"	bbc09d4d3a593a551ee2cd7923251393
2026-08-31T10:01:34.195+08:00[Asia/Shanghai]	141426394	query_economic_indicator_data	"{""question"":""M0000612"",""beginDate"":""2023-01-01"",""endDate"":""2026-08-31""}"	9798dd961aae5cb46d526d4c676083dd
2026-08-31T10:01:31.826+08:00[Asia/Shanghai]	141426394	query_economic_indicator_data	"{""question"":""M0001428"",""beginDate"":""2023-01-01"",""endDate"":""2026-08-31""}"	ff1eb338ad51e5b50e3e4c6dcf59f196
2026-08-31T10:01:29.492+08:00[Asia/Shanghai]	141426394	query_economic_indicator_data	"{""question"":""M0001428"",""beginDate"":""2023-01-01"",""endDate"":""2026-08-31""}"	b60042e0e0b95078c9f3e7b7b644d2b3
2026-08-31T10:01:27.497+08:00[Asia/Shanghai]	142754693	query_economic_indicator_data	"{""question"":""M0075992"",""beginDate"":""2026-08-28"",""endDate"":""2026-08-31""}"	aa2a679ab38f3219070d6b83549db6c3
2026-08-31T10:01:24.764+08:00[Asia/Shanghai]	141426394	query_economic_indicator_data	"{""question"":""S0029657"",""beginDate"":""2023-01-01"",""endDate"":""2026-08-31""}"	22a52a850af541f36f9bb303f1b1df3f
2026-08-31T10:01:23.368+08:00[Asia/Shanghai]	141426394	query_economic_indicator_data	"{""question"":""S0029657"",""beginDate"":""2023-01-01"",""endDate"":""2026-08-31""}"	580bc1b7eaa95cd9e4a7a0b0db06f97b
2026-08-31T10:01:22.270+08:00[Asia/Shanghai]	141426394	query_economic_indicator_data	"{""question"":""M0000357"",""beginDate"":""2023-01-01"",""endDate"":""2026-08-31""}"	62763d61089447b86b46592704ac4c30
2026-08-31T10:01:19.744+08:00[Asia/Shanghai]	141426394	query_economic_indicator_data	"{""question"":""M0000357"",""beginDate"":""2023-01-01"",""endDate"":""2026-08-31""}"	494e2c15ded927eb16e98eb961d90609
2026-08-31T10:01:17.420+08:00[Asia/Shanghai]	141426394	query_economic_indicator_data	"{""question"":""M5440435"",""beginDate"":""2023-01-01"",""endDate"":""2026-08-31""}"	6a661b62320c5f1ee43345ad4a0bce37
2026-08-31T10:01:15.036+08:00[Asia/Shanghai]	141426394	query_economic_indicator_data	"{""question"":""M5440435"",""beginDate"":""2023-01-01"",""endDate"":""2026-08-31""}"	b56827fd3fe638382ed437e89f61d60d
2026-08-31T10:01:12.553+08:00[Asia/Shanghai]	142754693	query_economic_indicator_data	"{""question"":""M0075992"",""beginDate"":""2026-08-28"",""endDate"":""2026-08-31""}"	9f667616bd55650206984a6bafc6ab65
2026-08-31T10:01:08.980+08:00[Asia/Shanghai]	141426394	query_economic_indicator_data	"{""question"":""M0000607"",""beginDate"":""2023-01-01"",""endDate"":""2026-08-31""}"	578c281329eb8abd1936ff582079b27a
2026-08-31T10:01:08.003+08:00[Asia/Shanghai]	141426394	query_economic_indicator_data	"{""question"":""M0000545"",""beginDate"":""2023-01-01"",""endDate"":""2026-08-31""}"	2ae97334855847c7042ea81176b94536
2026-08-31T10:01:06.614+08:00[Asia/Shanghai]	141426394	query_economic_indicator_data	"{""question"":""M0000607"",""beginDate"":""2023-01-01"",""endDate"":""2026-08-31""}"	0595c4088771a396818b17dc0eea267c
2026-08-31T10:01:05.639+08:00[Asia/Shanghai]	142754693	query_economic_indicator_data	"{""question"":""M0075992"",""beginDate"":""2026-08-28"",""endDate"":""2026-08-31""}"	1a84a4a3b0d63669326c6fe16818379c
2026-08-31T10:01:05.468+08:00[Asia/Shanghai]	141426394	query_economic_indicator_data	"{""question"":""M0000545"",""beginDate"":""2023-01-01"",""endDate"":""2026-08-31""}"	a28cedbc3c7cfb1ad1c1fdeecfe77dab
2026-08-31T10:00:54.931+08:00[Asia/Shanghai]	142754693	query_economic_indicator_data	"{""question"":""M0075992"",""beginDate"":""2026-08-28"",""endDate"":""2026-08-31""}"	a083bbe97d3c61fb59e5d83b4f4d8bb3
2026-08-31T10:00:45.076+08:00[Asia/Shanghai]	142754693	query_economic_indicator_data	"{""question"":""M0075992"",""beginDate"":""2026-08-28"",""endDate"":""2026-08-31""}"	6edd1a6ea03a960f07201c798d8b2dba
2026-08-31T10:00:33.975+08:00[Asia/Shanghai]	142754693	query_economic_indicator_data	"{""question"":""M0075992"",""beginDate"":""2026-08-28"",""endDate"":""2026-08-31""}"	1684b690b2b3c45e3287c84744f81b29
2026-08-31T10:00:24.509+08:00[Asia/Shanghai]	144407880	query_economic_indicator_data	"{""question"":""X0595991"",""beginDate"":""2026-05-01"",""endDate"":""2026-08-31""}"	38216154d67fd312e431668803954ad8
2026-08-31T10:00:23.087+08:00[Asia/Shanghai]	142754693	query_economic_indicator_data	"{""question"":""M0075992"",""beginDate"":""2026-08-28"",""endDate"":""2026-08-31""}"	30d2e462e02e78b526e6df21b251df68
2026-08-31T10:00:22.594+08:00[Asia/Shanghai]	144407880	query_economic_indicator_data	"{""question"":""X0595991"",""beginDate"":""2026-05-01"",""endDate"":""2026-08-31""}"	c6265579be23ded921c8ee36b0d5c873
2026-08-31T10:00:21.411+08:00[Asia/Shanghai]	144407880	query_economic_indicator_data	"{""question"":""X0595991"",""beginDate"":""2026-05-01"",""endDate"":""2026-08-31""}"	4b9b8ad47283bafb3b1bc4646fa315ca
2026-08-31T10:00:20.874+08:00[Asia/Shanghai]	144407880	query_economic_indicator_data	"{""question"":""S0213047"",""beginDate"":""2026-05-01"",""endDate"":""2026-08-31""}"	54461c138a607e0000a19b1c23fc7ef7
2026-08-31T10:00:18.914+08:00[Asia/Shanghai]	144407880	query_economic_indicator_data	"{""question"":""S0213047"",""beginDate"":""2026-05-01"",""endDate"":""2026-08-31""}"	cb5313a5af6a6d074e2185ddcfcf136b
2026-08-31T10:00:17.756+08:00[Asia/Shanghai]	144407880	query_economic_indicator_data	"{""question"":""S0213047"",""beginDate"":""2026-05-01"",""endDate"":""2026-08-31""}"	cf32cce0146d36c9afd4b0953ec48f40
2026-08-31T10:00:17.220+08:00[Asia/Shanghai]	144407880	query_economic_indicator_data	"{""question"":""S0213046"",""beginDate"":""2026-05-01"",""endDate"":""2026-08-31""}"	7d9b39f2e527629df092b47aac8985c6
2026-08-31T10:00:14.119+08:00[Asia/Shanghai]	144407880	query_economic_indicator_data	"{""question"":""S0213046"",""beginDate"":""2026-05-01"",""endDate"":""2026-08-31""}"	6b30dc0c77979e036b039e5ae11d43c1
2026-08-31T10:00:13.421+08:00[Asia/Shanghai]	144407880	query_economic_indicator_data	"{""question"":""S0181373"",""beginDate"":""2026-05-01"",""endDate"":""2026-08-31""}"	d53e18aede2ac1baedc423656abe28c7
2026-08-31T10:00:12.395+08:00[Asia/Shanghai]	142754693	query_economic_indicator_data	"{""question"":""M0075992"",""beginDate"":""2026-08-28"",""endDate"":""2026-08-31""}"	2a1da57aada7b9b6db7ad850a1685178
2026-08-31T10:00:11.548+08:00[Asia/Shanghai]	144407880	query_economic_indicator_data	"{""question"":""S0213046"",""beginDate"":""2026-05-01"",""endDate"":""2026-08-31""}"	2d981606463405a83225fd7ce7979496
2026-08-31T10:00:01.427+08:00[Asia/Shanghai]	142754693	query_economic_indicator_data	"{""question"":""M0075992"",""beginDate"":""2026-08-28"",""endDate"":""2026-08-31""}"	207ad20835e282630295341166ebf30a
2026-08-31T09:59:55.158+08:00[Asia/Shanghai]	144407880	query_economic_indicator_data	"{""question"":""S0181373"",""beginDate"":""2026-05-01"",""endDate"":""2026-08-31""}"	69fde14b1dfe77fafe14b88ebbe3b9d5
2026-08-31T09:59:53.895+08:00[Asia/Shanghai]	144407880	query_economic_indicator_data	"{""question"":""S0181373"",""beginDate"":""2026-05-01"",""endDate"":""2026-08-31""}"	1b07417582581ad8799da8564fd45fa5
2026-08-31T09:59:50.701+08:00[Asia/Shanghai]	142754693	query_economic_indicator_data	"{""question"":""M0075992"",""beginDate"":""2026-08-28"",""endDate"":""2026-08-31""}"	61b15b75a62023660bd56c079b7512d2
2026-08-31T09:59:43.051+08:00[Asia/Shanghai]	112255236	query_economic_indicator_data	"{""question"":""M1002617"",""beginDate"":""2026-08-01"",""endDate"":""2026-08-31""}"	489e2d32948ac9c48b31fa7f3f343e21
2026-08-31T09:59:36.446+08:00[Asia/Shanghai]	142754693	query_economic_indicator_data	"{""question"":""M0075992"",""beginDate"":""2026-08-28"",""endDate"":""2026-08-31""}"	775aedd1f49f49ef8a507cd4ab2233af
2026-08-31T09:59:29.958+08:00[Asia/Shanghai]	112255236	query_economic_indicator_data	"{""question"":""中国:CPI:当月同比"",""beginDate"":""2026-07-01"",""endDate"":""2026-07-31""}"	8ce9bd713f6f43c1e0fcc388f5ea842b
2026-08-31T09:59:25.756+08:00[Asia/Shanghai]	142754693	query_economic_indicator_data	"{""question"":""M0075992"",""beginDate"":""2026-08-28"",""endDate"":""2026-08-31""}"	6d876574e7bb321545dadc5efa70406a
2026-08-31T09:59:19.376+08:00[Asia/Shanghai]	112255236	query_economic_indicator_data	"{""question"":""中国:CPI:当月同比"",""beginDate"":""2026-08-01"",""endDate"":""2026-08-31""}"	b97e305bac904193c3a66a0ecfea573d
2026-08-31T09:59:18.594+08:00[Asia/Shanghai]	142754693	query_economic_indicator_data	"{""question"":""M0075992"",""beginDate"":""2026-08-28"",""endDate"":""2026-08-31""}"	e3d8c27912017ffbe08c3aa6138992f6
2026-08-31T09:59:09.010+08:00[Asia/Shanghai]	142754693	query_economic_indicator_data	"{""question"":""M0075992"",""beginDate"":""2026-08-28"",""endDate"":""2026-08-31""}"	54456361d4b24c79c155bdefed52d939
2026-08-31T09:58:57.758+08:00[Asia/Shanghai]	144407880	query_economic_indicator_data	"{""question"":""S0031648"",""beginDate"":""2026-01-01"",""endDate"":""2026-08-31""}"	8d420b6d20426853cf9fd4308bb46a57
2026-08-31T09:58:55.847+08:00[Asia/Shanghai]	144407880	query_economic_indicator_data	"{""question"":""S0031648"",""beginDate"":""2026-01-01"",""endDate"":""2026-08-31""}"	b984803c8d06fcabb4de3bcfc4349249
2026-08-31T09:58:54.767+08:00[Asia/Shanghai]	144407880	query_economic_indicator_data	"{""question"":""S0031648"",""beginDate"":""2026-01-01"",""endDate"":""2026-08-31""}"	e92560df49f22905a85c252f0709d4ea
2026-08-31T09:58:54.164+08:00[Asia/Shanghai]	144407880	query_economic_indicator_data	"{""question"":""S0031648"",""beginDate"":""2025-01-01"",""endDate"":""2025-12-31""}"	1b9af81847eb2d669ce9267abc16acb9
2026-08-31T09:58:53.765+08:00[Asia/Shanghai]	142754693	query_economic_indicator_data	"{""question"":""M0075992"",""beginDate"":""2026-08-28"",""endDate"":""2026-08-31""}"	51d941afda66acc07f48621fded7cc32
2026-08-31T09:58:52.223+08:00[Asia/Shanghai]	144407880	query_economic_indicator_data	"{""question"":""S0031648"",""beginDate"":""2025-01-01"",""endDate"":""2025-12-31""}"	2a140e0b59e19bd37106d535329b7b85
2026-08-31T09:58:51.066+08:00[Asia/Shanghai]	144407880	query_economic_indicator_data	"{""question"":""S0031648"",""beginDate"":""2025-01-01"",""endDate"":""2025-12-31""}"	30d7003a55cbc1baac02c742afa187e0
2026-08-31T09:58:50.529+08:00[Asia/Shanghai]	144407880	query_economic_indicator_data	"{""question"":""S0031648"",""beginDate"":""2024-01-01"",""endDate"":""2024-12-31""}"	6353f987c0b2afb81fdae3d5aead0dc6
2026-08-31T09:58:46.754+08:00[Asia/Shanghai]	144407880	query_economic_indicator_data	"{""question"":""S0031648"",""beginDate"":""2023-01-01"",""endDate"":""2023-12-31""}"	b21f8d5ed7ef6463f329be7ae0bfbfc9
2026-08-31T09:58:44.777+08:00[Asia/Shanghai]	144407880	query_economic_indicator_data	"{""question"":""S0031648"",""beginDate"":""2024-01-01"",""endDate"":""2024-12-31""}"	30225997336416ad4f201554a644cd80
2026-08-31T09:58:44.750+08:00[Asia/Shanghai]	144407880	query_economic_indicator_data	"{""question"":""S0031648"",""beginDate"":""2023-01-01"",""endDate"":""2023-12-31""}"	a21dc0806d29575e5cf56092ee07a734
2026-08-31T09:58:43.600+08:00[Asia/Shanghai]	144407880	query_economic_indicator_data	"{""question"":""S0031648"",""beginDate"":""2023-01-01"",""endDate"":""2023-12-31""}"	1f7b4c34ccb97250a25a30d107239ea6
2026-08-31T09:58:43.547+08:00[Asia/Shanghai]	144407880	query_economic_indicator_data	"{""question"":""S0031648"",""beginDate"":""2024-01-01"",""endDate"":""2024-12-31""}"	439dee5952dc38efe614fb186d6902c0
2026-08-31T09:58:43.228+08:00[Asia/Shanghai]	142754693	query_economic_indicator_data	"{""question"":""M0075992"",""beginDate"":""2026-08-28"",""endDate"":""2026-08-31""}"	ae5a8cedc7cae874b19a2f2a93ed49e0
2026-08-31T09:58:43.091+08:00[Asia/Shanghai]	144407880	query_economic_indicator_data	"{""question"":""S0031648"",""beginDate"":""2022-01-01"",""endDate"":""2022-12-31""}"	9ad679cf25a404937dd4a4b993b90f9f
2026-08-31T09:58:39.313+08:00[Asia/Shanghai]	144407880	query_economic_indicator_data	"{""question"":""S0031648"",""beginDate"":""2021-01-01"",""endDate"":""2021-12-31""}"	db4548e9d6c3bb702765ede41e50a67f
2026-08-31T09:58:37.431+08:00[Asia/Shanghai]	144407880	query_economic_indicator_data	"{""question"":""S0031648"",""beginDate"":""2022-01-01"",""endDate"":""2022-12-31""}"	98751f98d9327c81c1ffe280760477e8
2026-08-31T09:58:37.398+08:00[Asia/Shanghai]	144407880	query_economic_indicator_data	"{""question"":""S0031648"",""beginDate"":""2021-01-01"",""endDate"":""2021-12-31""}"	89184efa0fbf3596bc136a40e81c1ec1
2026-08-31T09:58:36.423+08:00[Asia/Shanghai]	142754693	query_economic_indicator_data	"{""question"":""M0075992"",""beginDate"":""2026-08-28"",""endDate"":""2026-08-31""}"	3433bcb6373ee7a046c547937214b7c8
2026-08-31T09:58:36.310+08:00[Asia/Shanghai]	144407880	query_economic_indicator_data	"{""question"":""S0031648"",""beginDate"":""2022-01-01"",""endDate"":""2022-12-31""}"	ba637bb848c70fcd49ea38024a68426a
2026-08-31T09:58:36.267+08:00[Asia/Shanghai]	144407880	query_economic_indicator_data	"{""question"":""S0031648"",""beginDate"":""2021-01-01"",""endDate"":""2021-12-31""}"	610dfd3a5d2d1f21fab6a973a98fc361
2026-08-31T09:58:33.845+08:00[Asia/Shanghai]	144407880	query_economic_indicator_data	"{""question"":""S0031648"",""beginDate"":""2021-01-01"",""endDate"":""2026-08-31""}"	bc1a86c5171c9d7c3865772885ad6f6a
2026-08-31T09:58:32.727+08:00[Asia/Shanghai]	144407880	query_economic_indicator_data	"{""question"":""S0031648"",""beginDate"":""2021-01-01"",""endDate"":""2026-08-31""}"	822236d09723054f136879170aa5022c
2026-08-31T09:58:32.259+08:00[Asia/Shanghai]	144407880	query_economic_indicator_data	"{""question"":""S0031645"",""beginDate"":""2026-01-01"",""endDate"":""2026-08-31""}"	3917e7e52a578f1cec60c4a0c3976253
2026-08-31T09:58:31.993+08:00[Asia/Shanghai]	144407880	query_economic_indicator_data	"{""question"":""S0031648"",""beginDate"":""2021-01-01"",""endDate"":""2026-08-31""}"	711c2fa126a4f931d3898b51f78acd02
2026-08-31T09:58:29.225+08:00[Asia/Shanghai]	144407880	query_economic_indicator_data	"{""question"":""S0031645"",""beginDate"":""2026-01-01"",""endDate"":""2026-08-31""}"	50011cf0b04354add9708891f1253bb5
2026-08-31T09:58:26.608+08:00[Asia/Shanghai]	144407880	query_economic_indicator_data	"{""question"":""S0031645"",""beginDate"":""2026-01-01"",""endDate"":""2026-08-31""}"	da303101e036ccc6662937d066663f57
2026-08-31T09:58:26.369+08:00[Asia/Shanghai]	144407880	query_economic_indicator_data	"{""question"":""S0031645"",""beginDate"":""2025-01-01"",""endDate"":""2025-12-31""}"	3039be344111d70527792f9fe069f3d4
2026-08-31T09:58:25.879+08:00[Asia/Shanghai]	142754693	query_economic_indicator_data	"{""question"":""M0075992"",""beginDate"":""2026-08-28"",""endDate"":""2026-08-31""}"	386a586be08f9d07649e472ad4e8c2c4
2026-08-31T09:58:25.216+08:00[Asia/Shanghai]	144407880	query_economic_indicator_data	"{""question"":""S0031645"",""beginDate"":""2025-01-01"",""endDate"":""2025-12-31""}"	67c4cbe90606ed0b83c7936e3e44c139
2026-08-31T09:58:24.706+08:00[Asia/Shanghai]	144407880	query_economic_indicator_data	"{""question"":""S0031645"",""beginDate"":""2024-01-01"",""endDate"":""2024-12-31""}"	e8ca7ba25ae4e5f88a82e812f239e9f1
2026-08-31T09:58:24.551+08:00[Asia/Shanghai]	144407880	query_economic_indicator_data	"{""question"":""S0031645"",""beginDate"":""2025-01-01"",""endDate"":""2025-12-31""}"	ad1cd07b22444f115eab5858053f6c45
2026-08-31T09:58:22.781+08:00[Asia/Shanghai]	144407880	query_economic_indicator_data	"{""question"":""S0031645"",""beginDate"":""2024-01-01"",""endDate"":""2024-12-31""}"	116e6f40ef733c8dd20b1a57dd5f4356
2026-08-31T09:58:21.350+08:00[Asia/Shanghai]	144407880	query_economic_indicator_data	"{""question"":""S0031645"",""beginDate"":""2024-01-01"",""endDate"":""2024-12-31""}"	8c3ae9511f09d225ebb8cae1e599884e
2026-08-31T09:58:17.768+08:00[Asia/Shanghai]	144407880	query_economic_indicator_data	"{""question"":""S0031645"",""beginDate"":""2023-01-01"",""endDate"":""2023-12-31""}"	6d6b384ba06d8304ceefb7a6719c6527
2026-08-31T09:58:17.099+08:00[Asia/Shanghai]	144407880	query_economic_indicator_data	"{""question"":""S0031645"",""beginDate"":""2023-01-01"",""endDate"":""2023-12-31""}"	98f613bd9db4e4bb0a76bc2624e8291b
2026-08-31T09:58:16.956+08:00[Asia/Shanghai]	138152793	search_economic_indicator	"{""question"":""中国10年期国债到期收益率""}"	440dea66dd7076f8e60dc19749da68fb
2026-08-31T09:58:15.360+08:00[Asia/Shanghai]	144407880	query_economic_indicator_data	"{""question"":""S0031645"",""beginDate"":""2022-01-01"",""endDate"":""2022-12-31""}"	5f8f207125f4ef5a4bab61051117ed12
2026-08-31T09:58:15.190+08:00[Asia/Shanghai]	142754693	query_economic_indicator_data	"{""question"":""M0075992"",""beginDate"":""2026-08-28"",""endDate"":""2026-08-31""}"	bf15761fe7421bf1c30455d661363f08
2026-08-31T09:58:15.164+08:00[Asia/Shanghai]	144407880	query_economic_indicator_data	"{""question"":""S0031645"",""beginDate"":""2023-01-01"",""endDate"":""2023-12-31""}"	a97017f8b8378e7378760c03dc580f38
2026-08-31T09:58:14.234+08:00[Asia/Shanghai]	144407880	query_economic_indicator_data	"{""question"":""S0031645"",""beginDate"":""2022-01-01"",""endDate"":""2022-12-31""}"	68f943603de09e412615ef94215a0e83
2026-08-31T09:58:13.700+08:00[Asia/Shanghai]	144407880	query_economic_indicator_data	"{""question"":""S0031645"",""beginDate"":""2021-01-01"",""endDate"":""2021-12-31""}"	a525ec4a5f5abcff6cc794b55a09ce54
2026-08-31T09:58:13.518+08:00[Asia/Shanghai]	144407880	query_economic_indicator_data	"{""question"":""S0031645"",""beginDate"":""2022-01-01"",""endDate"":""2022-12-31""}"	fc15852c54005e925bb347bf046add02
2026-08-31T09:58:10.042+08:00[Asia/Shanghai]	144407880	query_economic_indicator_data	"{""question"":""S0031645"",""beginDate"":""2021-01-01"",""endDate"":""2026-08-31""}"	101ed434ae43daf19a4b5f9f6848394e
2026-08-31T09:58:08.063+08:00[Asia/Shanghai]	144407880	query_economic_indicator_data	"{""question"":""S0031645"",""beginDate"":""2021-01-01"",""endDate"":""2026-08-31""}"	2d03d03299bf3a07c8d85f63eecc7ed4
2026-08-31T09:58:07.994+08:00[Asia/Shanghai]	144407880	query_economic_indicator_data	"{""question"":""S0031645"",""beginDate"":""2021-01-01"",""endDate"":""2021-12-31""}"	ce97f45e03ee793c52d2863090d41b51
2026-08-31T09:58:06.823+08:00[Asia/Shanghai]	144407880	query_economic_indicator_data	"{""question"":""S0031645"",""beginDate"":""2021-01-01"",""endDate"":""2021-12-31""}"	778f0ea4721b0a62f9d69a4c8cc36867
2026-08-31T09:58:03.207+08:00[Asia/Shanghai]	144407880	query_economic_indicator_data	"{""question"":""S0031645"",""beginDate"":""2021-01-01"",""endDate"":""2026-08-31""}"	7d545dc95b0a604fb1abc6c727a544bd
2026-08-31T09:58:01.713+08:00[Asia/Shanghai]	142754693	query_economic_indicator_data	"{""question"":""M0075992"",""beginDate"":""2026-08-28"",""endDate"":""2026-08-31""}"	95e1c819a68be5622d8f50ac3344a02a
2026-08-31T09:57:53.753+08:00[Asia/Shanghai]	142754693	query_economic_indicator_data	"{""question"":""M0075992"",""beginDate"":""2026-08-28"",""endDate"":""2026-08-31""}"	e23ca3076909dab0bcdcd3e8c331995c
2026-08-31T09:57:43.087+08:00[Asia/Shanghai]	142754693	query_economic_indicator_data	"{""question"":""M0075992"",""beginDate"":""2026-08-28"",""endDate"":""2026-08-31""}"	d8dd320517ca17839d1b693e1429d102
2026-08-31T09:57:38.550+08:00[Asia/Shanghai]	144407880	query_economic_indicator_data	"{""question"":""M0075992"",""beginDate"":""2026-08-01"",""endDate"":""2026-08-31""}"	eabdd1d7570e2ee14e696a28930b2587
2026-08-31T09:57:36.582+08:00[Asia/Shanghai]	144407880	query_economic_indicator_data	"{""question"":""M0075992"",""beginDate"":""2026-08-01"",""endDate"":""2026-08-31""}"	ecbbf8c0166c99aa1c4e6856afc308c5
2026-08-31T09:57:35.222+08:00[Asia/Shanghai]	142754693	query_economic_indicator_data	"{""question"":""M0075992"",""beginDate"":""2026-08-28"",""endDate"":""2026-08-31""}"	d94c740494392a634522e190360a5303
2026-08-31T09:57:34.991+08:00[Asia/Shanghai]	144407880	query_economic_indicator_data	"{""question"":""M0075991"",""beginDate"":""2026-08-01"",""endDate"":""2026-08-31""}"	932d00fe909a487474c75f65ed53447c
2026-08-31T09:57:33.027+08:00[Asia/Shanghai]	144407880	query_economic_indicator_data	"{""question"":""M0075991"",""beginDate"":""2026-08-01"",""endDate"":""2026-08-31""}"	2760a134c3c65b31febcf59e8a650c8f
2026-08-31T09:57:31.940+08:00[Asia/Shanghai]	144407880	query_economic_indicator_data	"{""question"":""M0075991"",""beginDate"":""2026-08-01"",""endDate"":""2026-08-31""}"	a9278fa3f2734fbfc0a32ee86003beac
2026-08-31T09:57:31.743+08:00[Asia/Shanghai]	144407880	query_economic_indicator_data	"{""question"":""M0075992"",""beginDate"":""2026-08-01"",""endDate"":""2026-08-31""}"	ce4aeea35056601199652d4992dc7170
2026-08-31T09:57:31.451+08:00[Asia/Shanghai]	144407880	query_economic_indicator_data	"{""question"":""M0075990"",""beginDate"":""2026-08-01"",""endDate"":""2026-08-31""}"	8d9963e5bae9809a13e85cc6b236c874
2026-08-31T09:57:29.532+08:00[Asia/Shanghai]	144407880	query_economic_indicator_data	"{""question"":""M0075990"",""beginDate"":""2026-08-01"",""endDate"":""2026-08-31""}"	dfbd4b7937d20c759015049c1f7ec877
2026-08-31T09:57:28.352+08:00[Asia/Shanghai]	144407880	query_economic_indicator_data	"{""question"":""M0075990"",""beginDate"":""2026-08-01"",""endDate"":""2026-08-31""}"	6ef363bd7767dc6459f461ed0a472d67
2026-08-31T09:57:27.841+08:00[Asia/Shanghai]	144407880	query_economic_indicator_data	"{""question"":""Z5080762"",""beginDate"":""2026-08-01"",""endDate"":""2026-08-31""}"	2afe0832c28c018f6d59f3e05d3ae254
2026-08-31T09:57:24.770+08:00[Asia/Shanghai]	144407880	query_economic_indicator_data	"{""question"":""Z5080762"",""beginDate"":""2026-08-01"",""endDate"":""2026-08-31""}"	1990efdfad7d09a463167ecb7f9e9dbe
2026-08-31T09:57:24.254+08:00[Asia/Shanghai]	144407880	query_economic_indicator_data	"{""question"":""F3536481"",""beginDate"":""2026-08-01"",""endDate"":""2026-08-31""}"	2cb0952ca6fce70b2b211590111c8cd7
2026-08-31T09:57:22.372+08:00[Asia/Shanghai]	144407880	query_economic_indicator_data	"{""question"":""F3536481"",""beginDate"":""2026-08-01"",""endDate"":""2026-08-31""}"	2445718390b9ced344def6a6388ac324
2026-08-31T09:57:22.216+08:00[Asia/Shanghai]	144407880	query_economic_indicator_data	"{""question"":""Z5080762"",""beginDate"":""2026-08-01"",""endDate"":""2026-08-31""}"	6142972d6d39eb8031b2deeae77c8089
2026-08-31T09:57:21.301+08:00[Asia/Shanghai]	144407880	query_economic_indicator_data	"{""question"":""F3536481"",""beginDate"":""2026-08-01"",""endDate"":""2026-08-31""}"	60b9df111d61e3d7ca3ffe2f776d5d73
2026-08-31T09:57:20.793+08:00[Asia/Shanghai]	144407880	query_economic_indicator_data	"{""question"":""V9995922"",""beginDate"":""2026-08-01"",""endDate"":""2026-08-31""}"	32235674c4c7fdf99441012d45a99eba
2026-08-31T09:57:18.889+08:00[Asia/Shanghai]	144407880	query_economic_indicator_data	"{""question"":""V9995922"",""beginDate"":""2026-08-01"",""endDate"":""2026-08-31""}"	758524c6be80122b184aec6a8dfe247e
2026-08-31T09:57:17.771+08:00[Asia/Shanghai]	144407880	query_economic_indicator_data	"{""question"":""V9995922"",""beginDate"":""2026-08-01"",""endDate"":""2026-08-31""}"	1faa0001046ffd6b2484ded0aa6a2b57
2026-08-31T09:57:17.227+08:00[Asia/Shanghai]	144407880	query_economic_indicator_data	"{""question"":""M0061613"",""beginDate"":""2026-08-01"",""endDate"":""2026-08-31""}"	391d826fc49a40d36157264ed9c10d1d
2026-08-31T09:57:15.307+08:00[Asia/Shanghai]	144407880	query_economic_indicator_data	"{""question"":""M0061613"",""beginDate"":""2026-08-01"",""endDate"":""2026-08-31""}"	dcd66610747e6c2e52c3fca71815b4ef
2026-08-31T09:57:14.178+08:00[Asia/Shanghai]	144407880	query_economic_indicator_data	"{""question"":""M0061613"",""beginDate"":""2026-08-01"",""endDate"":""2026-08-31""}"	99b6806358be0f22da113a5b5ffbabe9
2026-08-31T09:57:13.675+08:00[Asia/Shanghai]	144407880	query_economic_indicator_data	"{""question"":""M0061612"",""beginDate"":""2026-08-01"",""endDate"":""2026-08-31""}"	3ad1b94be88e4d29d427eec55a829436
2026-08-31T09:57:11.776+08:00[Asia/Shanghai]	144407880	query_economic_indicator_data	"{""question"":""M0061612"",""beginDate"":""2026-08-01"",""endDate"":""2026-08-31""}"	63610bb6375133ae3cefde15f045a1a1
2026-08-31T09:57:10.645+08:00[Asia/Shanghai]	144407880	query_economic_indicator_data	"{""question"":""M0061612"",""beginDate"":""2026-08-01"",""endDate"":""2026-08-31""}"	30fa60bb584d33d18ace5b702f27007b
2026-08-31T09:57:10.174+08:00[Asia/Shanghai]	144407880	query_economic_indicator_data	"{""question"":""M0061610"",""beginDate"":""2026-08-01"",""endDate"":""2026-08-31""}"	fdaa3a85ccedbd3977c11dd8106429a3
2026-08-31T09:57:05.225+08:00[Asia/Shanghai]	142754693	query_economic_indicator_data	"{""question"":""M0075992"",""beginDate"":""2026-08-28"",""endDate"":""2026-08-31""}"	ab9ef99552f1c96876fc49f608f525be
2026-08-31T09:57:01.327+08:00[Asia/Shanghai]	144407880	query_economic_indicator_data	"{""question"":""M0061610"",""beginDate"":""2026-08-01"",""endDate"":""2026-08-31""}"	92e6ace2d49535e2ec2d151035ced2b7
2026-08-31T09:57:00.211+08:00[Asia/Shanghai]	144407880	query_economic_indicator_data	"{""question"":""M0061610"",""beginDate"":""2026-08-01"",""endDate"":""2026-08-31""}"	143c86a75906fea2eef9d66259e74019
2026-08-31T09:56:57.800+08:00[Asia/Shanghai]	144407880	query_economic_indicator_data	"{""question"":""M0061608"",""beginDate"":""2026-08-01"",""endDate"":""2026-08-31""}"	f31ac49b21aa2daddd414869b1521137
2026-08-31T09:56:56.681+08:00[Asia/Shanghai]	144407880	query_economic_indicator_data	"{""question"":""M0061608"",""beginDate"":""2026-08-01"",""endDate"":""2026-08-31""}"	3bd154b0c0885580e03505c0867e9d15
2026-08-31T09:56:56.205+08:00[Asia/Shanghai]	144407880	query_economic_indicator_data	"{""question"":""M0061607"",""beginDate"":""2026-08-01"",""endDate"":""2026-08-31""}"	35a3fd05d99a72897faea83d72717b91
2026-08-31T09:56:55.949+08:00[Asia/Shanghai]	144407880	query_economic_indicator_data	"{""question"":""M0061608"",""beginDate"":""2026-08-01"",""endDate"":""2026-08-31""}"	2b6ca3e59fda31fe286f80a4a3d4ad6f
2026-08-31T09:56:54.285+08:00[Asia/Shanghai]	142754693	query_economic_indicator_data	"{""question"":""M0075992"",""beginDate"":""2026-08-28"",""endDate"":""2026-08-31""}"	d451a6aa7d187a6e870faebd6fdeca0a
2026-08-31T09:56:53.188+08:00[Asia/Shanghai]	144407880	query_economic_indicator_data	"{""question"":""M0061607"",""beginDate"":""2026-08-01"",""endDate"":""2026-08-31""}"	cb264b71ed48983021ff00f54b89b8d1
2026-08-31T09:56:52.693+08:00[Asia/Shanghai]	144407880	query_economic_indicator_data	"{""question"":""M0061606"",""beginDate"":""2026-08-01"",""endDate"":""2026-08-31""}"	64f36694a57f91f3c05b8e703ba48e42
2026-08-31T09:56:50.780+08:00[Asia/Shanghai]	144407880	query_economic_indicator_data	"{""question"":""M0061606"",""beginDate"":""2026-08-01"",""endDate"":""2026-08-31""}"	06fbb6561ad8fd29aeb762c97f8c61e0
2026-08-31T09:56:50.545+08:00[Asia/Shanghai]	144407880	query_economic_indicator_data	"{""question"":""M0061607"",""beginDate"":""2026-08-01"",""endDate"":""2026-08-31""}"	b084910316b94f74029adb57cff1d3aa
2026-08-31T09:56:45.840+08:00[Asia/Shanghai]	144407880	query_economic_indicator_data	"{""question"":""M0061606"",""beginDate"":""2026-08-01"",""endDate"":""2026-08-31""}"	f281b262f16c08fa3143eb3204f6d862
2026-08-31T09:56:43.286+08:00[Asia/Shanghai]	142754693	query_economic_indicator_data	"{""question"":""M0075992"",""beginDate"":""2026-08-28"",""endDate"":""2026-08-31""}"	131a2f1011440f5949d2bcc552a24df6
2026-08-31T09:56:40.590+08:00[Asia/Shanghai]	112255236	query_economic_indicator_data	"{""question"":""M0001227"",""beginDate"":""2026-08-01"",""endDate"":""2026-08-31""}"	3742d4cfb83c0a8b30c5c9c9d938cf8a
2026-08-31T09:56:39.858+08:00[Asia/Shanghai]	112255236	query_economic_indicator_data	"{""question"":""M0000612"",""beginDate"":""2026-08-01"",""endDate"":""2026-08-31""}"	5fd65886503229c55d5162443b26e2bc
2026-08-31T09:56:38.836+08:00[Asia/Shanghai]	112255236	query_economic_indicator_data	"{""question"":""M0043418"",""beginDate"":""2026-08-01"",""endDate"":""2026-08-31""}"	05dc2098bf79efe5a2e34dacbcc0650a
2026-08-31T09:56:38.654+08:00[Asia/Shanghai]	144407880	query_economic_indicator_data	"{""question"":""S0031648"",""beginDate"":""2026-08-01"",""endDate"":""2026-08-31""}"	e6e67b7e990c6ec5da984393e9a52f7a
2026-08-31T09:56:34.859+08:00[Asia/Shanghai]	144407880	query_economic_indicator_data	"{""question"":""S0031645"",""beginDate"":""2026-08-01"",""endDate"":""2026-08-31""}"	6f75936b01c90cdd0be1f6ad0cf3698b
2026-08-31T09:56:32.908+08:00[Asia/Shanghai]	144407880	query_economic_indicator_data	"{""question"":""S0031648"",""beginDate"":""2026-08-01"",""endDate"":""2026-08-31""}"	b887f075ea03e03ad415f9976be36867
2026-08-31T09:56:32.568+08:00[Asia/Shanghai]	142754693	query_economic_indicator_data	"{""question"":""M0075992"",""beginDate"":""2026-08-28"",""endDate"":""2026-08-31""}"	858b46657801bf827ffa9545750989a0
2026-08-31T09:56:32.414+08:00[Asia/Shanghai]	144407880	query_economic_indicator_data	"{""question"":""S0031645"",""beginDate"":""2026-08-01"",""endDate"":""2026-08-31""}"	087f29ce929b8ec26a170fd365a284b5
2026-08-31T09:56:31.793+08:00[Asia/Shanghai]	144407880	query_economic_indicator_data	"{""question"":""S0031648"",""beginDate"":""2026-08-01"",""endDate"":""2026-08-31""}"	0593ffca83dffed58c9163ed287dc2a9
2026-08-31T09:56:31.325+08:00[Asia/Shanghai]	144407880	query_economic_indicator_data	"{""question"":""S0031645"",""beginDate"":""2026-08-01"",""endDate"":""2026-08-31""}"	074347280e7cf8745d7c0c56cbc68acb
2026-08-31T09:56:29.567+08:00[Asia/Shanghai]	144407880	query_economic_indicator_data	"{""question"":""M0325687"",""beginDate"":""2026-08-01"",""endDate"":""2026-08-31""}"	57b506fe70da5053f3d35f148f74ba7b
2026-08-31T09:56:26.359+08:00[Asia/Shanghai]	144407880	query_economic_indicator_data	"{""question"":""M0325687"",""beginDate"":""2026-08-01"",""endDate"":""2026-08-31""}"	725ad0edd211ffe8a973e9996dc09d1d
2026-08-31T09:56:25.782+08:00[Asia/Shanghai]	144407880	query_economic_indicator_data	"{""question"":""M0329505"",""beginDate"":""2026-08-01"",""endDate"":""2026-08-31""}"	6a75eb6aafaddc3bb0e9b119372a8e1c
2026-08-31T09:56:23.910+08:00[Asia/Shanghai]	144407880	query_economic_indicator_data	"{""question"":""M0325687"",""beginDate"":""2026-08-01"",""endDate"":""2026-08-31""}"	9ac455e5f8eaf4e28a18245b50e8d83a
2026-08-31T09:56:23.756+08:00[Asia/Shanghai]	144407880	query_economic_indicator_data	"{""question"":""M0329505"",""beginDate"":""2026-08-01"",""endDate"":""2026-08-31""}"	5d4abb4b9a4d29512e5f493f32552a2f
2026-08-31T09:56:22.577+08:00[Asia/Shanghai]	144407880	query_economic_indicator_data	"{""question"":""M0329505"",""beginDate"":""2026-08-01"",""endDate"":""2026-08-31""}"	ec581d9ea1f0c679a448667d3497a8bf
2026-08-31T09:56:22.005+08:00[Asia/Shanghai]	144407880	query_economic_indicator_data	"{""question"":""M0329501"",""beginDate"":""2026-08-01"",""endDate"":""2026-08-31""}"	cfdd087dbe442fcb7548478c27fb4af5
2026-08-31T09:56:21.629+08:00[Asia/Shanghai]	142754693	query_economic_indicator_data	"{""question"":""M0075992"",""beginDate"":""2026-08-28"",""endDate"":""2026-08-31""}"	7f5300a097084d7304afa500e7be083e
2026-08-31T09:56:19.890+08:00[Asia/Shanghai]	144407880	query_economic_indicator_data	"{""question"":""M0329501"",""beginDate"":""2026-08-01"",""endDate"":""2026-08-31""}"	e94b7e06e2a334afa299582d4ed8ad23
2026-08-31T09:56:11.655+08:00[Asia/Shanghai]	142754693	query_economic_indicator_data	"{""question"":""M0075992"",""beginDate"":""2026-08-28"",""endDate"":""2026-08-31""}"	544548cdeb06845898611d8a4ba7c6a4
2026-08-31T09:56:03.575+08:00[Asia/Shanghai]	144407880	query_economic_indicator_data	"{""question"":""M0329501"",""beginDate"":""2026-08-01"",""endDate"":""2026-08-31""}"	abc9a7534cdbac4fcbc57f76eb8d5025
2026-08-31T09:56:00.299+08:00[Asia/Shanghai]	142754693	query_economic_indicator_data	"{""question"":""M0075992"",""beginDate"":""2026-08-28"",""endDate"":""2026-08-31""}"	254a67f70744f9226031c190fe8ecc22
2026-08-31T09:55:49.652+08:00[Asia/Shanghai]	142754693	query_economic_indicator_data	"{""question"":""M0075992"",""beginDate"":""2026-08-28"",""endDate"":""2026-08-31""}"	3b2f37cc7fa09817528095c60c44ec00
2026-08-31T09:55:42.981+08:00[Asia/Shanghai]	112255236	query_economic_indicator_data	"{""question"":""中国:金融机构各项贷款余额:中长期:人民币"",""beginDate"":""2026-08-01"",""endDate"":""2026-08-31""}"	dad151930bad9c53b96bd94203f982b5
2026-08-31T09:55:38.870+08:00[Asia/Shanghai]	142754693	query_economic_indicator_data	"{""question"":""M0075992"",""beginDate"":""2026-08-28"",""endDate"":""2026-08-31""}"	8b719c61b51893b7aeffeef6fe3351e2
2026-08-31T09:55:33.463+08:00[Asia/Shanghai]	112255236	query_economic_indicator_data	"{""question"":""M0043418"",""beginDate"":""2026-08-01"",""endDate"":""2026-08-31""}"	e4c185958bbc587abc65f18ed3080f06
2026-08-31T09:55:29.212+08:00[Asia/Shanghai]	142754693	query_economic_indicator_data	"{""question"":""M0075992"",""beginDate"":""2026-08-28"",""endDate"":""2026-08-31""}"	cb987b22c14dd014ce0dd75359ac7deb
2026-08-31T09:55:20.797+08:00[Asia/Shanghai]	112255236	query_economic_indicator_data	"{""question"":""M0043418"",""beginDate"":""2026-08-01"",""endDate"":""2026-08-31""}"	537694026e8e4ea840e312e31c0cd9dc
2026-08-31T09:55:13.848+08:00[Asia/Shanghai]	142754693	query_economic_indicator_data	"{""question"":""M0075992"",""beginDate"":""2026-08-28"",""endDate"":""2026-08-31""}"	aa238240090ad375c9a5ecb44d65c95e
2026-08-31T09:55:06.876+08:00[Asia/Shanghai]	142754693	query_economic_indicator_data	"{""question"":""M0075992"",""beginDate"":""2026-08-28"",""endDate"":""2026-08-31""}"	b8ea77f87b5776be3dc2a4596b0b2e0d
2026-08-31T09:54:56.323+08:00[Asia/Shanghai]	142754693	query_economic_indicator_data	"{""question"":""M0075992"",""beginDate"":""2026-08-28"",""endDate"":""2026-08-31""}"	5487060015057ff3e6d926dda30a33fd
2026-08-31T09:54:55.521+08:00[Asia/Shanghai]	142754693	query_economic_indicator_data	"{""question"":""M0075992"",""beginDate"":""2026-08-28"",""endDate"":""2026-08-31""}"	024400efcdafaf9b2140aa3afc08f0cf
2026-08-31T09:54:50.570+08:00[Asia/Shanghai]	122833200	search_economic_indicator	"{""question"":""美国30年期国债收益率 日度""}"	1fc6a53ff2e728e2d449618f381728df
2026-08-31T09:54:31.602+08:00[Asia/Shanghai]	142754693	query_economic_indicator_data	"{""question"":""M0075992"",""beginDate"":""2026-08-28"",""endDate"":""2026-08-31""}"	6841c5d49ca11aa66c2856435722d8f0
2026-08-31T09:54:17.335+08:00[Asia/Shanghai]	142754693	query_economic_indicator_data	"{""question"":""M0075992"",""beginDate"":""2026-08-28"",""endDate"":""2026-08-31""}"	b6b239f1a8acffd8d903d171cae3c75c
2026-08-31T09:54:12.385+08:00[Asia/Shanghai]	142754693	query_economic_indicator_data	"{""question"":""M0075992"",""beginDate"":""2026-08-28"",""endDate"":""2026-08-31""}"	f0be4833ff4aa1e2536f2f2df6bec99d
2026-08-31T09:54:00.044+08:00[Asia/Shanghai]	142754693	query_economic_indicator_data	"{""question"":""M0075992"",""beginDate"":""2026-08-28"",""endDate"":""2026-08-31""}"	62605edc549acd4cc12e80e5da7f7966
2026-08-31T09:53:52.631+08:00[Asia/Shanghai]	144124419	query_economic_indicator_data	"{""question"":""COMEX黄金期货收盘价"",""observation"":""10""}"	4504e382ebcea99a523b6e283f471be0
2026-08-31T09:53:49.492+08:00[Asia/Shanghai]	142754693	query_economic_indicator_data	"{""question"":""M0075992"",""beginDate"":""2026-08-28"",""endDate"":""2026-08-31""}"	e28e0421773473c17552d70e117e2f13
2026-08-31T09:53:38.881+08:00[Asia/Shanghai]	142754693	query_economic_indicator_data	"{""question"":""M0075992"",""beginDate"":""2026-08-28"",""endDate"":""2026-08-31""}"	7328fcff805b9679417ef5f068aafa35
2026-08-31T09:53:28.044+08:00[Asia/Shanghai]	142754693	query_economic_indicator_data	"{""question"":""M0075992"",""beginDate"":""2026-08-28"",""endDate"":""2026-08-31""}"	89dc360c8b68348908bebb3ba4025498
2026-08-31T09:53:17.316+08:00[Asia/Shanghai]	142754693	query_economic_indicator_data	"{""question"":""M0075992"",""beginDate"":""2026-08-28"",""endDate"":""2026-08-31""}"	003658da3b17ad2bfc1a3eca2b7c99f3
2026-08-31T09:53:07.509+08:00[Asia/Shanghai]	142754693	query_economic_indicator_data	"{""question"":""M0075992"",""beginDate"":""2026-08-28"",""endDate"":""2026-08-31""}"	e52699be8dd39a615446280ba479557d
2026-08-31T09:52:56.327+08:00[Asia/Shanghai]	142754693	query_economic_indicator_data	"{""question"":""M0075992"",""beginDate"":""2026-08-28"",""endDate"":""2026-08-31""}"	0b1cbb44058535411f7fa0e24d24dee3
2026-08-31T09:52:45.557+08:00[Asia/Shanghai]	142754693	query_economic_indicator_data	"{""question"":""M0075992"",""beginDate"":""2026-08-28"",""endDate"":""2026-08-31""}"	0da81a4230fd2ca8f5fb3a53ab384329
2026-08-31T09:52:34.831+08:00[Asia/Shanghai]	142754693	query_economic_indicator_data	"{""question"":""M0075992"",""beginDate"":""2026-08-28"",""endDate"":""2026-08-31""}"	1e0afddb13939af21d0ccaa300b2663c
2026-08-31T09:52:25.208+08:00[Asia/Shanghai]	142754693	query_economic_indicator_data	"{""question"":""M0075992"",""beginDate"":""2026-08-28"",""endDate"":""2026-08-31""}"	9a7127a1781ced5980e5a3d91dd147ef
2026-08-31T09:52:23.740+08:00[Asia/Shanghai]	142754693	query_economic_indicator_data	"{""question"":""M0075992"",""beginDate"":""2026-08-28"",""endDate"":""2026-08-31""}"	4cddf0296e6f81f0cb81f9fb75ae5a82
2026-08-31T09:51:57.625+08:00[Asia/Shanghai]	142754693	query_economic_indicator_data	"{""question"":""M0075992"",""beginDate"":""2026-08-28"",""endDate"":""2026-08-31""}"	6ac0b2c7164c2c4fec812d666f2f79e8
2026-08-31T09:51:52.822+08:00[Asia/Shanghai]	144124419	query_economic_indicator_data	"{""question"":""美国10年期国债收益率"",""observation"":""10""}"	f7c585250c0cd1ab4822dcb496b3d851
2026-08-31T09:51:40.128+08:00[Asia/Shanghai]	142754693	query_economic_indicator_data	"{""question"":""M0075992"",""beginDate"":""2026-08-28"",""endDate"":""2026-08-31""}"	3323a899ed0eb53dda578e18f4bc2527
2026-08-31T09:51:29.215+08:00[Asia/Shanghai]	142754693	query_economic_indicator_data	"{""question"":""M0075992"",""beginDate"":""2026-08-28"",""endDate"":""2026-08-31""}"	f03b8b2d5023f4f38b913390d3710778
2026-08-31T09:51:24.357+08:00[Asia/Shanghai]	144124419	query_economic_indicator_data	"{""question"":""美国10年期国债收益率"",""observation"":""10""}"	ad3e00c68050663af6e2c162116bb871
2026-08-31T09:51:18.319+08:00[Asia/Shanghai]	142754693	query_economic_indicator_data	"{""question"":""M0075992"",""beginDate"":""2026-08-28"",""endDate"":""2026-08-31""}"	313c8ac0d835fd119607d3efb2320d92
2026-08-31T09:51:13.282+08:00[Asia/Shanghai]	144124419	query_economic_indicator_data	"{""question"":""美国10年期国债收益率"",""observation"":""10""}"	73ef8e21352194401936394a41a95e22
2026-08-31T09:51:07.473+08:00[Asia/Shanghai]	142754693	query_economic_indicator_data	"{""question"":""M0075992"",""beginDate"":""2026-08-28"",""endDate"":""2026-08-31""}"	7309ff2a718d879dea79d59b72a12bb9
2026-08-31T09:51:06.417+08:00[Asia/Shanghai]	144280759	search_economic_indicator	"{""question"":""伦敦现货黄金价格""}"	4991e16f1e9ac80946c78923cd1cb8b6
2026-08-31T09:51:01.041+08:00[Asia/Shanghai]	144124419	query_economic_indicator_data	"{""question"":""美国10年期国债收益率"",""observation"":""10""}"	1541b5ff7e88c1b0eef3213cd6b35b1e
2026-08-31T09:50:57.767+08:00[Asia/Shanghai]	142754693	query_economic_indicator_data	"{""question"":""M0075992"",""beginDate"":""2026-08-28"",""endDate"":""2026-08-31""}"	208d8b3fdff2256c4c7637d2a74b2df3
2026-08-31T09:50:57.061+08:00[Asia/Shanghai]	144280759	search_economic_indicator	"{""question"":""伦敦现货黄金价格 COMEX黄金 美元指数 美国10年期国债收益率 美国10年期通胀指数国债实际收益率 白银价格""}"	c99f981ad326d544a5a65467da7ec1d9
2026-08-31T09:50:55.661+08:00[Asia/Shanghai]	144020839	search_economic_indicator	"{""question"":""炼焦煤行业周度数据：230家独立焦化企业、247家钢厂焦煤库存、焦炭日均产量、社会库存""}"	54fec7428f2b3e3b6b6a092a48418355
2026-08-31T09:50:49.651+08:00[Asia/Shanghai]	144124419	query_economic_indicator_data	"{""question"":""DXI指数"",""observation"":""10""}"	1ac46eab3306942076413b07f6e854e5
2026-08-31T09:50:48.344+08:00[Asia/Shanghai]	144124419	query_economic_indicator_data	"{""question"":""美国国债到期收益率2年"",""observation"":""10""}"	b159c24b83fbd2bc5be67326e2d94efe
2026-08-31T09:50:46.003+08:00[Asia/Shanghai]	142754693	query_economic_indicator_data	"{""question"":""M0075992"",""beginDate"":""2026-08-28"",""endDate"":""2026-08-31""}"	730eed9cbc49e346ffd3cd191af82fbc
2026-08-31T09:50:44.862+08:00[Asia/Shanghai]	144124419	query_economic_indicator_data	"{""question"":""美元指数"",""observation"":""10""}"	36ebba59862731daacbce403ea168d7b
2026-08-31T09:50:43.367+08:00[Asia/Shanghai]	144124419	query_economic_indicator_data	"{""question"":""中国国债到期收益率10年"",""observation"":""10""}"	45161b205a97d48f5e6adb33cc0b75ac
2026-08-31T09:50:42.800+08:00[Asia/Shanghai]	144124419	query_economic_indicator_data	"{""question"":""美国10年期通胀保值国债TIPS收益率"",""observation"":""10""}"	cbe987798d50537ea20256ce3bb9b486
2026-08-31T09:50:41.353+08:00[Asia/Shanghai]	144124419	query_economic_indicator_data	"{""question"":""美国10年期国债收益率"",""observation"":""10""}"	aa409e58885c15b325e34b821569e6c0
2026-08-31T09:50:40.827+08:00[Asia/Shanghai]	114211051	query_economic_indicator_data	"{""question"":""中国 GDP"",""observation"":""4""}"	fa2f86e1fd5079933377435c17995e4d
2026-08-31T09:50:35.329+08:00[Asia/Shanghai]	142754693	query_economic_indicator_data	"{""question"":""M0075992"",""beginDate"":""2026-08-28"",""endDate"":""2026-08-31""}"	ec2c5096d8bc8766e4a082836411c5be
2026-08-31T09:50:30.892+08:00[Asia/Shanghai]	144193460	query_economic_indicator_data	"{""question"":""美元指数 美国国债收益率10年 30年"",""beginDate"":""2026-08-27"",""endDate"":""2026-08-28""}"	7109ac63f860fc543013f5be8efa7eb9
2026-08-31T09:50:24.656+08:00[Asia/Shanghai]	142754693	query_economic_indicator_data	"{""question"":""M0075992"",""beginDate"":""2026-08-28"",""endDate"":""2026-08-31""}"	a4c19c69027b2eef6ba8ccd5ab30ba12
2026-08-31T09:50:22.390+08:00[Asia/Shanghai]	144362983	query_economic_indicator_data	"{""question"":""M1001791"",""beginDate"":""2023-01-01"",""endDate"":""2026-08-14""}"	2db53abfd246084f8ae39aa8a52223f4
2026-08-31T09:50:21.156+08:00[Asia/Shanghai]	114211051	search_economic_indicator	"{""question"":""中国 CPI 相关指标""}"	e7d2716dd0af717d5f88dda667eaa00b
2026-08-31T09:50:19.775+08:00[Asia/Shanghai]	144362983	query_economic_indicator_data	"{""question"":""M1001791"",""beginDate"":""2023-01-01"",""endDate"":""2026-08-14""}"	6a44271229e80d9ae2a45d4dd1f1fc67
2026-08-31T09:50:17.106+08:00[Asia/Shanghai]	144362983	query_economic_indicator_data	"{""question"":""M1001791"",""beginDate"":""2023-01-01"",""endDate"":""2026-08-14""}"	96b4526da7fb18ae11f444ffe1210d7e
2026-08-31T09:50:14.326+08:00[Asia/Shanghai]	144362983	query_economic_indicator_data	"{""question"":""M1001791"",""beginDate"":""2023-01-01"",""endDate"":""2026-08-14""}"	fee6b0f95414f01d3286c441ec0f66dd
2026-08-31T09:50:13.969+08:00[Asia/Shanghai]	142754693	query_economic_indicator_data	"{""question"":""M0075992"",""beginDate"":""2026-08-28"",""endDate"":""2026-08-31""}"	771e3bd14f5fd832f98c3eb97c95bedc
2026-08-31T09:50:13.111+08:00[Asia/Shanghai]	144081538	query_economic_indicator_data	"{""question"":""S0031645"",""beginDate"":""2016-08-01"",""endDate"":""2026-08-31""}"	482b9367f9ddc83b04406b514790d37d
2026-08-31T09:50:08.711+08:00[Asia/Shanghai]	144362983	query_economic_indicator_data	"{""question"":""M1001791"",""beginDate"":""2023-01-01"",""endDate"":""2026-08-14""}"	021de3cadd96f8b2066d185062b80399
2026-08-31T09:50:06.115+08:00[Asia/Shanghai]	144362983	query_economic_indicator_data	"{""question"":""M1001791"",""beginDate"":""2023-01-01"",""endDate"":""2026-08-14""}"	434011f070c616f7baf47b696ebbcef3
2026-08-31T09:50:03.511+08:00[Asia/Shanghai]	144362983	query_economic_indicator_data	"{""question"":""M1001791"",""beginDate"":""2023-01-01"",""endDate"":""2026-08-14""}"	1f4d41f54600485cf85107787646ef94
2026-08-31T09:50:00.957+08:00[Asia/Shanghai]	144362983	query_economic_indicator_data	"{""question"":""M1001791"",""beginDate"":""2023-01-01"",""endDate"":""2026-08-14""}"	0977158f436ccabc720a04484b29a045
2026-08-31T09:49:59.506+08:00[Asia/Shanghai]	142754693	query_economic_indicator_data	"{""question"":""M0075992"",""beginDate"":""2026-08-28"",""endDate"":""2026-08-31""}"	ef5d87ada9fb30789b2b9aebaa8494c9
2026-08-31T09:49:58.292+08:00[Asia/Shanghai]	144456253	search_economic_indicator	"{""question"":""中国10年期国债到期收益率""}"	d72d31521fd8e208dc8e1726fb57900c
2026-08-31T09:49:55.340+08:00[Asia/Shanghai]	144362983	query_economic_indicator_data	"{""question"":""M1001791"",""beginDate"":""2023-01-01"",""endDate"":""2026-08-14""}"	d3131e8764e8872c9a202e44a0e42106
2026-08-31T09:49:53.649+08:00[Asia/Shanghai]	142754693	query_economic_indicator_data	"{""question"":""M0075992"",""beginDate"":""2026-08-28"",""endDate"":""2026-08-31""}"	6bcf4b0606ddf10b94ff19a288bbef45
2026-08-31T09:49:52.663+08:00[Asia/Shanghai]	144362983	query_economic_indicator_data	"{""question"":""M1001791"",""beginDate"":""2023-01-01"",""endDate"":""2026-08-14""}"	47602bf450cbdae673001f106c9e5f92
2026-08-31T09:49:49.998+08:00[Asia/Shanghai]	144362983	query_economic_indicator_data	"{""question"":""M1001791"",""beginDate"":""2023-01-01"",""endDate"":""2026-08-14""}"	8232f33ade76e3676d4d85a8fdaa5d25
2026-08-31T09:49:47.095+08:00[Asia/Shanghai]	144362983	query_economic_indicator_data	"{""question"":""M1001791"",""beginDate"":""2023-01-01"",""endDate"":""2026-08-14""}"	702d0184683dde05c08e8e3724311f5e
2026-08-31T09:49:41.502+08:00[Asia/Shanghai]	144362983	query_economic_indicator_data	"{""question"":""M1001791"",""beginDate"":""2023-01-01"",""endDate"":""2026-08-14""}"	7f20deb40feb6fcfa7be4a7b2b5adc5a
2026-08-31T09:49:40.854+08:00[Asia/Shanghai]	142754693	query_economic_indicator_data	"{""question"":""M0075992"",""beginDate"":""2026-08-28"",""endDate"":""2026-08-31""}"	2ac149f421f53d027e722b681d9a350a
2026-08-31T09:49:38.928+08:00[Asia/Shanghai]	144362983	query_economic_indicator_data	"{""question"":""M1001791"",""beginDate"":""2023-01-01"",""endDate"":""2026-08-14""}"	b96a555d2adfff3d8d8192faa48d92cb
2026-08-31T09:49:37.313+08:00[Asia/Shanghai]	143957629	search_economic_indicator	"{""question"":""中国国家统计局制造业采购经理指数PMI、非制造业商务活动指数和综合PMI产出指数""}"	d3bc1fff714fac85d1d82ca9dfc7580e
2026-08-31T09:49:36.249+08:00[Asia/Shanghai]	144362983	query_economic_indicator_data	"{""question"":""M1001791"",""beginDate"":""2023-01-01"",""endDate"":""2026-08-14""}"	95aef8542b00f443bd723e498271d0d9
2026-08-31T09:49:33.627+08:00[Asia/Shanghai]	144362983	query_economic_indicator_data	"{""question"":""M1001791"",""beginDate"":""2023-01-01"",""endDate"":""2026-08-14""}"	ba8ae14e4288247d8c190452278e9044
2026-08-31T09:49:32.568+08:00[Asia/Shanghai]	142754693	query_economic_indicator_data	"{""question"":""M0075992"",""beginDate"":""2026-08-28"",""endDate"":""2026-08-31""}"	45a235a225b3eed4108f68c4656741ef
2026-08-31T09:49:30.729+08:00[Asia/Shanghai]	144294349	search_economic_indicator	"{""question"":""中国私募证券投资基金、私募股权投资基金、创业投资基金管理规模月度指标""}"	1e4bf41b154d1aa8c0d6b16e65e21c3f
2026-08-31T09:49:27.943+08:00[Asia/Shanghai]	144362983	query_economic_indicator_data	"{""question"":""M1001791"",""beginDate"":""2023-01-01"",""endDate"":""2026-08-14""}"	9e7dd767bbcad7bde324313587d44a14
2026-08-31T09:49:27.289+08:00[Asia/Shanghai]	144294349	search_economic_indicator	"{""question"":""中国公募基金净值总额及货币基金、债券基金、混合基金、股票基金净值月度指标""}"	6046ff159adf5dcbe6a2d69f5779e434
2026-08-31T09:49:25.376+08:00[Asia/Shanghai]	144362983	query_economic_indicator_data	"{""question"":""M1001791"",""beginDate"":""2023-01-01"",""endDate"":""2026-08-14""}"	94b1bf1bcd48af349d3962b94bf3a694
2026-08-31T09:49:23.925+08:00[Asia/Shanghai]	144294349	search_economic_indicator	"{""question"":""中国银行理财市场理财产品存续余额或管理规模期末值全国月度指标""}"	29a2ab824ee985ab47afffbb608f7eea
2026-08-31T09:49:22.700+08:00[Asia/Shanghai]	144362983	query_economic_indicator_data	"{""question"":""M1001791"",""beginDate"":""2023-01-01"",""endDate"":""2026-08-14""}"	f884533888645baf64a84e008bfd0f87
2026-08-31T09:49:21.954+08:00[Asia/Shanghai]	142754693	query_economic_indicator_data	"{""question"":""M0075992"",""beginDate"":""2026-08-28"",""endDate"":""2026-08-31""}"	66932d0712d3b84adaf9e47e69610c23
2026-08-31T09:49:20.849+08:00[Asia/Shanghai]	144294349	search_economic_indicator	"{""question"":""中国金融机构住户存款人民币期末余额、非金融企业存款人民币期末余额月度指标""}"	4ce6b360cd4e100a0f4787e9525b6feb
2026-08-31T09:49:20.133+08:00[Asia/Shanghai]	144362983	query_economic_indicator_data	"{""question"":""M1001791"",""beginDate"":""2023-01-01"",""endDate"":""2026-08-14""}"	dc2a85dcf869d36c0c75cb49677ef5be
2026-08-31T09:49:14.560+08:00[Asia/Shanghai]	144362983	query_economic_indicator_data	"{""question"":""M1001791"",""beginDate"":""2023-01-01"",""endDate"":""2026-08-14""}"	60b8c9888cd87b7e425ddfcf9fdac0b6
2026-08-31T09:49:11.900+08:00[Asia/Shanghai]	144362983	query_economic_indicator_data	"{""question"":""M1001791"",""beginDate"":""2023-01-01"",""endDate"":""2026-08-14""}"	9acd0b001211d8d71fd543129165b8ff
2026-08-31T09:49:11.248+08:00[Asia/Shanghai]	142754693	query_economic_indicator_data	"{""question"":""M0075992"",""beginDate"":""2026-08-28"",""endDate"":""2026-08-31""}"	8e4f4673d95efe1e3d6129c496837e92
2026-08-31T09:49:09.335+08:00[Asia/Shanghai]	144362983	query_economic_indicator_data	"{""question"":""M1001791"",""beginDate"":""2023-01-01"",""endDate"":""2026-08-14""}"	fa698dc3156a3a3f48aa5de3faea8a29
2026-08-31T09:49:06.713+08:00[Asia/Shanghai]	144362983	query_economic_indicator_data	"{""question"":""M1001791"",""beginDate"":""2023-01-01"",""endDate"":""2026-08-14""}"	02e30be56d44cd0d78ce5e099335307a
2026-08-31T09:49:00.644+08:00[Asia/Shanghai]	142754693	query_economic_indicator_data	"{""question"":""M0075992"",""beginDate"":""2026-08-28"",""endDate"":""2026-08-31""}"	bd300c8cdabca2aa4be3e7033747a804
2026-08-31T09:49:00.289+08:00[Asia/Shanghai]	144362983	query_economic_indicator_data	"{""question"":""L9882961"",""beginDate"":""2023-01-01"",""endDate"":""2026-08-14""}"	1e7f5e00ca10704330ae85c208115060
2026-08-31T09:48:57.731+08:00[Asia/Shanghai]	144362983	query_economic_indicator_data	"{""question"":""L9882961"",""beginDate"":""2023-01-01"",""endDate"":""2026-08-14""}"	cc75283be5a4dbc867609f4550015e7b
2026-08-31T09:48:55.081+08:00[Asia/Shanghai]	144362983	query_economic_indicator_data	"{""question"":""L9882961"",""beginDate"":""2023-01-01"",""endDate"":""2026-08-14""}"	a8606ac4942a3bbe859fed2bc515755d
2026-08-31T09:48:52.428+08:00[Asia/Shanghai]	144362983	query_economic_indicator_data	"{""question"":""L9882961"",""beginDate"":""2023-01-01"",""endDate"":""2026-08-14""}"	d8098f671cdef7094c4ab74d68acc771
2026-08-31T09:48:49.811+08:00[Asia/Shanghai]	142754693	query_economic_indicator_data	"{""question"":""M0075992"",""beginDate"":""2026-08-28"",""endDate"":""2026-08-31""}"	408835db8b9995c8427fbf67b79335f5
2026-08-31T09:48:46.776+08:00[Asia/Shanghai]	144362983	query_economic_indicator_data	"{""question"":""L9882961"",""beginDate"":""2023-01-01"",""endDate"":""2026-08-14""}"	b25823a114e026710e13df2fb001f6f2
2026-08-31T09:48:44.185+08:00[Asia/Shanghai]	144362983	query_economic_indicator_data	"{""question"":""L9882961"",""beginDate"":""2023-01-01"",""endDate"":""2026-08-14""}"	c234cda580e89b9b00c667185944e4ce
2026-08-31T09:48:41.607+08:00[Asia/Shanghai]	144362983	query_economic_indicator_data	"{""question"":""L9882961"",""beginDate"":""2023-01-01"",""endDate"":""2026-08-14""}"	291f83d998e98bf33868d15e22db6743
2026-08-31T09:48:39.146+08:00[Asia/Shanghai]	142754693	query_economic_indicator_data	"{""question"":""M0075992"",""beginDate"":""2026-08-28"",""endDate"":""2026-08-31""}"	2c2121e1cf96b9d6df55aa4982c9d968
2026-08-31T09:48:39.004+08:00[Asia/Shanghai]	144362983	query_economic_indicator_data	"{""question"":""L9882961"",""beginDate"":""2023-01-01"",""endDate"":""2026-08-14""}"	bef8b1a7d53841b1ed2ae656f630f413
2026-08-31T09:48:33.321+08:00[Asia/Shanghai]	144362983	query_economic_indicator_data	"{""question"":""L9882961"",""beginDate"":""2023-01-01"",""endDate"":""2026-08-14""}"	c6955a4a5742ab21b9fa910518394a12
2026-08-31T09:48:30.745+08:00[Asia/Shanghai]	144362983	query_economic_indicator_data	"{""question"":""L9882961"",""beginDate"":""2023-01-01"",""endDate"":""2026-08-14""}"	707068667938bd100817e1b6b2aff4e3
2026-08-31T09:48:28.415+08:00[Asia/Shanghai]	142754693	query_economic_indicator_data	"{""question"":""M0075992"",""beginDate"":""2026-08-28"",""endDate"":""2026-08-31""}"	4b3821b337d53d5c14925f8779ef9ad0
2026-08-31T09:48:28.186+08:00[Asia/Shanghai]	144362983	query_economic_indicator_data	"{""question"":""L9882961"",""beginDate"":""2023-01-01"",""endDate"":""2026-08-14""}"	b8fbf75dcdb9d8b68a323299097d2096
2026-08-31T09:48:25.494+08:00[Asia/Shanghai]	144362983	query_economic_indicator_data	"{""question"":""L9882961"",""beginDate"":""2023-01-01"",""endDate"":""2026-08-14""}"	a76cc9fab427464f6ebc28d0dba19146
2026-08-31T09:48:23.322+08:00[Asia/Shanghai]	144348966	query_economic_indicator_data	"{""question"":""S5811172"",""beginDate"":""2026-08-01"",""endDate"":""2026-08-30""}"	2ae8ad017abd2174363c140d21985351
2026-08-31T09:48:19.844+08:00[Asia/Shanghai]	144362983	query_economic_indicator_data	"{""question"":""L9882961"",""beginDate"":""2023-01-01"",""endDate"":""2026-08-14""}"	57d52319ff37b6f294b342dab4644857
2026-08-31T09:48:17.688+08:00[Asia/Shanghai]	142754693	query_economic_indicator_data	"{""question"":""M0075992"",""beginDate"":""2026-08-28"",""endDate"":""2026-08-31""}"	3baad0e48121f117c359bfc1aeed6274
2026-08-31T09:48:17.144+08:00[Asia/Shanghai]	144362983	query_economic_indicator_data	"{""question"":""L9882961"",""beginDate"":""2023-01-01"",""endDate"":""2026-08-14""}"	797fc596c2d340a68a93ded64b14f842
2026-08-31T09:48:14.560+08:00[Asia/Shanghai]	144362983	query_economic_indicator_data	"{""question"":""L9882961"",""beginDate"":""2023-01-01"",""endDate"":""2026-08-14""}"	66775224558adde38fb6d2a9b82d4cf6
2026-08-31T09:48:06.983+08:00[Asia/Shanghai]	142754693	query_economic_indicator_data	"{""question"":""M0075992"",""beginDate"":""2026-08-28"",""endDate"":""2026-08-31""}"	af82e7d459cee18de5d6763d74434ec7
2026-08-31T09:48:04.113+08:00[Asia/Shanghai]	144362983	query_economic_indicator_data	"{""question"":""L9882961"",""beginDate"":""2023-01-01"",""endDate"":""2026-08-14""}"	64f98130568a942688a4899c74fd1a30
2026-08-31T09:47:58.555+08:00[Asia/Shanghai]	144362983	query_economic_indicator_data	"{""question"":""L9882961"",""beginDate"":""2023-01-01"",""endDate"":""2026-08-14""}"	baa5c27f336f54b09a5932c0303da52c
2026-08-31T09:47:56.225+08:00[Asia/Shanghai]	142754693	query_economic_indicator_data	"{""question"":""M0075992"",""beginDate"":""2026-08-28"",""endDate"":""2026-08-31""}"	de90e6cb8a13a240809e6bcea330d4d7
2026-08-31T09:47:55.899+08:00[Asia/Shanghai]	144362983	query_economic_indicator_data	"{""question"":""L9882961"",""beginDate"":""2023-01-01"",""endDate"":""2026-08-14""}"	d2a6f78c8b5d562db336758e26440787
2026-08-31T09:47:55.552+08:00[Asia/Shanghai]	144065205	query_economic_indicator_data	"{""question"":""A8559424,J4134558,A8702640,O6773571,N6407468,N2380314,A5167429"",""beginDate"":""2026-08-16"",""endDate"":""2026-08-31""}"	7dabaf4b1e7e9807a1a18db4b528379b
2026-08-31T09:47:53.249+08:00[Asia/Shanghai]	144362983	query_economic_indicator_data	"{""question"":""L9882961"",""beginDate"":""2023-01-01"",""endDate"":""2026-08-14""}"	38e0b6958e72bcd8fce31d1852dad26a
2026-08-31T09:47:50.696+08:00[Asia/Shanghai]	144362983	query_economic_indicator_data	"{""question"":""L9882961"",""beginDate"":""2023-01-01"",""endDate"":""2026-08-14""}"	f33f0e7b177425d0bdb12fce0c49adc5
2026-08-31T09:47:45.354+08:00[Asia/Shanghai]	142754693	query_economic_indicator_data	"{""question"":""M0075992"",""beginDate"":""2026-08-28"",""endDate"":""2026-08-31""}"	798facd66f96b4c719a047d3fa053f45
2026-08-31T09:47:45.053+08:00[Asia/Shanghai]	144362983	query_economic_indicator_data	"{""question"":""L9882961"",""beginDate"":""2023-01-01"",""endDate"":""2026-08-14""}"	525332926f65ce35f881e1448191c66a
2026-08-31T09:47:44.020+08:00[Asia/Shanghai]	144362983	query_economic_indicator_data	"{""question"":""中国国股银票转贴现利率半年"",""observation"":""5000""}"	13f02ca6f9bc605a7a6ffb6b0e9e639c
2026-08-31T09:47:42.404+08:00[Asia/Shanghai]	144362983	query_economic_indicator_data	"{""question"":""L9882961"",""beginDate"":""2023-01-01"",""endDate"":""2026-08-14""}"	0b694cfd786fe7404dc905f1e9e2fdb1
2026-08-31T09:47:41.281+08:00[Asia/Shanghai]	144362983	query_economic_indicator_data	"{""question"":""中国国股银票转贴现利率半年"",""observation"":""5000""}"	f012808725dc3c6f8a24941a5b95cf51
2026-08-31T09:47:39.818+08:00[Asia/Shanghai]	144362983	query_economic_indicator_data	"{""question"":""L9882961"",""beginDate"":""2023-01-01"",""endDate"":""2026-08-14""}"	302b408c848de60ecc2835d0a179daa0
2026-08-31T09:47:38.682+08:00[Asia/Shanghai]	144362983	query_economic_indicator_data	"{""question"":""中国国股银票转贴现利率半年"",""observation"":""5000""}"	2c9af060f63dbd1d02460b062eb51711
2026-08-31T09:47:37.084+08:00[Asia/Shanghai]	144362983	query_economic_indicator_data	"{""question"":""L9882961"",""beginDate"":""2023-01-01"",""endDate"":""2026-08-14""}"	724f2a72bf116f1db88e3f89e2c85ebe
2026-08-31T09:47:35.850+08:00[Asia/Shanghai]	144362983	query_economic_indicator_data	"{""question"":""中国国股银票转贴现利率半年"",""observation"":""5000""}"	1de11ae5cae3aa4096d680d64c4d9ab8
2026-08-31T09:47:35.658+08:00[Asia/Shanghai]	142754693	query_economic_indicator_data	"{""question"":""M0075992"",""beginDate"":""2026-08-28"",""endDate"":""2026-08-31""}"	f639617c8a597e6e06a0cb76b4797208
2026-08-31T09:47:30.988+08:00[Asia/Shanghai]	144362983	query_economic_indicator_data	"{""question"":""G0001671"",""beginDate"":""2023-01-01"",""endDate"":""2026-08-14""}"	8b91b222812f25da4e3db069ba829397
2026-08-31T09:47:30.249+08:00[Asia/Shanghai]	144362983	query_economic_indicator_data	"{""question"":""中国国股银票转贴现利率半年"",""observation"":""5000""}"	88b094792f68eea5441fa36418a916eb
2026-08-31T09:47:28.406+08:00[Asia/Shanghai]	144362983	query_economic_indicator_data	"{""question"":""G0001671"",""beginDate"":""2023-01-01"",""endDate"":""2026-08-14""}"	62e4ca3bc7a8dfe77b937d6b936a0bad
2026-08-31T09:47:27.603+08:00[Asia/Shanghai]	144362983	query_economic_indicator_data	"{""question"":""中国国股银票转贴现利率半年"",""observation"":""5000""}"	653a5a6d4a653190e65ce007be4c88d0
2026-08-31T09:47:25.836+08:00[Asia/Shanghai]	144362983	query_economic_indicator_data	"{""question"":""G0001671"",""beginDate"":""2023-01-01"",""endDate"":""2026-08-14""}"	6988369d9849348c19bb32d7302de230
2026-08-31T09:47:24.941+08:00[Asia/Shanghai]	144362983	query_economic_indicator_data	"{""question"":""中国国股银票转贴现利率半年"",""observation"":""5000""}"	1855e57f816d9bb5f90936ab710f9252
2026-08-31T09:47:24.643+08:00[Asia/Shanghai]	142754693	query_economic_indicator_data	"{""question"":""M0075992"",""beginDate"":""2026-08-28"",""endDate"":""2026-08-31""}"	30e127396d8d44c43b0f60c740568ba3
2026-08-31T09:47:23.237+08:00[Asia/Shanghai]	144362983	query_economic_indicator_data	"{""question"":""G0001671"",""beginDate"":""2023-01-01"",""endDate"":""2026-08-14""}"	fbc6a866965e76e11c1ab818474ddfc4
2026-08-31T09:47:22.364+08:00[Asia/Shanghai]	144362983	query_economic_indicator_data	"{""question"":""中国国股银票转贴现利率半年"",""observation"":""5000""}"	66a3cca6b0fd2297f6316a2301eeec61
2026-08-31T09:47:17.565+08:00[Asia/Shanghai]	144362983	query_economic_indicator_data	"{""question"":""G0001671"",""beginDate"":""2023-01-01"",""endDate"":""2026-08-14""}"	d3c13076f539ad68c0719dc28c78eb35
2026-08-31T09:47:16.483+08:00[Asia/Shanghai]	143625683	query_economic_indicator_data	"{""question"":""查询S5820803,S5820804,S0031645,M0000185"",""observation"":""3""}"	0742b6167d048abaa9366d2f3ac43883
2026-08-31T09:47:15.044+08:00[Asia/Shanghai]	144362983	query_economic_indicator_data	"{""question"":""G0001671"",""beginDate"":""2023-01-01"",""endDate"":""2026-08-14""}"	fe597578b93d2ccb14dd6a603d66915c
2026-08-31T09:47:14.453+08:00[Asia/Shanghai]	144362983	query_economic_indicator_data	"{""question"":""中国国股银票转贴现利率半年"",""observation"":""5000""}"	700b3a67a6c0fac9deaee69048c05352
2026-08-31T09:47:13.151+08:00[Asia/Shanghai]	144362983	query_economic_indicator_data	"{""question"":""中国国股银票转贴现利率半年"",""observation"":""5000""}"	d661c6a992e598a2a10c8cb71c0cd351
2026-08-31T09:47:12.561+08:00[Asia/Shanghai]	144362983	query_economic_indicator_data	"{""question"":""G0001671"",""beginDate"":""2023-01-01"",""endDate"":""2026-08-14""}"	f5c76123dd66fcb570749ad6265e47af
2026-08-31T09:47:11.898+08:00[Asia/Shanghai]	144362983	query_economic_indicator_data	"{""question"":""中国国股银票转贴现利率半年"",""observation"":""5000""}"	e549edecd88c227b69432924ccd981ce
2026-08-31T09:47:10.151+08:00[Asia/Shanghai]	142754693	query_economic_indicator_data	"{""question"":""M0075992"",""beginDate"":""2026-08-28"",""endDate"":""2026-08-31""}"	b8c18a1fb98308a6a5456c5d9a760727
2026-08-31T09:47:10.055+08:00[Asia/Shanghai]	144362983	query_economic_indicator_data	"{""question"":""G0001671"",""beginDate"":""2023-01-01"",""endDate"":""2026-08-14""}"	94354fee8e43f6c7990a4b5721ceda48
2026-08-31T09:47:09.180+08:00[Asia/Shanghai]	144362983	query_economic_indicator_data	"{""question"":""中国国股银票转贴现利率半年"",""observation"":""5000""}"	bcf05be49871fb13163ba3f2355b2baf
2026-08-31T09:47:04.452+08:00[Asia/Shanghai]	144362983	query_economic_indicator_data	"{""question"":""G0001671"",""beginDate"":""2023-01-01"",""endDate"":""2026-08-14""}"	ea36fec49133a35de10abd426b274a53
2026-08-31T09:47:03.327+08:00[Asia/Shanghai]	142754693	query_economic_indicator_data	"{""question"":""M0075992"",""beginDate"":""2026-08-28"",""endDate"":""2026-08-31""}"	4cbcec1c2b1c2a73f67dff78ffcc3d1a
2026-08-31T09:47:01.939+08:00[Asia/Shanghai]	144362983	query_economic_indicator_data	"{""question"":""G0001671"",""beginDate"":""2023-01-01"",""endDate"":""2026-08-14""}"	e293863415b8ae04591e6ad120ca809c
2026-08-31T09:47:01.210+08:00[Asia/Shanghai]	144362983	query_economic_indicator_data	"{""question"":""中国国股银票转贴现利率半年"",""observation"":""5000""}"	180292eac4a4ecdc8b38a7b749be3f2f
2026-08-31T09:46:59.980+08:00[Asia/Shanghai]	144362983	query_economic_indicator_data	"{""question"":""中国国股银票转贴现利率半年"",""observation"":""5000""}"	31b3d201952fa0f7b0f098ea282e8b37
2026-08-31T09:46:58.732+08:00[Asia/Shanghai]	144362983	query_economic_indicator_data	"{""question"":""中国国股银票转贴现利率半年"",""observation"":""5000""}"	1ba7bebef97cbb0e2e7c474c2356b95a
2026-08-31T09:46:56.246+08:00[Asia/Shanghai]	144362983	query_economic_indicator_data	"{""question"":""中国国股银票转贴现利率半年"",""observation"":""5000""}"	1bd6feb7c0b40ff53d4fb87768fdfa47
2026-08-31T09:46:52.074+08:00[Asia/Shanghai]	137911191	query_economic_indicator_data	"{""question"":""中国制造业PMI"",""beginDate"":""2019-01-01"",""endDate"":""2022-12-31""}"	887e164bc24c64c74f6126b92b8e9850
2026-08-31T09:46:49.016+08:00[Asia/Shanghai]	142754693	query_economic_indicator_data	"{""question"":""M0075992"",""beginDate"":""2026-08-28"",""endDate"":""2026-08-31""}"	eefc2ff2ebfb95f8a5f89137a74e8c19
2026-08-31T09:46:48.278+08:00[Asia/Shanghai]	144362983	query_economic_indicator_data	"{""question"":""中国国股银票转贴现利率半年"",""observation"":""5000""}"	d439d1d6411897f890aa2400568b3d10
2026-08-31T09:46:47.046+08:00[Asia/Shanghai]	144362983	query_economic_indicator_data	"{""question"":""中国国股银票转贴现利率半年"",""observation"":""5000""}"	155fbdef88043da10690383f9138c40b
2026-08-31T09:46:45.716+08:00[Asia/Shanghai]	144362983	query_economic_indicator_data	"{""question"":""中国国股银票转贴现利率半年"",""observation"":""5000""}"	893b5feeba6289e99b7c976b03a9d2fc
2026-08-31T09:46:42.804+08:00[Asia/Shanghai]	144362983	query_economic_indicator_data	"{""question"":""中国国股银票转贴现利率半年"",""observation"":""5000""}"	1bb67560ee30cd9b6b59d99a3b8d87e3
2026-08-31T09:46:37.183+08:00[Asia/Shanghai]	144362983	query_economic_indicator_data	"{""question"":""中国国股银票转贴现利率半年"",""observation"":""5000""}"	32926256288a67f08266817475e25b87
2026-08-31T09:46:35.786+08:00[Asia/Shanghai]	144362983	query_economic_indicator_data	"{""question"":""G0001671"",""beginDate"":""2023-01-01"",""endDate"":""2026-08-14""}"	30f72f4550e4b0b150a8787382d9019b
2026-08-31T09:46:34.593+08:00[Asia/Shanghai]	144362983	query_economic_indicator_data	"{""question"":""中国国股银票转贴现利率半年"",""observation"":""5000""}"	224b683d4569f74037838915e833bede
2026-08-31T09:46:33.178+08:00[Asia/Shanghai]	144362983	query_economic_indicator_data	"{""question"":""G0001671"",""beginDate"":""2023-01-01"",""endDate"":""2026-08-14""}"	d6737ab5311684305806fcdb78bc9b18
2026-08-31T09:46:32.041+08:00[Asia/Shanghai]	144362983	query_economic_indicator_data	"{""question"":""中国国股银票转贴现利率半年"",""observation"":""5000""}"	2b1615c2757aae2608d89bab04cdc89f
2026-08-31T09:46:29.487+08:00[Asia/Shanghai]	144362983	query_economic_indicator_data	"{""question"":""中国国股银票转贴现利率半年"",""observation"":""5000""}"	b42b5edd7bfbd984b488412fe2ecd610
2026-08-31T09:46:27.446+08:00[Asia/Shanghai]	144362983	query_economic_indicator_data	"{""question"":""G0001671"",""beginDate"":""2023-01-01"",""endDate"":""2026-08-14""}"	208e06f5437e74e03d1dc39c31ba2070
2026-08-31T09:46:24.842+08:00[Asia/Shanghai]	144362983	query_economic_indicator_data	"{""question"":""G0001671"",""beginDate"":""2023-01-01"",""endDate"":""2026-08-14""}"	361f4b04f6f829f7900ffb94b0957602
2026-08-31T09:46:22.181+08:00[Asia/Shanghai]	144362983	query_economic_indicator_data	"{""question"":""G0001671"",""beginDate"":""2023-01-01"",""endDate"":""2026-08-14""}"	747247bb38785fc7e7190d6b813be2d8
2026-08-31T09:46:19.858+08:00[Asia/Shanghai]	114065515	query_economic_indicator_data	"{""question"":""M5567876"",""beginDate"":""2024-01-01"",""endDate"":""2026-08-31""}"	dcaa3651a811669e930f6945ef0ad0f6
2026-08-31T09:46:19.082+08:00[Asia/Shanghai]	114065515	search_economic_indicator	"{""question"":""中国外汇储备""}"	f1c4f9c4e6b12588c6af316f09c90797
2026-08-31T09:46:18.609+08:00[Asia/Shanghai]	144362983	query_economic_indicator_data	"{""question"":""G0001671"",""beginDate"":""2023-01-01"",""endDate"":""2026-08-14""}"	16b2f19e7bae56863ee207628d413d0e
2026-08-31T09:46:13.027+08:00[Asia/Shanghai]	144362983	query_economic_indicator_data	"{""question"":""G0001671"",""beginDate"":""2023-01-01"",""endDate"":""2026-08-14""}"	9bfdf98470542aeefb0968a6caec5113
2026-08-31T09:46:10.479+08:00[Asia/Shanghai]	144362983	query_economic_indicator_data	"{""question"":""G0001671"",""beginDate"":""2023-01-01"",""endDate"":""2026-08-14""}"	4cde03477b4aea0f6cd84bc50dcda795
2026-08-31T09:46:07.969+08:00[Asia/Shanghai]	144362983	query_economic_indicator_data	"{""question"":""G0001671"",""beginDate"":""2023-01-01"",""endDate"":""2026-08-14""}"	2fdd0c59d61619649cf87487d9572fa9
2026-08-31T09:46:05.819+08:00[Asia/Shanghai]	143625683	query_economic_indicator_data	"{""question"":""查询S5820803,S5820804,S0031645,M0000185"",""observation"":""3""}"	8f3f7c19d5cbb50fa164b58cbe9eb8ba
2026-08-31T09:46:05.472+08:00[Asia/Shanghai]	144362983	query_economic_indicator_data	"{""question"":""G0001671"",""beginDate"":""2023-01-01"",""endDate"":""2026-08-14""}"	a00712a99ef920235233c8f990e43edf
2026-08-31T09:46:00.063+08:00[Asia/Shanghai]	114065515	query_economic_indicator_data	"{""question"":""S0031645,S0031648,S0069669,S0069670"",""beginDate"":""2025-01-01"",""endDate"":""2026-08-31""}"	546e490737e8862f9e33877c43dbd3b0
2026-08-31T09:45:59.969+08:00[Asia/Shanghai]	144362983	query_economic_indicator_data	"{""question"":""G0001671"",""beginDate"":""2023-01-01"",""endDate"":""2026-08-14""}"	343ce2c8ec6a8e6e28b3446fa5d75252
2026-08-31T09:45:59.443+08:00[Asia/Shanghai]	144065205	query_economic_indicator_data	"{""question"":""A8559424,J4134558,A8702640,O6773571,N6407468,N2380314,A5167429"",""beginDate"":""2026-08-16"",""endDate"":""2026-08-31""}"	0d1ffd295a290c6821f64467cec83b56
2026-08-31T09:45:57.423+08:00[Asia/Shanghai]	144362983	query_economic_indicator_data	"{""question"":""G0001671"",""beginDate"":""2023-01-01"",""endDate"":""2026-08-14""}"	828c1ed8c88372d1909dd9146867b4eb
2026-08-31T09:45:54.915+08:00[Asia/Shanghai]	144362983	query_economic_indicator_data	"{""question"":""G0001671"",""beginDate"":""2023-01-01"",""endDate"":""2026-08-14""}"	33cc25b50bcd9a9526d49811f224068a
2026-08-31T09:45:52.413+08:00[Asia/Shanghai]	144362983	query_economic_indicator_data	"{""question"":""G0001671"",""beginDate"":""2023-01-01"",""endDate"":""2026-08-14""}"	f87fd38e429fdd6e542c3d6ae46134d6
2026-08-31T09:45:46.468+08:00[Asia/Shanghai]	143625683	query_economic_indicator_data	"{""question"":""S5820803,S5820804,S0031645,M0000185"",""observation"":""3""}"	cec1c5a09472a9ce2c3f9273aca1bdb2
2026-08-31T09:45:46.337+08:00[Asia/Shanghai]	144362983	query_economic_indicator_data	"{""question"":""Z1582998"",""beginDate"":""2023-01-01"",""endDate"":""2026-08-14""}"	05c823f447adf33c27ecab3584f5c73b
2026-08-31T09:45:43.399+08:00[Asia/Shanghai]	144362983	query_economic_indicator_data	"{""question"":""Z1582998"",""beginDate"":""2023-01-01"",""endDate"":""2026-08-14""}"	5a445dba2b9e8d7152c403c263a3b3fa
2026-08-31T09:45:40.884+08:00[Asia/Shanghai]	144362983	query_economic_indicator_data	"{""question"":""Z1582998"",""beginDate"":""2023-01-01"",""endDate"":""2026-08-14""}"	8b1fd76f5a5747b2391bf7f926b77774
2026-08-31T09:45:38.375+08:00[Asia/Shanghai]	144362983	query_economic_indicator_data	"{""question"":""Z1582998"",""beginDate"":""2023-01-01"",""endDate"":""2026-08-14""}"	b08ba15a82435600fe7d612c6d8cb3f8
2026-08-31T09:45:32.874+08:00[Asia/Shanghai]	144362983	query_economic_indicator_data	"{""question"":""Z1582998"",""beginDate"":""2023-01-01"",""endDate"":""2026-08-14""}"	f67496a60e9d8293864b0c8cb5a09888
2026-08-31T09:45:30.146+08:00[Asia/Shanghai]	144362983	query_economic_indicator_data	"{""question"":""Z1582998"",""beginDate"":""2023-01-01"",""endDate"":""2026-08-14""}"	69ecae237ed4833245e465a1b05dba1c
2026-08-31T09:45:25.119+08:00[Asia/Shanghai]	144362983	query_economic_indicator_data	"{""question"":""Z1582998"",""beginDate"":""2023-01-01"",""endDate"":""2026-08-14""}"	0af76492ea606e3598ec03ea107d96b7
2026-08-31T09:45:23.931+08:00[Asia/Shanghai]	144362983	query_economic_indicator_data	"{""question"":""Z1582998"",""beginDate"":""2023-01-01"",""endDate"":""2026-08-14""}"	57fd404ce8177dee2d73fd6e5a9555ee
2026-08-31T09:45:19.636+08:00[Asia/Shanghai]	144362983	query_economic_indicator_data	"{""question"":""Z1582998"",""beginDate"":""2023-01-01"",""endDate"":""2026-08-14""}"	b3503739b7015b9a19e2517482a983e8
2026-08-31T09:45:14.515+08:00[Asia/Shanghai]	144362983	query_economic_indicator_data	"{""question"":""Z1582998"",""beginDate"":""2023-01-01"",""endDate"":""2026-08-14""}"	36b97c0781108242b4d072a84993fe0e
2026-08-31T09:45:14.220+08:00[Asia/Shanghai]	143625683	query_economic_indicator_data	"{""question"":""S5820803,S5820804,S0031645,M0000185"",""observation"":""3""}"	b6263e9a3f43ce5977b9427f399a7360
2026-08-31T09:45:13.287+08:00[Asia/Shanghai]	144362983	query_economic_indicator_data	"{""question"":""Z1582998"",""beginDate"":""2023-01-01"",""endDate"":""2026-08-14""}"	3033104e15670eec8dce9a864989bbb8
2026-08-31T09:45:12.054+08:00[Asia/Shanghai]	144362983	query_economic_indicator_data	"{""question"":""Z1582998"",""beginDate"":""2023-01-01"",""endDate"":""2026-08-14""}"	59a87a314aea8c2d38511fba84cde98d
2026-08-31T09:45:11.152+08:00[Asia/Shanghai]	137911191	query_economic_indicator_data	"{""question"":""中国非制造业商务活动指数"",""beginDate"":""2015-01-01"",""endDate"":""2026-08-31""}"	a41842e522bead00df0883c1773df074
2026-08-31T09:45:06.600+08:00[Asia/Shanghai]	144124419	query_economic_indicator_data	"{""question"":""LME铜期货收盘价"",""observation"":""10""}"	5dab7999707aad28cb785bd28438e7ad
2026-08-31T09:45:06.429+08:00[Asia/Shanghai]	144362983	query_economic_indicator_data	"{""question"":""Z1582998"",""beginDate"":""2023-01-01"",""endDate"":""2026-08-14""}"	a1a298544c197818bdb421c68b112b41
2026-08-31T09:45:05.324+08:00[Asia/Shanghai]	144124419	query_economic_indicator_data	"{""question"":""中国国债到期收益率10年"",""observation"":""10""}"	40f842134635b93786ed36fe05d97bcd
2026-08-31T09:45:03.855+08:00[Asia/Shanghai]	144362983	query_economic_indicator_data	"{""question"":""Z1582998"",""beginDate"":""2023-01-01"",""endDate"":""2026-08-14""}"	4afcb020eae7106b20f651ca83c460e7
2026-08-31T09:45:00.814+08:00[Asia/Shanghai]	144362983	query_economic_indicator_data	"{""question"":""Z1582998"",""beginDate"":""2023-01-01"",""endDate"":""2026-08-14""}"	2c470c17849774f0a5d711319b136ff9
2026-08-31T09:44:57.605+08:00[Asia/Shanghai]	144362983	query_economic_indicator_data	"{""question"":""Z1582998"",""beginDate"":""2023-01-01"",""endDate"":""2026-08-14""}"	e18e72c2615cafa2cb78981ee355c49c
2026-08-31T09:44:53.348+08:00[Asia/Shanghai]	101090045	search_economic_indicator	"{""question"":""房地产开发投资完成额累计同比""}"	b65a7a92db95d3e3f074e5eeb0fd1673
2026-08-31T09:44:52.014+08:00[Asia/Shanghai]	144362983	query_economic_indicator_data	"{""question"":""Z1582998"",""beginDate"":""2023-01-01"",""endDate"":""2026-08-14""}"	8af64931aba103e1786be8435235455b
2026-08-31T09:44:49.355+08:00[Asia/Shanghai]	144362983	query_economic_indicator_data	"{""question"":""Z1582998"",""beginDate"":""2023-01-01"",""endDate"":""2026-08-14""}"	6f06ba99673e267bc5b3fe927f7a5b3b
2026-08-31T09:44:48.657+08:00[Asia/Shanghai]	137911191	query_economic_indicator_data	"{""question"":""财新中国PMI"",""beginDate"":""2015-01-01"",""endDate"":""2026-08-31""}"	2455bb3e894bb272aaf5d9587296ceaa
2026-08-31T09:44:46.742+08:00[Asia/Shanghai]	144362983	query_economic_indicator_data	"{""question"":""Z1582998"",""beginDate"":""2023-01-01"",""endDate"":""2026-08-14""}"	fdfd17a73eee9ebb55f0786b401c0951
2026-08-31T09:44:44.134+08:00[Asia/Shanghai]	144362983	query_economic_indicator_data	"{""question"":""Z1582998"",""beginDate"":""2023-01-01"",""endDate"":""2026-08-14""}"	53d43723bf7f6eebaf866b593185e3b5
2026-08-31T09:44:39.701+08:00[Asia/Shanghai]	137911191	query_economic_indicator_data	"{""question"":""M0017126"",""beginDate"":""2015-01-01"",""endDate"":""2026-08-31""}"	b9eec4f8537546a0da0e66c3abf2e5fc
2026-08-31T09:44:38.546+08:00[Asia/Shanghai]	144362983	query_economic_indicator_data	"{""question"":""Z1582998"",""beginDate"":""2023-01-01"",""endDate"":""2026-08-14""}"	15760ba8a4a8cbaeb6baf555f7ac8204
2026-08-31T09:44:37.469+08:00[Asia/Shanghai]	144124419	query_economic_indicator_data	"{""question"":""美元指数"",""observation"":""10""}"	f2a63d3d9bf904cf727176bf3734d745
2026-08-31T09:44:35.972+08:00[Asia/Shanghai]	144362983	query_economic_indicator_data	"{""question"":""Z1582998"",""beginDate"":""2023-01-01"",""endDate"":""2026-08-14""}"	d739660754f3a03ed0f99b70b553cbee
2026-08-31T09:44:33.351+08:00[Asia/Shanghai]	144362983	query_economic_indicator_data	"{""question"":""Z1582998"",""beginDate"":""2023-01-01"",""endDate"":""2026-08-14""}"	1c10c7d52addae32dabb7a6ae294a8ba
2026-08-31T09:44:30.617+08:00[Asia/Shanghai]	144362983	query_economic_indicator_data	"{""question"":""Z1582998"",""beginDate"":""2023-01-01"",""endDate"":""2026-08-14""}"	9de2d119e11faa5723a57cca7a4fa2e6
2026-08-31T09:44:29.299+08:00[Asia/Shanghai]	137911191	query_economic_indicator_data	"{""question"":""中国制造业采购经理指数"",""beginDate"":""2015-01-01"",""endDate"":""2026-08-31"",""observation"":140}"	fd6a40a1adf890ce5fb8459d01a8a8d7
2026-08-31T09:44:28.158+08:00[Asia/Shanghai]	144124419	query_economic_indicator_data	"{""question"":""美元指数"",""observation"":""25""}"	d4cd51d56d2d08aa50806159a810b2e8
2026-08-31T09:44:24.479+08:00[Asia/Shanghai]	144362983	query_economic_indicator_data	"{""question"":""G0001672"",""beginDate"":""2023-01-01"",""endDate"":""2026-08-14""}"	41a82ad9434eb07d2880b4810384acb4
2026-08-31T09:44:21.794+08:00[Asia/Shanghai]	144362983	query_economic_indicator_data	"{""question"":""G0001672"",""beginDate"":""2023-01-01"",""endDate"":""2026-08-14""}"	f6a9b1e0f59924d66e949a4458a59457
2026-08-31T09:44:18.763+08:00[Asia/Shanghai]	144362983	query_economic_indicator_data	"{""question"":""G0001672"",""beginDate"":""2023-01-01"",""endDate"":""2026-08-14""}"	0994dc3ab14ccf09d89c1743cd51005a
2026-08-31T09:44:18.398+08:00[Asia/Shanghai]	137911191	query_economic_indicator_data	"{""question"":""中国采购经理指数"",""beginDate"":""2015-01-01"",""endDate"":""2026-08-31""}"	b56ae965f881415cc4537ddc0d8fa125
2026-08-31T09:44:16.040+08:00[Asia/Shanghai]	144362983	query_economic_indicator_data	"{""question"":""G0001672"",""beginDate"":""2023-01-01"",""endDate"":""2026-08-14""}"	7f67709ee4fe84dd8db08558a3f30250
2026-08-31T09:44:13.715+08:00[Asia/Shanghai]	143614843	search_economic_indicator	"{""question"":""WTI原油期货价格""}"	2aa33558db0d4ebf5c7cc2f267d4f656
2026-08-31T09:44:13.283+08:00[Asia/Shanghai]	143614843	search_economic_indicator	"{""question"":""伦敦金现货价格""}"	9f93788b220f09c6616c4d082ac9c9dd
2026-08-31T09:44:12.706+08:00[Asia/Shanghai]	144124419	query_economic_indicator_data	"{""question"":""DXI指数"",""observation"":""25""}"	081677fb71ff9720ee7333b968a01474
2026-08-31T09:44:10.403+08:00[Asia/Shanghai]	144362983	query_economic_indicator_data	"{""question"":""G0001672"",""beginDate"":""2023-01-01"",""endDate"":""2026-08-14""}"	cc9f05b46dacdb0a89ed327f6a2db0d6
2026-08-31T09:44:07.725+08:00[Asia/Shanghai]	144362983	query_economic_indicator_data	"{""question"":""G0001672"",""beginDate"":""2023-01-01"",""endDate"":""2026-08-14""}"	ffc2d0ee75588e37944e5d39c518d990
2026-08-31T09:44:06.246+08:00[Asia/Shanghai]	144124419	query_economic_indicator_data	"{""question"":""DXI指数"",""observation"":""25""}"	29f6b6554d3c7a8e6e0c5acbd6b3e675
2026-08-31T09:44:05.075+08:00[Asia/Shanghai]	144362983	query_economic_indicator_data	"{""question"":""G0001672"",""beginDate"":""2023-01-01"",""endDate"":""2026-08-14""}"	fa8567e87601c57c07a0a0cd6af77c82
2026-08-31T09:44:05.043+08:00[Asia/Shanghai]	137911191	query_economic_indicator_data	"{""question"":""中国制造业PMI"",""beginDate"":""2018-01-01"",""endDate"":""2022-12-31""}"	dfe4de0e14a76b1eb5241f4de3f06c4a
2026-08-31T09:44:02.320+08:00[Asia/Shanghai]	144362983	query_economic_indicator_data	"{""question"":""G0001672"",""beginDate"":""2023-01-01"",""endDate"":""2026-08-14""}"	03d2a47bc455b8ce081dd98c64f7b79d
2026-08-31T09:43:58.994+08:00[Asia/Shanghai]	144124419	query_economic_indicator_data	"{""question"":""DXI指数"",""observation"":""25""}"	58113aa596fbc69f69a5afa245536c5b
2026-08-31T09:43:56.692+08:00[Asia/Shanghai]	144362983	query_economic_indicator_data	"{""question"":""G0001672"",""beginDate"":""2023-01-01"",""endDate"":""2026-08-14""}"	0f4446cf4ecd746bee1878d592bea8cf
2026-08-31T09:43:54.033+08:00[Asia/Shanghai]	144362983	query_economic_indicator_data	"{""question"":""G0001672"",""beginDate"":""2023-01-01"",""endDate"":""2026-08-14""}"	be66d4cde62df6fd36d8d7933f656fa9
2026-08-31T09:43:52.296+08:00[Asia/Shanghai]	144124419	query_economic_indicator_data	"{""question"":""美元指数"",""observation"":""25""}"	330fdd3f8d732648d7ab521b437edb9f
2026-08-31T09:43:51.615+08:00[Asia/Shanghai]	137911191	query_economic_indicator_data	"{""question"":""中国制造业PMI"",""beginDate"":""2023-01-01"",""endDate"":""2026-08-31""}"	682d1c5672450bae7bf93ff79a2bd863
2026-08-31T09:43:51.430+08:00[Asia/Shanghai]	144362983	query_economic_indicator_data	"{""question"":""G0001672"",""beginDate"":""2023-01-01"",""endDate"":""2026-08-14""}"	4bac47e797c9f9b9110e1aa00b1e3d4d
2026-08-31T09:43:49.747+08:00[Asia/Shanghai]	143614843	query_economic_indicator_data	"{""question"":""S0031645"",""beginDate"":""2026-06-01"",""endDate"":""2026-08-28""}"	c7ff8946cfec264a58691eaf282f18f0
2026-08-31T09:43:48.700+08:00[Asia/Shanghai]	144362983	query_economic_indicator_data	"{""question"":""G0001672"",""beginDate"":""2023-01-01"",""endDate"":""2026-08-14""}"	6634aaffb5d1e337509efbc4452e246d
2026-08-31T09:43:45.154+08:00[Asia/Shanghai]	144124419	query_economic_indicator_data	"{""question"":""美元指数"",""observation"":""25""}"	63cf0d40ad8a51f233e86957b4d8944d
2026-08-31T09:43:42.833+08:00[Asia/Shanghai]	144362983	query_economic_indicator_data	"{""question"":""G0001672"",""beginDate"":""2023-01-01"",""endDate"":""2026-08-14""}"	c00468091f2173500832e814f664f077
2026-08-31T09:43:40.511+08:00[Asia/Shanghai]	143614843	query_economic_indicator_data	"{""question"":""S0180896,S0031645,M1001791"",""beginDate"":""2026-06-01"",""endDate"":""2026-08-31""}"	466f5074074a4b35b9d38a55526d77b2
2026-08-31T09:43:40.233+08:00[Asia/Shanghai]	144362983	query_economic_indicator_data	"{""question"":""G0001672"",""beginDate"":""2023-01-01"",""endDate"":""2026-08-14""}"	6ead198b79764f64c9c6663f57b2c7ba
2026-08-31T09:43:37.942+08:00[Asia/Shanghai]	144124419	query_economic_indicator_data	"{""question"":""美元指数"",""observation"":""25""}"	400cb910827f4892add5e38beac520fd
2026-08-31T09:43:37.332+08:00[Asia/Shanghai]	144362983	query_economic_indicator_data	"{""question"":""G0001672"",""beginDate"":""2023-01-01"",""endDate"":""2026-08-14""}"	f032aeb28553fbb91b00786176b2c5f8
2026-08-31T09:43:34.717+08:00[Asia/Shanghai]	144362983	query_economic_indicator_data	"{""question"":""G0001672"",""beginDate"":""2023-01-01"",""endDate"":""2026-08-14""}"	4b827206798c74008fc5de4d7fe372f6
2026-08-31T09:43:33.334+08:00[Asia/Shanghai]	137911191	query_economic_indicator_data	"{""question"":""中国制造业PMI"",""beginDate"":""2010-01-01"",""endDate"":""2026-08-31""}"	54be93ec9518fbf6dd399e1e4834ad05
2026-08-31T09:43:31.726+08:00[Asia/Shanghai]	143691413	query_economic_indicator_data	"{""question"":""T1816217,C0083993,J5295955,S5007155,S5007164"",""beginDate"":""2015-01-01"",""endDate"":""2026-08-31""}"	06f9523118dbbd49751568fd969546b7
2026-08-31T09:43:31.096+08:00[Asia/Shanghai]	144124419	query_economic_indicator_data	"{""question"":""中国国债到期收益率10年"",""observation"":""10""}"	dd63e63a247dde8dec0d291c809c3082
2026-08-31T09:43:30.949+08:00[Asia/Shanghai]	143614843	query_economic_indicator_data	"{""question"":""S0180896,S0031645,M1001791"",""beginDate"":""2026-06-17"",""endDate"":""2026-08-31""}"	346f7cee4f16a932b4ea13477a7d33ea
2026-08-31T09:43:30.844+08:00[Asia/Shanghai]	143614843	query_economic_indicator_data	"{""question"":""S0180896,S0031645,M1001791"",""beginDate"":""2026-06-17"",""endDate"":""2026-08-31""}"	5d7baceb0b402f4134ab3e0aa7806ecf
2026-08-31T09:43:29.084+08:00[Asia/Shanghai]	144362983	query_economic_indicator_data	"{""question"":""G0001672"",""beginDate"":""2023-01-01"",""endDate"":""2026-08-14""}"	821f940de73cdc44fd46a6705efb11b8
2026-08-31T09:43:26.479+08:00[Asia/Shanghai]	144362983	query_economic_indicator_data	"{""question"":""G0001672"",""beginDate"":""2023-01-01"",""endDate"":""2026-08-14""}"	45cb2fcc67e012f8549f8519d84f4ddd
2026-08-31T09:43:24.464+08:00[Asia/Shanghai]	144124419	query_economic_indicator_data	"{""question"":""中国国债到期收益率10年"",""observation"":""10""}"	3effbc4d04e8973787e55baa02d50aeb
2026-08-31T09:43:23.813+08:00[Asia/Shanghai]	144362983	query_economic_indicator_data	"{""question"":""G0001672"",""beginDate"":""2023-01-01"",""endDate"":""2026-08-14""}"	a03b2c5133c995fd5ac8a31ede526948
2026-08-31T09:43:23.664+08:00[Asia/Shanghai]	137911191	query_economic_indicator_data	"{""question"":""中国制造业PMI"",""beginDate"":""2005-01-01"",""endDate"":""2026-08-31""}"	282deb4c5b39b55a705bf46dd93e5d8e
2026-08-31T09:43:22.266+08:00[Asia/Shanghai]	144424391	query_economic_indicator_data	"{""question"":""X9137530"",""beginDate"":""20260820"",""endDate"":""20260831""}"	f45ce9d287ef49038b1a6be35c9029de
2026-08-31T09:43:21.880+08:00[Asia/Shanghai]	144424391	query_economic_indicator_data	"{""question"":""A7503425"",""beginDate"":""20260820"",""endDate"":""20260831""}"	cf22864d81aaa830af5cd46abd77b43d
2026-08-31T09:43:21.487+08:00[Asia/Shanghai]	144424391	query_economic_indicator_data	"{""question"":""M0075992"",""beginDate"":""20260820"",""endDate"":""20260831""}"	d01a7ac355ce1e9f2bc5c7b3bc98a9b8
2026-08-31T09:43:21.142+08:00[Asia/Shanghai]	144362983	query_economic_indicator_data	"{""question"":""G0001672"",""beginDate"":""2023-01-01"",""endDate"":""2026-08-14""}"	560987f082c8cac25add0d6cc7472d33
2026-08-31T09:43:18.995+08:00[Asia/Shanghai]	144424391	query_economic_indicator_data	"{""question"":""M0060433"",""beginDate"":""20260820"",""endDate"":""20260831""}"	66c5684fb7793c3cc7abe435b3480c15
2026-08-31T09:43:17.260+08:00[Asia/Shanghai]	144124419	query_economic_indicator_data	"{""question"":""中国国债到期收益率10年"",""observation"":""10""}"	e5d7b653af17849930cbcd9816a027f6
2026-08-31T09:43:15.892+08:00[Asia/Shanghai]	110634389	search_economic_indicator	"{""question"":""美国2年期、10年期、30年期国债收益率，芝加哥期权交易所VIX波动率指数，美元指数DXY""}"	8970ad1cc58c295e935e5124a2e30c3a
2026-08-31T09:43:15.337+08:00[Asia/Shanghai]	144362983	query_economic_indicator_data	"{""question"":""G0001672"",""beginDate"":""2023-01-01"",""endDate"":""2026-08-14""}"	c5b204c52be31f597540cc2085871373
2026-08-31T09:43:12.631+08:00[Asia/Shanghai]	144362983	query_economic_indicator_data	"{""question"":""G0001672"",""beginDate"":""2023-01-01"",""endDate"":""2026-08-14""}"	44280048f090b788ef5dc59299316a87
2026-08-31T09:43:09.983+08:00[Asia/Shanghai]	144362983	query_economic_indicator_data	"{""question"":""G0001672"",""beginDate"":""2023-01-01"",""endDate"":""2026-08-14""}"	0910d077846081475e9af3b37c306f85
2026-08-31T09:43:07.295+08:00[Asia/Shanghai]	144362983	query_economic_indicator_data	"{""question"":""G0001672"",""beginDate"":""2023-01-01"",""endDate"":""2026-08-14""}"	904177990ebba56af2c7debeac5a1913
2026-08-31T09:43:00.710+08:00[Asia/Shanghai]	144362983	query_economic_indicator_data	"{""question"":""G0001680"",""beginDate"":""2023-01-01"",""endDate"":""2026-08-14""}"	1ed4211726db94a2ff2b5994eb05337a
2026-08-31T09:42:58.119+08:00[Asia/Shanghai]	144362983	query_economic_indicator_data	"{""question"":""G0001680"",""beginDate"":""2023-01-01"",""endDate"":""2026-08-14""}"	61dfd0c8b57832981ce430029f7ed510
2026-08-31T09:42:55.645+08:00[Asia/Shanghai]	144362983	query_economic_indicator_data	"{""question"":""G0001680"",""beginDate"":""2023-01-01"",""endDate"":""2026-08-14""}"	806696d6a91ddefed11be92ee2023659
2026-08-31T09:42:54.591+08:00[Asia/Shanghai]	144363937	query_economic_indicator_data	"{""question"":""中间价:港元兑人民币"",""observation"":""10""}"	f785badee631f99a2bc3d6f124540be2
2026-08-31T09:42:54.105+08:00[Asia/Shanghai]	144363937	query_economic_indicator_data	"{""question"":""中间价:港元兑人民币"",""observation"":""10""}"	d467e89d8b10358536d915b3198d56e8
2026-08-31T09:42:53.135+08:00[Asia/Shanghai]	144362983	query_economic_indicator_data	"{""question"":""G0001680"",""beginDate"":""2023-01-01"",""endDate"":""2026-08-14""}"	822f4ff7342101f6da92d8f018c15a91
2026-08-31T09:42:50.823+08:00[Asia/Shanghai]	110899746	query_economic_indicator_data	"{""question"":""M0067857"",""observation"":""2""}"	505000bccad20d8eb71f080e31ced566
2026-08-31T09:42:50.427+08:00[Asia/Shanghai]	144363937	query_economic_indicator_data	"{""question"":""港元兑人民币中间价"",""observation"":""10""}"	d5dfd14abdd635daa5c1c9c644890fb7
2026-08-31T09:42:49.969+08:00[Asia/Shanghai]	144363937	query_economic_indicator_data	"{""question"":""港元兑人民币中间价"",""observation"":""10""}"	e5431a6e2ecde1add73d6b103090a870
2026-08-31T09:42:49.619+08:00[Asia/Shanghai]	144363937	query_economic_indicator_data	"{""question"":""中间价:港元兑人民币"",""observation"":""10""}"	b068d4cc8075ae55b68edfbb5a627ac6
2026-08-31T09:42:49.299+08:00[Asia/Shanghai]	144363937	query_economic_indicator_data	"{""question"":""中间价:港元兑人民币"",""observation"":""10""}"	049d79baffd3b9cd30c251d1d4ff28da
2026-08-31T09:42:47.593+08:00[Asia/Shanghai]	144362983	query_economic_indicator_data	"{""question"":""G0001680"",""beginDate"":""2023-01-01"",""endDate"":""2026-08-14""}"	76564251b935861e493c780330bed6e8
2026-08-31T09:42:44.853+08:00[Asia/Shanghai]	144362983	query_economic_indicator_data	"{""question"":""G0001680"",""beginDate"":""2023-01-01"",""endDate"":""2026-08-14""}"	281da04844d71b343e2c17e68a7f9222
2026-08-31T09:42:42.190+08:00[Asia/Shanghai]	144362983	query_economic_indicator_data	"{""question"":""G0001680"",""beginDate"":""2023-01-01"",""endDate"":""2026-08-14""}"	95696591bde4dfcc7ba87a91961e25ef
2026-08-31T09:42:39.557+08:00[Asia/Shanghai]	144362983	query_economic_indicator_data	"{""question"":""G0001680"",""beginDate"":""2023-01-01"",""endDate"":""2026-08-14""}"	cf21944ead4d5f4e28c4fd2ad1cc6c36
2026-08-31T09:42:33.902+08:00[Asia/Shanghai]	144362983	query_economic_indicator_data	"{""question"":""G0001680"",""beginDate"":""2023-01-01"",""endDate"":""2026-08-14""}"	9d2aa5ee22ec8d78200dd32c00a9a4d4
2026-08-31T09:42:31.111+08:00[Asia/Shanghai]	144362983	query_economic_indicator_data	"{""question"":""G0001680"",""beginDate"":""2023-01-01"",""endDate"":""2026-08-14""}"	991ac3dd7b2bea468a3ce35c903e95ba
2026-08-31T09:42:28.494+08:00[Asia/Shanghai]	144362983	query_economic_indicator_data	"{""question"":""G0001680"",""beginDate"":""2023-01-01"",""endDate"":""2026-08-14""}"	a6695cd0fc948bce7cc78177c226ed7a
2026-08-31T09:42:24.839+08:00[Asia/Shanghai]	144362983	query_economic_indicator_data	"{""question"":""G0001680"",""beginDate"":""2023-01-01"",""endDate"":""2026-08-14""}"	f834a31368bde5893794bb7b5f662f9f
2026-08-31T09:42:19.171+08:00[Asia/Shanghai]	144362983	query_economic_indicator_data	"{""question"":""G0001680"",""beginDate"":""2023-01-01"",""endDate"":""2026-08-14""}"	ac9674049077dcf0f2be4a05e2ceacb5
2026-08-31T09:42:16.503+08:00[Asia/Shanghai]	144362983	query_economic_indicator_data	"{""question"":""G0001680"",""beginDate"":""2023-01-01"",""endDate"":""2026-08-14""}"	b22b8e302efbe52070a7eb6d506337b3
2026-08-31T09:42:13.896+08:00[Asia/Shanghai]	144362983	query_economic_indicator_data	"{""question"":""G0001680"",""beginDate"":""2023-01-01"",""endDate"":""2026-08-14""}"	b181e2824cc10799ed994d9aeea09f11
2026-08-31T09:42:11.128+08:00[Asia/Shanghai]	144362983	query_economic_indicator_data	"{""question"":""G0001680"",""beginDate"":""2023-01-01"",""endDate"":""2026-08-14""}"	86f91d82a0e41e92f54b1dd443518c7b
2026-08-31T09:42:05.439+08:00[Asia/Shanghai]	144362983	query_economic_indicator_data	"{""question"":""G0001680"",""beginDate"":""2023-01-01"",""endDate"":""2026-08-14""}"	8514390cb96b3a470f969838a00245eb
2026-08-31T09:42:02.767+08:00[Asia/Shanghai]	144362983	query_economic_indicator_data	"{""question"":""G0001680"",""beginDate"":""2023-01-01"",""endDate"":""2026-08-14""}"	762e73e1660e410ec72fc13c65161cd2
2026-08-31T09:42:00.078+08:00[Asia/Shanghai]	144362983	query_economic_indicator_data	"{""question"":""G0001680"",""beginDate"":""2023-01-01"",""endDate"":""2026-08-14""}"	3aa1364529c310195a7f85c3853d3973
2026-08-31T09:41:59.784+08:00[Asia/Shanghai]	110899746	query_economic_indicator_data	"{""question"":""M0067857"",""observation"":""2""}"	79053483f00e907109066fdf387f545c
2026-08-31T09:41:57.454+08:00[Asia/Shanghai]	144362983	query_economic_indicator_data	"{""question"":""G0001680"",""beginDate"":""2023-01-01"",""endDate"":""2026-08-14""}"	7ed2b4aee5e97f6a6aadc0b283da24a6
2026-08-31T09:41:51.780+08:00[Asia/Shanghai]	144362983	query_economic_indicator_data	"{""question"":""G0001680"",""beginDate"":""2023-01-01"",""endDate"":""2026-08-14""}"	84d046f58dfddc8293d4ff49f4170b35
2026-08-31T09:41:48.974+08:00[Asia/Shanghai]	144362983	query_economic_indicator_data	"{""question"":""G0001680"",""beginDate"":""2023-01-01"",""endDate"":""2026-08-14""}"	654e74cf47c0c13ee4eaf057e2604b03
2026-08-31T09:41:46.315+08:00[Asia/Shanghai]	144362983	query_economic_indicator_data	"{""question"":""G0001680"",""beginDate"":""2023-01-01"",""endDate"":""2026-08-14""}"	1a7e22f6200d02ee2b16b3284c1d43f5
2026-08-31T09:41:43.643+08:00[Asia/Shanghai]	144362983	query_economic_indicator_data	"{""question"":""G0001680"",""beginDate"":""2023-01-01"",""endDate"":""2026-08-14""}"	2de8c781b88a9b155a1163828ac8e481
2026-08-31T09:41:30.333+08:00[Asia/Shanghai]	110899746	query_economic_indicator_data	"{""question"":""M0067857"",""observation"":""2""}"	42ea70abd41f0fdbd8d29d6de143eb06
2026-08-31T09:41:28.025+08:00[Asia/Shanghai]	101090045	search_economic_indicator	"{""question"":""CPI""}"	6ffc799e1a492a22520dd533227dc439
2026-08-31T09:41:13.900+08:00[Asia/Shanghai]	101090045	search_economic_indicator	"{""question"":""房地产投资""}"	372396ca398ca1009d2b64c1d2d07268
2026-08-31T09:41:10.899+08:00[Asia/Shanghai]	144193460	search_economic_indicator	"{""question"":""伦敦金现""}"	28bf8cf383fe7a1ab33bb6ad53af04b1
2026-08-31T09:41:02.430+08:00[Asia/Shanghai]	101090045	search_economic_indicator	"{""question"":""中国房地产开发投资完成额""}"	540b9c499aa1d9eb4f84c56c6135191e
2026-08-31T09:40:57.261+08:00[Asia/Shanghai]	144462424	search_economic_indicator	"{""question"":""碳酸锂价格""}"	8e5e39b23d077436622d2f5b5235bd72
2026-08-31T09:40:53.522+08:00[Asia/Shanghai]	144124419	query_economic_indicator_data	"{""question"":""COMEX黄金期货收盘价"",""observation"":""5""}"	d8fade7187049eb544d13c8dbf9329a6
2026-08-31T09:40:41.939+08:00[Asia/Shanghai]	144124419	query_economic_indicator_data	"{""question"":""DDR5内存合约价"",""observation"":""8""}"	94cb1baa8b65b5e8da39e1e32d730890
2026-08-31T09:40:40.333+08:00[Asia/Shanghai]	144124419	query_economic_indicator_data	"{""question"":""台积电月度营业收入同比"",""observation"":""8""}"	4643d30906c544909c471e290b775090
2026-08-31T09:40:39.437+08:00[Asia/Shanghai]	144193460	query_economic_indicator_data	"{""question"":""伦敦金现"",""observation"":""4""}"	7cce0b14f6a74ec011bd9d9d3c7113cb
2026-08-31T09:40:39.148+08:00[Asia/Shanghai]	144124419	query_economic_indicator_data	"{""question"":""DDR4内存合约价"",""observation"":""8""}"	3033bb31b60cdb6011367c12a48961cb
2026-08-31T09:40:20.608+08:00[Asia/Shanghai]	144193460	query_economic_indicator_data	"{""question"":""伦敦金现 布伦特原油 美元指数 美国国债收益率10年30年 现货白银"",""beginDate"":""2026-08-24"",""endDate"":""2026-08-28""}"	7f35be1157a49d164212fd8d71869d3b
2026-08-31T09:40:19.585+08:00[Asia/Shanghai]	144124419	query_economic_indicator_data	"{""question"":""美国国债到期收益率10年"",""observation"":""10""}"	b10123c7a04f16ce1ca3976539c2e270
2026-08-31T09:40:18.920+08:00[Asia/Shanghai]	110899746	query_economic_indicator_data	"{""question"":""M0067857"",""observation"":""2""}"	d237dfd464cd49d3d9e1a9574737a2cc
2026-08-31T09:40:02.986+08:00[Asia/Shanghai]	144392397	query_economic_indicator_data	"{""question"":""M0000187"",""beginDate"":""2025-04-17"",""endDate"":""2026-08-27""}"	96c7f4c050d937193507bb7d67ff0d61
2026-08-31T09:40:02.468+08:00[Asia/Shanghai]	143839081	search_economic_indicator	"{""question"":""美国核心PCE同比、美国CPI同比、美国失业率、美国联邦基金目标利率、美国10年期国债收益率、美国5年期盈亏平衡通胀率、美元指数、布伦特原油现货、伦敦黄金现货、VIX指数、全球食品价格指数""}"	9e379065fbf98a9f4ed75f74e1bc9bd2
2026-08-31T09:39:57.469+08:00[Asia/Shanghai]	144462424	query_economic_indicator_data	"{""question"":""中国:价格:碳酸锂(电池级,99.5%,国产)"",""observation"":""5""}"	f485b70e37bbdc1647260807d9a552c3
2026-08-31T09:39:54.194+08:00[Asia/Shanghai]	144462424	search_economic_indicator	"{""question"":""碳酸锂价格""}"	0783673b5a3e39335cc48f9233113c25
2026-08-31T09:39:51.360+08:00[Asia/Shanghai]	144204857	query_economic_indicator_data	"{""question"":""M0017126"",""observation"":""6""}"	bde43132f977e86e3de6ac264c36bd30
2026-08-31T09:39:47.987+08:00[Asia/Shanghai]	144124419	query_economic_indicator_data	"{""question"":""碳酸锂期货主力合约收盘价"",""observation"":""25""}"	b2fc982f21ba323e469aa0e2dc256ede
2026-08-31T09:39:46.788+08:00[Asia/Shanghai]	144124419	query_economic_indicator_data	"{""question"":""螺纹钢期货主力合约收盘价"",""observation"":""25""}"	c47d95fed06a6c74ca2361cce01b4a8d
2026-08-31T09:39:45.545+08:00[Asia/Shanghai]	144124419	query_economic_indicator_data	"{""question"":""铁矿石期货主力合约收盘价"",""observation"":""25""}"	a0deb1b6ede477ca26268e62d6b963d7
2026-08-31T09:39:44.658+08:00[Asia/Shanghai]	143841933	search_economic_indicator	"{""question"":""中国M2同比""}"	a4c8f1ee704c1e130cedadc31f350f5b
2026-08-31T09:39:44.257+08:00[Asia/Shanghai]	144124419	query_economic_indicator_data	"{""question"":""WTI原油期货收盘价"",""observation"":""25""}"	82ddeef7429a21bf13a9170daac91831
2026-08-31T09:39:43.986+08:00[Asia/Shanghai]	143841933	search_economic_indicator	"{""question"":""中国M2同比""}"	0937ecedd7e4486ec9521b83b5487187
2026-08-31T09:39:43.238+08:00[Asia/Shanghai]	144124419	query_economic_indicator_data	"{""question"":""布伦特原油期货收盘价"",""observation"":""25""}"	4a5dcd87cc8feafa6520ea23926617b9
2026-08-31T09:39:43.032+08:00[Asia/Shanghai]	144124419	query_economic_indicator_data	"{""question"":""DXI指数"",""observation"":""25""}"	aba2cba2862d3ce9ea04635c4734d60d
2026-08-31T09:39:42.217+08:00[Asia/Shanghai]	144124419	query_economic_indicator_data	"{""question"":""LME铝期货收盘价"",""observation"":""25""}"	4d5c7c12e7d8ddf43e12b76693e151cd
2026-08-31T09:39:40.997+08:00[Asia/Shanghai]	144124419	query_economic_indicator_data	"{""question"":""LME铜期货收盘价"",""observation"":""25""}"	5f09b6c805a1dfa407eafd68d05d1f6d
2026-08-31T09:39:40.972+08:00[Asia/Shanghai]	144124419	query_economic_indicator_data	"{""question"":""美元指数"",""observation"":""25""}"	1fb2ef4bd9963bf60ed56689346d0b2d
2026-08-31T09:39:40.480+08:00[Asia/Shanghai]	144462424	query_economic_indicator_data	"{""question"":""中国:价格:碳酸锂(电池级,99.5%,国产)"",""observation"":""5""}"	76d96778a20f197ee5b49afd47d57987
2026-08-31T09:39:39.654+08:00[Asia/Shanghai]	144124419	query_economic_indicator_data	"{""question"":""COMEX白银期货收盘价"",""observation"":""25""}"	31bd114380aa0f9d4c1e3c0d1979ddcc
2026-08-31T09:39:38.277+08:00[Asia/Shanghai]	144124419	query_economic_indicator_data	"{""question"":""COMEX黄金期货收盘价"",""observation"":""25""}"	ecc3a8929a6e8b89b5ed1c1dec01588e
2026-08-31T09:39:38.220+08:00[Asia/Shanghai]	144124419	query_economic_indicator_data	"{""question"":""中国国债到期收益率10年"",""observation"":""10""}"	fabc8de0230fb246f483935238bb47e0
2026-08-31T09:39:36.140+08:00[Asia/Shanghai]	144124419	query_economic_indicator_data	"{""question"":""中国国债到期收益率10年"",""observation"":""60""}"	dd31c8aa630d2a00fd07ffb809937ed6
2026-08-31T09:39:32.587+08:00[Asia/Shanghai]	144124419	query_economic_indicator_data	"{""question"":""铁矿石期货主力合约收盘价"",""observation"":""60""}"	c3dcee258e3471f4f48099bd84ba0aae
2026-08-31T09:39:29.529+08:00[Asia/Shanghai]	144124419	query_economic_indicator_data	"{""question"":""台积电月度营业收入同比"",""observation"":""60""}"	e7c1c4f08b230c28cab69edd671bcff0
2026-08-31T09:39:26.940+08:00[Asia/Shanghai]	144124419	query_economic_indicator_data	"{""question"":""美国10年期通胀保值国债TIPS收益率"",""observation"":""60""}"	3ee7a653fc5a7fdf4eb0ce3d948e1fa8
2026-08-31T09:39:25.550+08:00[Asia/Shanghai]	144462424	query_economic_indicator_data	"{""question"":""中国:价格:碳酸锂(电池级,99.5%,国产)"",""observation"":""10""}"	b0cc2dcd36215d58b179d93761485359
2026-08-31T09:39:24.513+08:00[Asia/Shanghai]	144124419	query_economic_indicator_data	"{""question"":""碳酸锂期货主力合约收盘价"",""observation"":""60""}"	a9a0b3d0bf566f1a235028e4f4f4f2dd
2026-08-31T09:39:22.524+08:00[Asia/Shanghai]	143603906	query_economic_indicator_data	"{""question"":""人民币兑英镑中间价日度"",""beginDate"":""2025-12-29"",""endDate"":""2025-12-31""}"	59735f720228f33a47d3fb665184145e
2026-08-31T09:39:22.141+08:00[Asia/Shanghai]	144124419	query_economic_indicator_data	"{""question"":""LME铝期货收盘价"",""observation"":""60""}"	ead7192aa33f95ae4ffb0b0645fcf4c6
2026-08-31T09:39:21.925+08:00[Asia/Shanghai]	143603906	query_economic_indicator_data	"{""question"":""人民币兑日元中间价日度"",""beginDate"":""2025-12-29"",""endDate"":""2025-12-31""}"	10130b803d0fce25cdf63fcd10a947e8
2026-08-31T09:39:21.315+08:00[Asia/Shanghai]	143603906	query_economic_indicator_data	"{""question"":""人民币兑欧元中间价日度"",""beginDate"":""2025-12-29"",""endDate"":""2025-12-31""}"	ac0a8f108c55c7da0f3bce06db933ce3
2026-08-31T09:39:20.660+08:00[Asia/Shanghai]	143603906	query_economic_indicator_data	"{""question"":""人民币兑美元中间价日度"",""beginDate"":""2025-12-29"",""endDate"":""2025-12-31""}"	1c5b2116675f407fe107448bd870deb7
2026-08-31T09:39:18.142+08:00[Asia/Shanghai]	144462424	query_economic_indicator_data	"{""question"":""中国:现货领先价格:碳酸锂"",""observation"":""10""}"	b927827abbc76d69ee3aeff3a40ff58d
2026-08-31T09:39:17.837+08:00[Asia/Shanghai]	144124419	query_economic_indicator_data	"{""question"":""美国国债到期收益率30年"",""observation"":""60""}"	274818b79cbb381c61f2544385208298
2026-08-31T09:39:15.802+08:00[Asia/Shanghai]	144124419	query_economic_indicator_data	"{""question"":""美国国债到期收益率10年"",""observation"":""60""}"	337c1db3241d60bab70fc2d3ad3ebf23
2026-08-31T09:39:15.199+08:00[Asia/Shanghai]	144462424	query_economic_indicator_data	"{""question"":""富宝:中国:价格:碳酸锂(工业级,99.2%)"",""observation"":""10""}"	11c416671977617670d7388a0fe5959f
2026-08-31T09:39:13.445+08:00[Asia/Shanghai]	144124419	query_economic_indicator_data	"{""question"":""WTI原油期货收盘价"",""observation"":""60""}"	16fa39c255b05d24f2c3df01ae809bb2
2026-08-31T09:39:12.381+08:00[Asia/Shanghai]	144462424	query_economic_indicator_data	"{""question"":""中国:价格:碳酸锂(电池级,99.5%,国产)"",""observation"":""10""}"	7f02135ef8a76e5149b2ce68caa02d55
2026-08-31T09:39:11.038+08:00[Asia/Shanghai]	144124419	query_economic_indicator_data	"{""question"":""COMEX黄金期货收盘价"",""observation"":""60""}"	29d6e00bf60864f39ed963cb4948bb2b
2026-08-31T09:39:08.617+08:00[Asia/Shanghai]	144124419	query_economic_indicator_data	"{""question"":""LME铜库存 COMEX铜库存 最近8周"",""observation"":""60""}"	b402f7af1e5a396c0281a8f6945c1ad7
2026-08-31T09:39:06.333+08:00[Asia/Shanghai]	144124419	query_economic_indicator_data	"{""question"":""布伦特原油期货收盘价"",""observation"":""60""}"	07e2aa2983e5410577394cfe1479f397
2026-08-31T09:39:04.500+08:00[Asia/Shanghai]	144124419	query_economic_indicator_data	"{""question"":""螺纹钢期货主力合约收盘价"",""observation"":""60""}"	d3c4dbdf23c3863783a3866aa06038d0
2026-08-31T09:39:02.460+08:00[Asia/Shanghai]	144124419	query_economic_indicator_data	"{""question"":""美国国债到期收益率2年"",""observation"":""60""}"	a90ee073343bcdb2d054b1b663306a98
2026-08-31T09:39:00.304+08:00[Asia/Shanghai]	144124419	query_economic_indicator_data	"{""question"":""DXI指数"",""observation"":""60""}"	fbd758a30f47b7a171593b9477c235c0
2026-08-31T09:38:58.956+08:00[Asia/Shanghai]	144363937	query_economic_indicator_data	"{""question"":""中间价:港元兑人民币"",""observation"":""10""}"	0384b83c76f3f8d453422bff25183cf9
2026-08-31T09:38:58.433+08:00[Asia/Shanghai]	144363937	query_economic_indicator_data	"{""question"":""中间价:港元兑人民币"",""observation"":""10""}"	86d94d2009795e00c31a521bdfbbe2cf
2026-08-31T09:38:58.204+08:00[Asia/Shanghai]	144124419	query_economic_indicator_data	"{""question"":""美元指数"",""observation"":""60""}"	20460672addcc28eb4c81c0d90d3969c
2026-08-31T09:38:56.132+08:00[Asia/Shanghai]	144124419	query_economic_indicator_data	"{""question"":""DDR4内存合约价"",""observation"":""60""}"	69a4f53b333080df579c98473739a5bf
2026-08-31T09:38:54.997+08:00[Asia/Shanghai]	144363937	query_economic_indicator_data	"{""question"":""港元兑人民币中间价"",""observation"":""10""}"	cb885f488b77d5d2e09c7ecca233448b
2026-08-31T09:38:54.600+08:00[Asia/Shanghai]	144363937	query_economic_indicator_data	"{""question"":""港元兑人民币中间价"",""observation"":""10""}"	4b92e5654e2f1095bec5c89547954791
2026-08-31T09:38:54.145+08:00[Asia/Shanghai]	144124419	query_economic_indicator_data	"{""question"":""DDR5内存合约价"",""observation"":""60""}"	1608453e5c3d9edd057f1fcad9049180
2026-08-31T09:38:53.116+08:00[Asia/Shanghai]	144363937	query_economic_indicator_data	"{""question"":""中间价:港元兑人民币"",""observation"":""10""}"	24733373b3dd5e301797c9bd1535d57d
2026-08-31T09:38:51.935+08:00[Asia/Shanghai]	144124419	query_economic_indicator_data	"{""question"":""LME铜期货收盘价"",""observation"":""60""}"	6bd9a1f3472f5eb3e3c5b074c9543833
2026-08-31T09:38:50.283+08:00[Asia/Shanghai]	144363937	query_economic_indicator_data	"{""question"":""中间价:港元兑人民币"",""observation"":""10""}"	8aa5b5ff4c17679bc0b591ca21f723d3
2026-08-31T09:38:49.643+08:00[Asia/Shanghai]	144124419	query_economic_indicator_data	"{""question"":""COMEX白银期货收盘价"",""observation"":""60""}"	14221bd95a33e0a23d249c2aa18a5be4
2026-08-31T09:38:48.853+08:00[Asia/Shanghai]	144462424	query_economic_indicator_data	"{""question"":""指标代码C6154032"",""observation"":""10""}"	55d08169f9cca82c373abee2cf2ca64a
2026-08-31T09:38:41.131+08:00[Asia/Shanghai]	144462424	query_economic_indicator_data	"{""question"":""指标代码U8463644"",""observation"":""10""}"	1a2f7f92c8997be6b831c8522f96e046
2026-08-31T09:38:37.263+08:00[Asia/Shanghai]	144462424	query_economic_indicator_data	"{""question"":""指标代码S5811336"",""observation"":""10""}"	dc5b0edbc2638d1bba161297e5c0394c
2026-08-31T09:38:06.110+08:00[Asia/Shanghai]	144392397	query_economic_indicator_data	"{""question"":""M0000187"",""beginDate"":""2025-04-17"",""endDate"":""2026-08-27""}"	e1817f8e289136c9ff3e40e18b11840f
2026-08-31T09:37:54.297+08:00[Asia/Shanghai]	143899044	search_economic_indicator	"{""question"":""中国国债10年期到期收益率""}"	168dbcfc1d0bffffe18f190f1b446227
2026-08-31T09:37:41.078+08:00[Asia/Shanghai]	143899044	query_economic_indicator_data	"{""question"":""M0325687"",""beginDate"":""2026-08-14"",""endDate"":""2026-08-28""}"	dcc4dd1bda9fcb4cab79f12b80a812fd
2026-08-31T09:37:27.319+08:00[Asia/Shanghai]	144462424	search_economic_indicator	"{""question"":""碳酸锂库存""}"	91b457a1095ff259e4d268374c808270
2026-08-31T09:37:20.774+08:00[Asia/Shanghai]	144462424	search_economic_indicator	"{""question"":""碳酸锂库存""}"	5802b336488928ebefd0ae90ba1756a9
2026-08-31T09:37:13.492+08:00[Asia/Shanghai]	143603906	query_economic_indicator_data	"{""question"":""人民币兑英镑中间价日度"",""beginDate"":""2026-08-21"",""endDate"":""2026-08-31""}"	8ef8e49799d0c681e023ae5ef1e727cc
2026-08-31T09:37:12.745+08:00[Asia/Shanghai]	143603906	query_economic_indicator_data	"{""question"":""人民币兑日元中间价日度"",""beginDate"":""2026-08-21"",""endDate"":""2026-08-31""}"	688085f5fa86f3199982f90fa41ed0bb
2026-08-31T09:37:12.022+08:00[Asia/Shanghai]	143603906	query_economic_indicator_data	"{""question"":""人民币兑欧元中间价日度"",""beginDate"":""2026-08-21"",""endDate"":""2026-08-31""}"	f4e7714f1f7a643ff235aa9a35dcc6a5
2026-08-31T09:37:07.605+08:00[Asia/Shanghai]	143603906	query_economic_indicator_data	"{""question"":""人民币兑美元中间价日度"",""beginDate"":""2026-08-21"",""endDate"":""2026-08-31""}"	ce2f62cf1b040e38d767c8a3d774e345
2026-08-31T09:37:03.074+08:00[Asia/Shanghai]	143848357	query_economic_indicator_data	"{""question"":""M0075992"",""beginDate"":""2026-08-21"",""endDate"":""2026-08-31""}"	cc798a7fbb54b82c8cd333d31f9fdddc
2026-08-31T09:37:01.036+08:00[Asia/Shanghai]	143848357	query_economic_indicator_data	"{""question"":""M0075992"",""beginDate"":""2026-08-21"",""endDate"":""2026-08-31""}"	66db2879af0a174c1f13967013642ff0
2026-08-31T09:36:57.620+08:00[Asia/Shanghai]	143848357	query_economic_indicator_data	"{""question"":""M0340770"",""beginDate"":""2026-08-21"",""endDate"":""2026-08-31""}"	c713be93e65534a216747f5fba32c5df
2026-08-31T09:36:55.544+08:00[Asia/Shanghai]	143848357	query_economic_indicator_data	"{""question"":""M0340770"",""beginDate"":""2026-08-21"",""endDate"":""2026-08-31""}"	9813a2a72c0a09dae7dd8578d47bcd0f
2026-08-31T09:36:38.951+08:00[Asia/Shanghai]	143552812	query_economic_indicator_data	"{""question"":""查询美元兑离岸人民币USDCNH即期汇率最新3期数据"",""observation"":""3""}"	c98291948fc172e73e16d0d94db6e06b
2026-08-31T09:36:38.908+08:00[Asia/Shanghai]	143679261	search_economic_indicator	"{""question"":""地方政府专项债券发行额""}"	5fa7c55776aa5362c88c7ef7a9482e18
2026-08-31T09:36:38.167+08:00[Asia/Shanghai]	143552812	search_economic_indicator	"{""question"":""美元兑离岸人民币 USDCNH 即期汇率 最新""}"	af980334a815c103114238474f7640cf
2026-08-31T09:36:37.350+08:00[Asia/Shanghai]	143552812	search_economic_indicator	"{""question"":""富时中国A50期货 新加坡 SGX A50 期指 最新 收盘""}"	a6ee67508d5aa044cc947265e52f4c5f
2026-08-31T09:36:26.452+08:00[Asia/Shanghai]	143603906	query_economic_indicator_data	"{""question"":""人民币汇率中间价美元欧元日元英镑兑人民币"",""beginDate"":""2026-08-31"",""endDate"":""2026-08-31""}"	89740e3a091f20165aa3c2f7b2ab621a
2026-08-31T09:36:23.369+08:00[Asia/Shanghai]	143848357	query_economic_indicator_data	"{""question"":""M0331254"",""beginDate"":""2026-08-21"",""endDate"":""2026-08-31""}"	a80c42985441c5b9cd9885ee7410ab00
2026-08-31T09:36:21.396+08:00[Asia/Shanghai]	143848357	query_economic_indicator_data	"{""question"":""M0331254"",""beginDate"":""2026-08-21"",""endDate"":""2026-08-31""}"	dbddb98660cf06b3bc3b6a41ee3bc730
2026-08-31T09:36:17.017+08:00[Asia/Shanghai]	143551526	query_economic_indicator_data	"{""question"":""中国CPI、PPI、PMI、社会融资规模、M2"",""beginDate"":""2026-08-01"",""endDate"":""2026-08-31""}"	a3d34fbb1d82d740c970014f082beacf
2026-08-31T09:36:16.581+08:00[Asia/Shanghai]	143848357	query_economic_indicator_data	"{""question"":""G0003892"",""beginDate"":""2026-08-21"",""endDate"":""2026-08-31""}"	1ed405808490f203f2aec47b56f7e690
2026-08-31T09:36:14.634+08:00[Asia/Shanghai]	143848357	query_economic_indicator_data	"{""question"":""G0003892"",""beginDate"":""2026-08-21"",""endDate"":""2026-08-31""}"	27d3866e2b7c33f75aa4cb8e0c9f62f5
2026-08-31T09:36:11.135+08:00[Asia/Shanghai]	143848357	query_economic_indicator_data	"{""question"":""S0213036"",""beginDate"":""2026-08-21"",""endDate"":""2026-08-31""}"	8e12673630de2a27d8679f20ffad9606
2026-08-31T09:36:08.998+08:00[Asia/Shanghai]	143848357	query_economic_indicator_data	"{""question"":""S0213036"",""beginDate"":""2026-08-21"",""endDate"":""2026-08-31""}"	06966c1fa4c39658caec4cfc4413a793
2026-08-31T09:36:05.504+08:00[Asia/Shanghai]	143848357	query_economic_indicator_data	"{""question"":""G0000887"",""beginDate"":""2026-08-21"",""endDate"":""2026-08-31""}"	96e90f43fdef8b3deda3179ba914856d
2026-08-31T09:36:04.978+08:00[Asia/Shanghai]	110899746	query_economic_indicator_data	"{""question"":""M0067857"",""observation"":""2""}"	1ad9f275392a7ca0732b6b9585f7bf51
2026-08-31T09:36:00.177+08:00[Asia/Shanghai]	143848357	query_economic_indicator_data	"{""question"":""G0000891"",""beginDate"":""2026-08-21"",""endDate"":""2026-08-31""}"	5ba2c2eb88fa5b1897dbec96b1284e09
2026-08-31T09:35:59.806+08:00[Asia/Shanghai]	143848357	query_economic_indicator_data	"{""question"":""G0000887"",""beginDate"":""2026-08-21"",""endDate"":""2026-08-31""}"	0aec18cab690b00bcb23809dc28f1d01
2026-08-31T09:35:58.331+08:00[Asia/Shanghai]	143848357	query_economic_indicator_data	"{""question"":""G0000891"",""beginDate"":""2026-08-21"",""endDate"":""2026-08-31""}"	eb8f995af183fa643eac1b3d5a4fc24a
2026-08-31T09:35:51.260+08:00[Asia/Shanghai]	143848357	query_economic_indicator_data	"{""question"":""M0290205"",""beginDate"":""2026-08-21"",""endDate"":""2026-08-31""}"	666b743a84eb14cf89fb2dcbefaa35bf
2026-08-31T09:35:49.410+08:00[Asia/Shanghai]	143848357	query_economic_indicator_data	"{""question"":""M0290205"",""beginDate"":""2026-08-21"",""endDate"":""2026-08-31""}"	7ff0d37b887c7ae4c8c8d68248d486b4
2026-08-31T09:35:48.020+08:00[Asia/Shanghai]	143848357	query_economic_indicator_data	"{""question"":""M0000200"",""beginDate"":""2026-08-21"",""endDate"":""2026-08-31""}"	faff7c6d8315a7cd4bbe9cac96a03dff
2026-08-31T09:35:46.092+08:00[Asia/Shanghai]	143848357	query_economic_indicator_data	"{""question"":""M0000200"",""beginDate"":""2026-08-21"",""endDate"":""2026-08-31""}"	b019077970bb351e50804d3186e6a7f0
2026-08-31T09:35:44.723+08:00[Asia/Shanghai]	143848357	query_economic_indicator_data	"{""question"":""M0000271"",""beginDate"":""2026-08-21"",""endDate"":""2026-08-31""}"	a0ca808997b1edf0e11396868c072972
2026-08-31T09:35:42.908+08:00[Asia/Shanghai]	143848357	query_economic_indicator_data	"{""question"":""M0000271"",""beginDate"":""2026-08-21"",""endDate"":""2026-08-31""}"	0f3898ff46f525176dc20cd38a8ea017
2026-08-31T09:35:33.259+08:00[Asia/Shanghai]	143848357	query_economic_indicator_data	"{""question"":""S0186245"",""beginDate"":""2026-08-21"",""endDate"":""2026-08-31""}"	5b9eb574dc7f0fcda4b3d132ed769017
2026-08-31T09:35:28.061+08:00[Asia/Shanghai]	143848357	query_economic_indicator_data	"{""question"":""S0074728"",""beginDate"":""2026-08-21"",""endDate"":""2026-08-31""}"	a788fa3420213bed9e44f3166b076023
2026-08-31T09:35:27.668+08:00[Asia/Shanghai]	143848357	query_economic_indicator_data	"{""question"":""S0186245"",""beginDate"":""2026-08-21"",""endDate"":""2026-08-31""}"	329818ef25ceeae8c7dbd7d8be812964
2026-08-31T09:35:25.703+08:00[Asia/Shanghai]	143848357	query_economic_indicator_data	"{""question"":""S0074728"",""beginDate"":""2026-08-21"",""endDate"":""2026-08-31""}"	907938bc5948a6eac14f0f7de43a2fd2
2026-08-31T09:35:18.628+08:00[Asia/Shanghai]	143848357	query_economic_indicator_data	"{""question"":""S0147010"",""beginDate"":""2026-08-21"",""endDate"":""2026-08-31""}"	68e3c808325994c581e082c721badb94
2026-08-31T09:35:16.859+08:00[Asia/Shanghai]	143848357	query_economic_indicator_data	"{""question"":""S0031525"",""beginDate"":""2026-08-21"",""endDate"":""2026-08-31""}"	9a8b1993fbf509658b5ac53d1afe01ba
2026-08-31T09:35:16.804+08:00[Asia/Shanghai]	143848357	query_economic_indicator_data	"{""question"":""S0147010"",""beginDate"":""2026-08-21"",""endDate"":""2026-08-31""}"	de7ffcb345c3ace4d290f3f77ea3ca90
2026-08-31T09:35:14.980+08:00[Asia/Shanghai]	143848357	query_economic_indicator_data	"{""question"":""S0031525"",""beginDate"":""2026-08-21"",""endDate"":""2026-08-31""}"	0df183e974f86579def505fd9063bf3c
2026-08-31T09:35:11.362+08:00[Asia/Shanghai]	143848357	query_economic_indicator_data	"{""question"":""S0069669"",""beginDate"":""2026-08-21"",""endDate"":""2026-08-31""}"	c8d5f959aa281256979d95a273c7fd7f
2026-08-31T09:35:11.086+08:00[Asia/Shanghai]	144392397	query_economic_indicator_data	"{""question"":""M0000187"",""beginDate"":""2026-01-01"",""endDate"":""2026-03-31""}"	0362b29b401ed40136c3983ec5371983
2026-08-31T09:35:08.781+08:00[Asia/Shanghai]	144392397	query_economic_indicator_data	"{""question"":""M0000187"",""beginDate"":""2025-04-17"",""endDate"":""2025-06-30""}"	97f3acd387efb88692560813bc6a3f21
2026-08-31T09:35:05.838+08:00[Asia/Shanghai]	143848357	query_economic_indicator_data	"{""question"":""S0069669"",""beginDate"":""2026-08-21"",""endDate"":""2026-08-31""}"	9a9938de17595f5f08c7050e7c9a58ed
2026-08-31T09:34:53.938+08:00[Asia/Shanghai]	144392397	query_economic_indicator_data	"{""question"":""M0000187"",""beginDate"":""2025-04-17"",""endDate"":""2026-08-27""}"	328953b2a3d9b2c2014878c039365e21
2026-08-31T09:34:45.108+08:00[Asia/Shanghai]	144237288	query_economic_indicator_data	"{""question"":""提取中国制造业PMI数据"",""beginDate"":""2025-09-01"",""endDate"":""2026-08-31""}"	6177e0ea601ced83c45524710c39f851
2026-08-31T09:34:39.098+08:00[Asia/Shanghai]	144392397	query_economic_indicator_data	"{""question"":""M0000187"",""beginDate"":""2025-04-17"",""endDate"":""2026-08-27""}"	ed3b85bf542ff44432795a0ad606635e
2026-08-31T09:34:25.839+08:00[Asia/Shanghai]	140693204	search_economic_indicator	"{""question"":""地方债限额""}"	fea8bd7f85ba788c846fb3d10cc0a9a5
2026-08-31T09:34:25.795+08:00[Asia/Shanghai]	140693204	query_economic_indicator_data	"{""question"":""M0057894"",""beginDate"":""2026-07-01"",""endDate"":""2026-07-31""}"	d27b88f15ce4a7c8404457ff6669bb68
2026-08-31T09:34:10.505+08:00[Asia/Shanghai]	140693204	search_economic_indicator	"{""question"":""地方政府债务限额 总额""}"	e8747ed37a880efdd6236265aba58d48
2026-08-31T09:34:10.452+08:00[Asia/Shanghai]	140693204	search_economic_indicator	"{""question"":""地方政府债务余额 限额""}"	4c22261e6cb048cdc06ba98f63143b0b
2026-08-31T09:33:54.681+08:00[Asia/Shanghai]	144302316	search_economic_indicator	"{""question"":""中国官方制造业采购经理指数PMI和非制造业商务活动指数""}"	d2705d37a3387c2d1f579c6971834648
2026-08-31T09:33:41.946+08:00[Asia/Shanghai]	143757940	query_economic_indicator_data	"{""question"":""中国8月官方制造业PMI最新值是多少"",""observation"":3}"	550e7c1028e1edeebad9c7bb4b8d5994
2026-08-31T09:33:36.179+08:00[Asia/Shanghai]	143896541	query_economic_indicator_data	"{""question"":""MLF投放 M5528818"",""beginDate"":""20260601"",""endDate"":""20260831""}"	d88e71b4374fa6c4c3808990242f2577
2026-08-31T09:33:32.238+08:00[Asia/Shanghai]	143896541	query_economic_indicator_data	"{""question"":""MLF投放量"",""beginDate"":""20260601"",""endDate"":""20260831""}"	6b669274adba76e741b8ee2181744240
2026-08-31T09:33:22.091+08:00[Asia/Shanghai]	144294349	query_economic_indicator_data	"{""question"":""M0001380"",""beginDate"":""2017-01-01"",""endDate"":""2026-07-31""}"	7a9eab085beeab14d8057cb3cfdae0f7
2026-08-31T09:33:19.554+08:00[Asia/Shanghai]	143905293	query_economic_indicator_data	"{""question"":""澜起科技融资余额"",""beginDate"":""2026-08-24"",""endDate"":""2026-08-31""}"	283dbf692e3ff8ef172ba09c44b38562
2026-08-31T09:33:10.828+08:00[Asia/Shanghai]	144237288	query_economic_indicator_data	"{""question"":""中国制造业PMI"",""observation"":""12""}"	239b6523bbd095ebc0f14454ef516d7d
2026-08-31T09:32:35.676+08:00[Asia/Shanghai]	111250998	search_economic_indicator	"{""question"":""维持担保比例""}"	d7e1726946bd711d65d8a5a6f466ba7a
2026-08-31T09:32:35.257+08:00[Asia/Shanghai]	143584556	query_economic_indicator_data	"{""question"":""G0000887,G0000891,G0000893,G0005428,M0000271,S0031525,S0069669"",""beginDate"":""2026-08-27"",""endDate"":""2026-08-28""}"	db82f2d227f3131e86a35edc21ec5395
2026-08-31T09:32:15.110+08:00[Asia/Shanghai]	144237288	search_economic_indicator	"{""question"":""中国制造业PMI月度数据""}"	ba2edfa6d40befa5ec0a4452dd3c8818
2026-08-31T09:32:12.498+08:00[Asia/Shanghai]	138152793	query_economic_indicator_data	"{""question"":""中国官方制造业PMI和非制造业商务活动指数"",""observation"":""4""}"	cc869228fb7dc8bd29cb8b365b172760
2026-08-31T09:32:09.056+08:00[Asia/Shanghai]	143905293	query_economic_indicator_data	"{""question"":""S0276246"",""beginDate"":""2026-08-24"",""endDate"":""2026-08-31""}"	85cb2e3415565083ffdb0f49323c02b8
2026-08-31T09:32:08.753+08:00[Asia/Shanghai]	144237288	query_economic_indicator_data	"{""question"":""M0017126"",""observation"":""5""}"	b2b3b294221c5470488ec1375c2613dc
2026-08-31T09:32:06.568+08:00[Asia/Shanghai]	143952672	search_economic_indicator	"{""question"":""融资融券余额""}"	5033c68b6763b4ade20824868aa0abe5
2026-08-31T09:31:55.081+08:00[Asia/Shanghai]	111250998	query_economic_indicator_data	"{""question"":""M0076000"",""beginDate"":""2026-08-01"",""endDate"":""2026-08-31""}"	31b6a24c749a450355ba3a39a0d171ca
2026-08-31T09:31:52.590+08:00[Asia/Shanghai]	111250998	query_economic_indicator_data	"{""question"":""M0076000"",""beginDate"":""2026-08-01"",""endDate"":""2026-08-31""}"	14941c16b10b572ab89219a130098c09
2026-08-31T09:31:50.783+08:00[Asia/Shanghai]	143952672	query_economic_indicator_data	"{""question"":""A股融资融券余额"",""beginDate"":""2026-07-16"",""endDate"":""2026-08-28""}"	0353ee852e42d69f401e8e08e7531f1c
2026-08-31T09:31:50.090+08:00[Asia/Shanghai]	111250998	query_economic_indicator_data	"{""question"":""M0076000"",""beginDate"":""2026-08-01"",""endDate"":""2026-08-31""}"	649769c0e75a892e0a97bf64be91905c
2026-08-31T09:31:44.491+08:00[Asia/Shanghai]	111250998	query_economic_indicator_data	"{""question"":""M0076000"",""beginDate"":""2024-08-01"",""endDate"":""2026-08-31""}"	431f3736451c6a121a6796775003810e
2026-08-31T09:31:41.202+08:00[Asia/Shanghai]	143952672	query_economic_indicator_data	"{""question"":""万得全A成交金额"",""beginDate"":""2026-07-16"",""endDate"":""2026-08-28""}"	353cde520467f4048ab76ce647cc3984
2026-08-31T09:31:36.823+08:00[Asia/Shanghai]	143952672	query_economic_indicator_data	"{""question"":""A股融资买入额"",""beginDate"":""2026-07-16"",""endDate"":""2026-08-28""}"	3379d642fa60ab8dd1421484c6724494
2026-08-31T09:31:32.821+08:00[Asia/Shanghai]	143952672	query_economic_indicator_data	"{""question"":""A股融券余额"",""beginDate"":""2026-07-16"",""endDate"":""2026-08-28""}"	e9257d06b43a92566b619e85ab4c2d2c
2026-08-31T09:31:32.693+08:00[Asia/Shanghai]	144318680	query_economic_indicator_data	"{""question"":""M0017126,M0000612,M0001227,M0000606,M0000608,M0001385,M5525763,M5206731,M0009973,M0046169,M0046167"",""beginDate"":""2020-01-01"",""endDate"":""2020-12-31""}"	69cc8fb00d076662dd9705b918f5a809
2026-08-31T09:31:26.158+08:00[Asia/Shanghai]	143952672	query_economic_indicator_data	"{""question"":""A股融资余额"",""beginDate"":""2026-07-16"",""endDate"":""2026-08-28""}"	95f62f2f40a7893bf4937ddac1e4af23
2026-08-31T09:31:25.910+08:00[Asia/Shanghai]	143952672	query_economic_indicator_data	"{""question"":""A股融资融券余额"",""beginDate"":""2026-07-16"",""endDate"":""2026-08-28""}"	8a8da2dab29b76be02209ddcc5360461
2026-08-31T09:31:14.019+08:00[Asia/Shanghai]	111250998	query_economic_indicator_data	"{""question"":""M0076000"",""beginDate"":""2024-08-31"",""endDate"":""2026-08-31""}"	fd67ba25485ad88303cbe9b4f391234e
2026-08-31T09:31:11.572+08:00[Asia/Shanghai]	111250998	query_economic_indicator_data	"{""question"":""M0076000"",""beginDate"":""2024-08-31"",""endDate"":""2026-08-31""}"	ec599a79ea1006616c62e3a61f10efdb
2026-08-31T09:31:05.371+08:00[Asia/Shanghai]	111250998	query_economic_indicator_data	"{""question"":""M0076000"",""beginDate"":""2024-08-31"",""endDate"":""2026-08-31""}"	1a372cc8742fcfbeb97d0aa49e25743b
2026-08-31T09:31:03.988+08:00[Asia/Shanghai]	110899746	query_economic_indicator_data	"{""question"":""M0067857"",""observation"":""2""}"	c24bcec77e24eda3e0748292bfd4e1db
2026-08-31T09:31:00.566+08:00[Asia/Shanghai]	137768516	query_economic_indicator_data	"{""question"":""M0061606,M0061610"",""beginDate"":""2026-08-28"",""endDate"":""2026-08-28""}"	65f134ec26fa11b1fb30e4903349d733
2026-08-31T09:30:49.470+08:00[Asia/Shanghai]	143905293	query_economic_indicator_data	"{""question"":""S0276246"",""observation"":""6""}"	6cac03d4cab26e9771ccc7e37265a2ef
2026-08-31T09:30:20.290+08:00[Asia/Shanghai]	144349724	query_economic_indicator_data	"{""question"":""中国财产保险公司原保险保费收入累计值及同比，财产保险公司赔付支出累计值"",""beginDate"":""2023-01-01"",""endDate"":""2026-06-30""}"	df5586cff1b8af76b0f63b7d4c4e8bba
2026-08-31T09:29:24.863+08:00[Asia/Shanghai]	144204857	query_economic_indicator_data	"{""question"":""S2707388"",""beginDate"":""2026-05-01"",""endDate"":""2026-08-31""}"	4b00d1b4612e4e5dd807f937a85928f3
2026-08-31T09:29:19.541+08:00[Asia/Shanghai]	144204857	query_economic_indicator_data	"{""question"":""M0041653"",""beginDate"":""2026-05-01"",""endDate"":""2026-08-31""}"	5ca27662a386d257bad87a1215d069f0
2026-08-31T09:29:15.296+08:00[Asia/Shanghai]	144204857	query_economic_indicator_data	"{""question"":""C6154032"",""beginDate"":""2026-05-01"",""endDate"":""2026-08-31""}"	17004d8b82a212e15bb12a67b25e8851
2026-08-31T09:29:06.585+08:00[Asia/Shanghai]	144204857	query_economic_indicator_data	"{""question"":""S0031553"",""beginDate"":""2026-05-01"",""endDate"":""2026-08-31""}"	12ae12cab2cee07bbe9ab13a421ee202
2026-08-31T09:29:03.978+08:00[Asia/Shanghai]	144204857	query_economic_indicator_data	"{""question"":""S0029751"",""beginDate"":""2026-05-01"",""endDate"":""2026-08-31""}"	2fbed54d1b33277e1b406003967a567f
2026-08-31T09:28:54.099+08:00[Asia/Shanghai]	144204857	query_economic_indicator_data	"{""question"":""S0035823"",""beginDate"":""2026-05-01"",""endDate"":""2026-08-31""}"	b82bc0098946b09e9d78b82a0113492e
2026-08-31T09:28:51.882+08:00[Asia/Shanghai]	142754693	query_economic_indicator_data	"{""question"":""M0075992"",""beginDate"":""2026-08-28"",""endDate"":""2026-08-31""}"	23e878898e7034d0ca13ae0fa27e85e0
2026-08-31T09:28:13.711+08:00[Asia/Shanghai]	144011783	query_economic_indicator_data	"{""question"":""B5583702,F1214273,S9979925,W4431856"",""beginDate"":""2025-01-01"",""endDate"":""2026-08-31""}"	012296809dfaf4682e20e45e35ae6574
2026-08-31T09:27:58.864+08:00[Asia/Shanghai]	143552812	query_economic_indicator_data	"{""question"":""查询美元指数、美元兑离岸人民币USDCNH、COMEX黄金期货、NYMEX WTI原油期货、LME三个月铜最新收盘价和涨跌幅"",""observation"":""3""}"	bf30249f8f9a800b86c0ba11bfd83d6f
2026-08-31T09:27:55.966+08:00[Asia/Shanghai]	144367924	query_economic_indicator_data	"{""question"":""M0290205,G0003892"",""observation"":""5""}"	17a685152a727770d662d4190b56f154
2026-08-31T09:27:26.116+08:00[Asia/Shanghai]	144011783	search_economic_indicator	"{""question"":""中国光伏硅片、电池片、组件价格、产量、库存和开工率相关指标""}"	d1c18dea0d11babf2eea491754c8dd25
2026-08-31T09:26:52.430+08:00[Asia/Shanghai]	144297969	query_economic_indicator_data	"{""question"":""M0017126,M0331594"",""beginDate"":""2026-01-01"",""endDate"":""2026-08-31""}"	8b2c2ad7fe14ab0aa2e0819c3562e7cd
2026-08-31T09:26:52.057+08:00[Asia/Shanghai]	144011783	search_economic_indicator	"{""question"":""中国多晶硅价格、产量、库存、光伏硅片产量相关行业指标""}"	fe0fc225cc0923eae474199766de68f2
2026-08-31T09:26:51.928+08:00[Asia/Shanghai]	143848357	query_economic_indicator_data	"{""question"":""M0340770"",""beginDate"":""2026-08-21"",""endDate"":""2026-08-31""}"	65cf6ea1cbd04295ac53ee3980882c3b
2026-08-31T09:26:49.309+08:00[Asia/Shanghai]	143848357	query_economic_indicator_data	"{""question"":""M0331254"",""beginDate"":""2026-08-21"",""endDate"":""2026-08-31""}"	497a92880c43ed57cecfe794d175ae6d
2026-08-31T09:26:38.212+08:00[Asia/Shanghai]	144227126	query_economic_indicator_data	"{""question"":""M1001791"",""beginDate"":""20260820"",""endDate"":""20260831""}"	b6f96419e3259b150d85db35667db117
2026-08-31T09:26:16.805+08:00[Asia/Shanghai]	143848357	query_economic_indicator_data	"{""question"":""G0000891"",""beginDate"":""2026-08-21"",""endDate"":""2026-08-31""}"	5bf87f540dfe3c30ba485ccf381c34af
2026-08-31T09:26:09.054+08:00[Asia/Shanghai]	110899746	query_economic_indicator_data	"{""question"":""M0067857"",""observation"":""2""}"	615724b8fd845e637aa1e15b082ee158
2026-08-31T09:26:05.282+08:00[Asia/Shanghai]	144227126	search_economic_indicator	"{""question"":""布伦特原油期货结算价""}"	11aa4b91d1e89bc2b420bfab285b27e2
2026-08-31T09:25:53.994+08:00[Asia/Shanghai]	144227126	query_economic_indicator_data	"{""question"":""M0000271"",""observation"":""1""}"	3182d5a757c0bfb3a482c807ac5b4ec7
2026-08-31T09:25:53.646+08:00[Asia/Shanghai]	144227126	query_economic_indicator_data	"{""question"":""S0031525"",""observation"":""1""}"	ab962db774bbc0cd8175cb1b34cf150e
2026-08-31T09:25:28.203+08:00[Asia/Shanghai]	143848357	query_economic_indicator_data	"{""question"":""M0000271"",""beginDate"":""2026-08-21"",""endDate"":""2026-08-31""}"	905ae4867b7800c0b0fced45614fd101
2026-08-31T09:25:27.628+08:00[Asia/Shanghai]	144297969	query_economic_indicator_data	"{""question"":""M0017126,M0331594"",""beginDate"":""2026-01-01"",""endDate"":""2026-08-31""}"	5916f95e52ec14d72df5cb2b7452c068
2026-08-31T09:25:19.501+08:00[Asia/Shanghai]	143848357	query_economic_indicator_data	"{""question"":""S0186245"",""beginDate"":""2026-08-21"",""endDate"":""2026-08-31""}"	a397b16e4cbccd7b080f62b03a4a7ea3
2026-08-31T09:25:16.117+08:00[Asia/Shanghai]	144294349	search_economic_indicator	"{""question"":""中国证券投资基金业协会公募基金资产净值月度""}"	34a2f873ee1f56dba6b135c2be577fd8
2026-08-31T09:25:15.207+08:00[Asia/Shanghai]	144462424	query_economic_indicator_data	"{""question"":""中国:价格:碳酸锂(电池级,99.5%,国产)"",""observation"":""10""}"	62468cf6b558f38e661b651df5351e9c
2026-08-31T09:25:11.009+08:00[Asia/Shanghai]	143848357	query_economic_indicator_data	"{""question"":""S0074728"",""beginDate"":""2026-08-21"",""endDate"":""2026-08-31""}"	823f9ca36230b8ae4bcd94e34702f5a5
2026-08-31T09:25:07.776+08:00[Asia/Shanghai]	143848357	query_economic_indicator_data	"{""question"":""S0031525"",""beginDate"":""2026-08-21"",""endDate"":""2026-08-31""}"	358acb97348bee23a4434ed646681aa6
2026-08-31T09:25:05.088+08:00[Asia/Shanghai]	144462424	search_economic_indicator	"{""question"":""碳酸锂价格""}"	91fa761e1d3723b2edaab0a0a30b61ff
2026-08-31T09:24:47.802+08:00[Asia/Shanghai]	144189950	query_economic_indicator_data	"{""question"":""G1235669"",""beginDate"":""2026-07-13"",""endDate"":""2026-08-28""}"	f1a94d733852b16db9f75db633363382
2026-08-31T09:24:40.878+08:00[Asia/Shanghai]	144189950	query_economic_indicator_data	"{""question"":""G1235668"",""beginDate"":""2026-07-13"",""endDate"":""2026-08-28""}"	51f209fb23a2ab4e0742e4e25a5204dc
2026-08-31T09:24:38.753+08:00[Asia/Shanghai]	144294349	search_economic_indicator	"{""question"":""境外机构持有中国债券托管量月度指标""}"	5faff30a5ee6669fb221e1f4627ddb04
2026-08-31T09:24:23.434+08:00[Asia/Shanghai]	144294349	search_economic_indicator	"{""question"":""中国保险资金运用余额或保险公司总资产月度指标""}"	2a84a65be7a7ffa71777e01513149cd6
2026-08-31T09:24:14.912+08:00[Asia/Shanghai]	144297969	query_economic_indicator_data	"{""question"":""M0017126,M0331594"",""beginDate"":""2026-01-01"",""endDate"":""2026-08-31""}"	b05e86125bf05d2a710999dc41f285d4
2026-08-31T09:24:10.011+08:00[Asia/Shanghai]	144294349	search_economic_indicator	"{""question"":""中国银行理财产品存续规模余额月度指标""}"	30ee0c59e5f1d0067cfcdb10ada1b231
2026-08-31T09:23:55.761+08:00[Asia/Shanghai]	144189950	query_economic_indicator_data	"{""question"":""G1235656"",""beginDate"":""2026-07-13"",""endDate"":""2026-08-28""}"	d56e421fa9b63ed58f207d6ec56ee815
2026-08-31T09:23:41.770+08:00[Asia/Shanghai]	144189950	query_economic_indicator_data	"{""question"":""V7499653"",""beginDate"":""2026-06-16"",""endDate"":""2026-08-28""}"	5a61f989c3347459dc2152345b1784fd
2026-08-31T09:23:35.375+08:00[Asia/Shanghai]	144189950	query_economic_indicator_data	"{""question"":""G0002323"",""beginDate"":""2026-06-16"",""endDate"":""2026-08-28""}"	6cfdcecd3e8868f16333200d925755ac
2026-08-31T09:23:21.678+08:00[Asia/Shanghai]	144294349	search_economic_indicator	"{""question"":""中国公募基金净资产月度总规模、货币市场基金净资产月度、债券基金净资产月度指标""}"	e907b518a45851d6e5e4e38077bc5a75
2026-08-31T09:22:39.750+08:00[Asia/Shanghai]	144294349	search_economic_indicator	"{""question"":""查找指标全称为“中国:M2”或“中国:货币和准货币(M2):期末余额”的月度余额指标，只要余额，不要同比增速""}"	57ec129bba79f7bfef96bec8bbcd5957
2026-08-31T09:22:29.506+08:00[Asia/Shanghai]	140693204	query_economic_indicator_data	"{""question"":""M0341940"",""beginDate"":""2026-01-01"",""endDate"":""2026-12-31""}"	de36e817fda856cd2482c407f81de8d6
2026-08-31T09:22:29.471+08:00[Asia/Shanghai]	140693204	query_economic_indicator_data	"{""question"":""M6179492"",""beginDate"":""2026-01-01"",""endDate"":""2026-12-31""}"	a01d9a24fd075863d984261a3fb7bf09
2026-08-31T09:22:19.671+08:00[Asia/Shanghai]	143625683	query_economic_indicator_data	"{""question"":""查询S5820803,S0031645,M0000185"",""observation"":""3""}"	44ac1c37331770cd394716f90fdfe665
2026-08-31T09:21:47.847+08:00[Asia/Shanghai]	144294349	query_economic_indicator_data	"{""question"":""M0001385,M5525763,M0001690,M0001681,M0009945,M0057875,M0001642,M5206736,M0009943,M0057879,M5540102"",""beginDate"":""2017-01-01"",""endDate"":""2026-07-31""}"	cd8f4ce3c5210112864d757e8bc892aa
2026-08-31T09:21:23.681+08:00[Asia/Shanghai]	142754693	search_economic_indicator	"{""question"":""中国A股流通市值 日频""}"	47f3e0b2c12498c4f9b75626a7fd482d
2026-08-31T09:21:20.998+08:00[Asia/Shanghai]	143865434	query_economic_indicator_data	"{""question"":""中国:同业存单到期收益率(AAA):9个月"",""beginDate"":""2026-08-21"",""endDate"":""2026-08-28""}"	b09ea733e4b08f4e15cf81dab9b1fae7
2026-08-31T09:21:18.152+08:00[Asia/Shanghai]	143625683	query_economic_indicator_data	"{""question"":""查询S5820803,S0031645,M0000185"",""observation"":""3""}"	16dcbb1fcab38e036296774a0c20014e
2026-08-31T09:21:02.598+08:00[Asia/Shanghai]	110899746	query_economic_indicator_data	"{""question"":""M0067857"",""observation"":""2""}"	a48f9f1817e8ca1a96b12d0979ea2aa3
2026-08-31T09:20:59.616+08:00[Asia/Shanghai]	143865434	query_economic_indicator_data	"{""question"":""中国:同业存单到期收益率(AAA):3个月"",""beginDate"":""2026-08-21"",""endDate"":""2026-08-28""}"	a5b00607e4821641dafc29c11ef05393
2026-08-31T09:20:50.613+08:00[Asia/Shanghai]	142754693	query_economic_indicator_data	"{""question"":""M0061608,M0061613,Z5080762,M0075992"",""beginDate"":""2026-08-28"",""endDate"":""2026-08-28""}"	02d27c4e126e051a63e18cdcdd74693f
2026-08-31T09:20:30.377+08:00[Asia/Shanghai]	140693204	query_economic_indicator_data	"{""question"":""M0341940"",""beginDate"":""2026-08-01"",""endDate"":""2026-08-31""}"	bb316265e99eac4c4a6b46c42521c10b
2026-08-31T09:20:30.260+08:00[Asia/Shanghai]	142754693	search_economic_indicator	"{""question"":""融资融券余额""}"	6eebc31f239124eeb206b6d7dcdfbb9a
2026-08-31T09:20:26.633+08:00[Asia/Shanghai]	140693204	query_economic_indicator_data	"{""question"":""M0057894"",""beginDate"":""2026-08-01"",""endDate"":""2026-08-31""}"	48b23b10ac41535204414c7638091d58
2026-08-31T09:20:16.384+08:00[Asia/Shanghai]	144294349	query_economic_indicator_data	"{""question"":""M0001385,M5525763,M0001690,M0001681,M0009945,M0057875,M0001642,M5206736,M0009943,M0057879,M5540102"",""beginDate"":""2017-01-01"",""endDate"":""2026-07-31""}"	f6ba3a337b039eb7185f95a53b08f26f
2026-08-31T09:20:16.014+08:00[Asia/Shanghai]	142906005	query_economic_indicator_data	"{""question"":""S5439184"",""beginDate"":""2022-01-01"",""endDate"":""2026-08-31""}"	4618893e8f9bff45acb355577b1a46d4
2026-08-31T09:20:07.606+08:00[Asia/Shanghai]	142906005	query_economic_indicator_data	"{""question"":""S5439947"",""beginDate"":""2022-01-01"",""endDate"":""2026-08-31""}"	c5ee777aed7998e6074ca5ac564a1aaf
2026-08-31T09:20:04.216+08:00[Asia/Shanghai]	142906005	query_economic_indicator_data	"{""question"":""S5448957"",""beginDate"":""2022-01-01"",""endDate"":""2026-08-31""}"	4b17e162e797c6cc999b53c0b24fd459
2026-08-31T09:19:57.572+08:00[Asia/Shanghai]	144294349	search_economic_indicator	"{""question"":""中国金融机构新增人民币存款当月值与新增人民币贷款当月值月度亿元""}"	1387ea572f6b0445faab34999141ad75
2026-08-31T09:19:34.521+08:00[Asia/Shanghai]	144294349	search_economic_indicator	"{""question"":""中国政府债券净融资额社会融资规模当月值月度亿元""}"	24a5b56ea8cb69705431ca7ec8d4417e
2026-08-31T09:19:15.609+08:00[Asia/Shanghai]	111250998	query_economic_indicator_data	"{""question"":""M0076000"",""beginDate"":""2024-08-31"",""endDate"":""2026-08-31""}"	b19c75795db0e68ba589964af4ab2983
2026-08-31T09:19:05.324+08:00[Asia/Shanghai]	144294349	search_economic_indicator	"{""question"":""中国政策银行债净融资量当月值月度亿元""}"	856b82807fb69c244302eecd53af63c0
2026-08-31T09:18:32.239+08:00[Asia/Shanghai]	138152793	query_economic_indicator_data	"{""question"":""WTI原油和伦敦现货黄金"",""observation"":""3""}"	0b11a5fd56337b678642469fd3b426be
2026-08-31T09:17:54.254+08:00[Asia/Shanghai]	143614843	query_economic_indicator_data	"{""question"":""提取指标 M1001793 美国30年期国债收益率 的日度时间序列"",""beginDate"":""2026-01-05"",""endDate"":""2026-08-31""}"	fec7341c05859e1f6d4bf66493de9bc4
2026-08-31T09:17:54.031+08:00[Asia/Shanghai]	143614843	query_economic_indicator_data	"{""question"":""提取美元兑人民币中间价或即期汇率最近8个月日频数据"",""beginDate"":""2025-12-29"",""endDate"":""2026-08-31""}"	92121042f30d0d3981b9a504ebe7311d
2026-08-31T09:17:28.154+08:00[Asia/Shanghai]	142906005	query_economic_indicator_data	"{""question"":""S5446172"",""beginDate"":""2022-01-01"",""endDate"":""2026-08-31""}"	50ae1bf91e9eadb27d25d1df4444a5c9
2026-08-31T09:17:10.704+08:00[Asia/Shanghai]	142906005	query_economic_indicator_data	"{""question"":""S5439947"",""beginDate"":""2022-01-01"",""endDate"":""2026-08-31""}"	230ca1500470dfada937d9ed5696cf38
2026-08-31T09:17:05.908+08:00[Asia/Shanghai]	143588018	query_economic_indicator_data	"{""question"":""G1168932"",""beginDate"":""2026-08-17"",""endDate"":""2026-08-31""}"	fec9f75706472ccc3d46ffa8179a3375
2026-08-31T09:17:04.450+08:00[Asia/Shanghai]	144294349	search_economic_indicator	"{""question"":""中国存款性公司对其他金融部门债权期末值月度指标""}"	eb729e7ffbce927a9433943084f337d1
2026-08-31T09:17:02.671+08:00[Asia/Shanghai]	143865434	query_economic_indicator_data	"{""question"":""中国:同业存单到期收益率(AAA):6个月"",""beginDate"":""2026-08-21"",""endDate"":""2026-08-28""}"	8d6ab8e9a319fdb74f3b85504627adfd
2026-08-31T09:17:02.638+08:00[Asia/Shanghai]	142906005	query_economic_indicator_data	"{""question"":""S5448957"",""beginDate"":""2022-01-01"",""endDate"":""2026-08-31""}"	5023e7fd65981754a1396a799fe51e15
2026-08-31T09:15:34.370+08:00[Asia/Shanghai]	144294349	search_economic_indicator	"{""question"":""中国货币供应量M2期末余额月度亿元""}"	458eaf3a8267df2ff8a9658b05050426
2026-08-31T09:15:23.197+08:00[Asia/Shanghai]	143614843	query_economic_indicator_data	"{""question"":""提取指标 S0270980 伦敦金现、Q5358666 伦敦银现、G0000028 美国CPI季调同比、G0005428 美国10年期国债实际收益率TIPS 的时间序列"",""beginDate"":""2026-01-01"",""endDate"":""2026-08-31""}"	bc739162b12e3216126009130b8aa0d9
2026-08-31T09:15:16.907+08:00[Asia/Shanghai]	144294349	search_economic_indicator	"{""question"":""中国金融机构新增人民币贷款企事业单位中长期当月值、居民中长期当月值、社会融资规模企业债券融资当月值月度指标""}"	dbf0990a0c67097840faba39a679f68d
2026-08-31T09:15:01.773+08:00[Asia/Shanghai]	111690630	search_economic_indicator	"{""question"":""INE上海原油期货主力合约收盘价""}"	f55104bf4b1f43bc62fd9c634e46da77
2026-08-31T09:14:40.155+08:00[Asia/Shanghai]	144392397	query_economic_indicator_data	"{""question"":""M0000187"",""beginDate"":""2026-08-20"",""endDate"":""2026-08-27""}"	34f3987370a9b0b78b4dba8330f9c8da
2026-08-31T09:14:38.037+08:00[Asia/Shanghai]	143614843	query_economic_indicator_data	"{""question"":""提取指标 S0031645 现货价伦敦黄金、G0005428 美国10年国债实际收益率TIPS、L2930690 美国CPI同比、G1168931 隔夜逆回购协议ONRRP金额、M0000185 美元兑人民币中间价 的时间序列"",""beginDate"":""2026-01-01"",""endDate"":""2026-08-31""}"	a6468e188b1e1b5bfea1b8a4cea18e04
2026-08-31T09:14:21.944+08:00[Asia/Shanghai]	144392397	search_economic_indicator	"{""question"":""港元兑人民币汇率中间价 人民币元每1港元 中国人民银行 日频""}"	8878865d473f32528a31c115cb1d8326
2026-08-31T09:14:12.844+08:00[Asia/Shanghai]	138152793	query_economic_indicator_data	"{""question"":""WTI原油"",""beginDate"":""2026-08-26"",""endDate"":""2026-08-28""}"	7add527b70b5e866ccffac8ded46f74d
2026-08-31T09:13:58.622+08:00[Asia/Shanghai]	143614843	search_economic_indicator	"{""question"":""美元兑人民币汇率中间价日频指标""}"	9fe78e5afcd6d6a503a4074655dbac1e
2026-08-31T09:13:58.190+08:00[Asia/Shanghai]	143614843	query_economic_indicator_data	"{""question"":""提取指标 G1168931 ONRRP、G1100080 TGA、G1100075 美联储总资产、G0001699 EFFR、L2930690 CPI同比、G1100005 核心PCE同比、G0002323 ISM制造业PMI、G0002433 初请失业金、M0017126 中国PMI 的时间序列"",""beginDate"":""2025-12-01"",""endDate"":""2026-08-31""}"	e5f8994d0eba238d4e814bde484975c0
2026-08-31T09:13:39.139+08:00[Asia/Shanghai]	143614843	query_economic_indicator_data	"{""question"":""提取美国芝加哥期权交易所VIX恐慌指数(G0003892)最近8个月日频数据"",""beginDate"":""2025-12-29"",""endDate"":""2026-08-31""}"	42be0a779d826f828e480aa9b064702d
2026-08-31T09:13:25.636+08:00[Asia/Shanghai]	143614843	query_economic_indicator_data	"{""question"":""提取指标 M1001791 美债10年收益率、M1001787 美债2年、M1001793 美债30年、M0000271 美元指数、G0003892 VIX、G1168931 ONRRP、G1100075 美联储总资产、G1100080 TGA、G1139858 HY CCC利差、U0929600 10Y盈亏平衡通胀、S0031645 伦敦金、S0031648 伦敦银、S0180896 WTI原油、G0000884 3M美债、G0005428 10Y TIPS、G0001699 EFFR 的日度时间序列"",""beginDate"":""2026-01-05"",""endDate"":""2026-08-31""}"	e167c1c8a117b9e88b5b5258a53885cf
2026-08-31T09:13:23.137+08:00[Asia/Shanghai]	143603906	search_economic_indicator	"{""question"":""同业存单到期收益率股份制银行1年中证指数""}"	cdfa6b4e4f8a491a85e537a9eb65ee77
2026-08-31T09:13:19.083+08:00[Asia/Shanghai]	143614843	query_economic_indicator_data	"{""question"":""提取美债10年收益率(M1001791)、美债2年(M1001787)、美债30年(M1001793)、10年盈亏平衡通胀(U0929600)、美元指数(M0000271)、VIX(G0003892)、隔夜逆回购ONRRP(G1168931)、美联储总资产(G1100075)、美国财政部TGA(G1100080)、高收益债CCC利差(G1139858)、高收益债BB利差(G1139856)、伦敦金(S0031645)、伦敦银(S0031648)、WTI原油(S0180896)、有效联邦基金利率EFFR(G0001699)、SOFR(M0341926)、3个月美债收益率(G0000884)、10年期TIPS实际收益率(G0005428)、初请失业金(G0002433)的时间序列数据"",""beginDate"":""2025-12-29"",""endDate"":""2026-08-31""}"	928cb44b5f9071766b5bffc9d6164aaf
2026-08-31T09:13:15.562+08:00[Asia/Shanghai]	143603906	query_economic_indicator_data	"{""question"":""提取指标代码 M1004907 M1004908 M1004909 M1004911 M1004913 M1004916 的日度时间序列数据"",""beginDate"":""2026-08-21"",""endDate"":""2026-08-28""}"	c3f8d5839f0b08bc2a409db0318529ae
2026-08-31T09:13:14.311+08:00[Asia/Shanghai]	144099078	search_economic_indicator	"{""question"":""WMR Closing Spot Rate WM Reuters Closing Spot Rate 4PM London 外汇基准 日频""}"	2350c53b5438601df8c77745ad754060
2026-08-31T09:13:01.238+08:00[Asia/Shanghai]	143585118	query_economic_indicator_data	"{""question"":""M0000185"",""beginDate"":""2014-01-01"",""endDate"":""2026-08-28""}"	7e1fadf0e311aaad02712f2042e6400c
2026-08-31T09:12:59.667+08:00[Asia/Shanghai]	143971238	query_economic_indicator_data	"{""question"":""M0041371"",""beginDate"":""2026-08-24"",""endDate"":""2026-08-31""}"	49f6b5f759fab1bc28a220c340a830ca
2026-08-31T09:12:58.508+08:00[Asia/Shanghai]	143614843	query_economic_indicator_data	"{""question"":""提取美债10年收益率(M1001791)、美债2年(M1001787)、美债30年(M1001793)、10年盈亏平衡通胀(U0929600)、美元指数(M0000271)、VIX(G0003892)、隔夜逆回购ONRRP(G1168931)、美联储总资产(G1100075)、美国财政部TGA(G1100080)、高收益债CCC利差(G1139858)、高收益债BB利差(G1139856)、伦敦金(S0031645)、伦敦银(S0031648)、WTI原油(S0180896)、有效联邦基金利率EFFR(G0001699)、SOFR(M0341926)、3个月美债收益率(G0000884)、10年期TIPS实际收益率(G0005428)、初请失业金(G0002433)的时间序列数据"",""beginDate"":""2025-12-29"",""endDate"":""2026-08-31""}"	658efb2d16a4c21abc23e775a04b6f1e
2026-08-31T09:12:47.226+08:00[Asia/Shanghai]	143971238	query_economic_indicator_data	"{""question"":""M1006337"",""beginDate"":""2026-08-24"",""endDate"":""2026-08-31""}"	b286b13f2803c5a1459cc08ccef7958c
2026-08-31T09:12:45.442+08:00[Asia/Shanghai]	143967326	query_economic_indicator_data	"{""question"":""B7175875"",""beginDate"":""20250101"",""endDate"":""20260831""}"	6bd1acfea37d090a6855892ad2af7e32
2026-08-31T09:12:40.183+08:00[Asia/Shanghai]	143971238	query_economic_indicator_data	"{""question"":""M1006336"",""beginDate"":""2026-08-24"",""endDate"":""2026-08-31""}"	68516f63fc339a4119a928975d7dd0aa
2026-08-31T09:12:37.458+08:00[Asia/Shanghai]	143967326	query_economic_indicator_data	"{""question"":""S0028206"",""beginDate"":""20250101"",""endDate"":""20260831""}"	38c2961e794610df61b209877558a091
2026-08-31T09:12:33.340+08:00[Asia/Shanghai]	143967326	query_economic_indicator_data	"{""question"":""S0028202"",""beginDate"":""20250101"",""endDate"":""20260831""}"	d0cd507785f06882225ff7349ce1e8c0
2026-08-31T09:12:31.993+08:00[Asia/Shanghai]	143971238	query_economic_indicator_data	"{""question"":""M1002841"",""observation"":""10""}"	184f2ee84613098fd93bae5ef1769a1c
2026-08-31T09:12:26.924+08:00[Asia/Shanghai]	143967326	query_economic_indicator_data	"{""question"":""S0029670"",""beginDate"":""20250101"",""endDate"":""20260831""}"	5094c9eb32771c0f68e8980123fb7f8e
2026-08-31T09:12:25.413+08:00[Asia/Shanghai]	143967326	query_economic_indicator_data	"{""question"":""S0028111"",""beginDate"":""20250101"",""endDate"":""20260831""}"	1114a050f53333b73f2397cb01e33c39
2026-08-31T09:12:23.385+08:00[Asia/Shanghai]	143971238	query_economic_indicator_data	"{""question"":""M1002841"",""beginDate"":""2026-08-24"",""endDate"":""2026-08-31""}"	0e8d257a68692422b68d8a1bdfc17fe9
2026-08-31T09:12:22.027+08:00[Asia/Shanghai]	143971238	query_economic_indicator_data	"{""question"":""M1011106"",""beginDate"":""2026-08-24"",""endDate"":""2026-08-31""}"	a23c0713439810740dd7827f52eea9d6
2026-08-31T09:12:11.188+08:00[Asia/Shanghai]	143971238	query_economic_indicator_data	"{""question"":""M1001657"",""beginDate"":""2026-08-24"",""endDate"":""2026-08-31""}"	be518e9b6cc0e9859b3c4e34aec3b13c
2026-08-31T09:12:03.949+08:00[Asia/Shanghai]	143971238	query_economic_indicator_data	"{""question"":""M1002619"",""beginDate"":""2026-08-24"",""endDate"":""2026-08-31""}"	c39becfa85bc63b2bb32a05d9ad50a49
2026-08-31T09:11:41.374+08:00[Asia/Shanghai]	143588018	query_economic_indicator_data	"{""question"":""G1168799"",""beginDate"":""2018-01-01"",""endDate"":""2026-08-31""}"	53c174ccba86e4062def4fe116aa69e9
2026-08-31T09:11:37.497+08:00[Asia/Shanghai]	143588018	query_economic_indicator_data	"{""question"":""G1168799,G1168800"",""beginDate"":""2018-01-01"",""endDate"":""2026-08-31""}"	8939f6e3c4878e50d6fb3623a1c96aee
2026-08-31T09:11:22.976+08:00[Asia/Shanghai]	143588018	query_economic_indicator_data	"{""question"":""G1168799,G1168800"",""beginDate"":""2018-01-01"",""endDate"":""2026-08-31""}"	29fb1f60d55a710bef9693cc97444e54
2026-08-31T09:11:12.502+08:00[Asia/Shanghai]	143588018	query_economic_indicator_data	"{""question"":""G1168799,G1168800"",""beginDate"":""2018-01-01"",""endDate"":""2026-08-31""}"	486ffa6eea8e40b16039de2464eec484
2026-08-31T09:11:06.371+08:00[Asia/Shanghai]	143588018	query_economic_indicator_data	"{""question"":""G0000891"",""beginDate"":""2026-08-17"",""endDate"":""2026-08-31""}"	15d06ccc170a365390e96c0279d70db3
2026-08-31T09:10:52.899+08:00[Asia/Shanghai]	143588018	query_economic_indicator_data	"{""question"":""G0003892"",""beginDate"":""2026-08-17"",""endDate"":""2026-08-31""}"	dbf6d789fe6da6483878ecf12cbe448f
2026-08-31T09:10:48.083+08:00[Asia/Shanghai]	143588018	query_economic_indicator_data	"{""question"":""G1168932"",""beginDate"":""2026-08-17"",""endDate"":""2026-08-31""}"	18c9d330f72adee446bca8504f18c81b
2026-08-31T09:10:41.897+08:00[Asia/Shanghai]	143588018	query_economic_indicator_data	"{""question"":""M0341926"",""beginDate"":""2026-08-17"",""endDate"":""2026-08-31""}"	3be261e1ecc8841da5137e90974f387f
2026-08-31T09:10:38.364+08:00[Asia/Shanghai]	142907651	query_economic_indicator_data	"{""question"":""S0270043"",""beginDate"":""2024-12-01"",""endDate"":""2026-08-30""}"	7f6d0ef048e6a99db57818f89aba8088
2026-08-31T09:10:27.757+08:00[Asia/Shanghai]	144297969	query_economic_indicator_data	"{""question"":""M0017126,M0331594"",""beginDate"":""2026-01-01"",""endDate"":""2026-08-31""}"	9af27d37a8d4a6470bc7ae3efede7cd5
2026-08-31T09:09:52.239+08:00[Asia/Shanghai]	143865434	query_economic_indicator_data	"{""question"":""M1004902"",""beginDate"":""2026-08-21"",""endDate"":""2026-08-28""}"	a7f68d687c51aa2cc0b9edc79ff24a1d
2026-08-31T09:09:30.432+08:00[Asia/Shanghai]	143967326	search_economic_indicator	"{""question"":""白酒产量当月值""}"	3c09518a960ee17f5615954bad64f818
2026-08-31T09:08:27.995+08:00[Asia/Shanghai]	143637995	query_economic_indicator_data	"{""question"":""中国国债到期收益率10年"",""beginDate"":""2021-09-01"",""endDate"":""2026-08-31""}"	acc4f85695c2037ca9998a4124c248bd
2026-08-31T09:08:13.156+08:00[Asia/Shanghai]	143740265	query_economic_indicator_data	"{""question"":""M0075992,M0075987"",""beginDate"":""2026-06-22"",""endDate"":""2026-08-31""}"	d99578646b2ea8e2e400f56a2b6a46a7
2026-08-31T09:08:09.213+08:00[Asia/Shanghai]	143637995	query_economic_indicator_data	"{""question"":""中国M1同比"",""beginDate"":""2021-09-01"",""endDate"":""2026-08-31""}"	d5276c1507b62f0408d7c9cc9b032a70
2026-08-31T09:08:06.793+08:00[Asia/Shanghai]	138152793	query_economic_indicator_data	"{""question"":""中国制造业PMI"",""observation"":""5""}"	0d772bc232fad310918c310e055db70f
2026-08-31T09:07:43.386+08:00[Asia/Shanghai]	138152793	query_economic_indicator_data	"{""question"":""美国核心PCE物价指数"",""observation"":""5""}"	ff64c4c1fefcd49e83167dcb36856c4e
2026-08-31T09:07:34.300+08:00[Asia/Shanghai]	138152793	search_economic_indicator	"{""question"":""美国核心PCE物价指数""}"	96e0303aa741c28c3e6762a8a7cba881
2026-08-31T09:07:27.281+08:00[Asia/Shanghai]	143967326	query_economic_indicator_data	"{""question"":""B7175875"",""beginDate"":""20250101"",""endDate"":""20260831""}"	c847e8ad4211a6c2fe9095ffc5deee3b
2026-08-31T09:07:13.251+08:00[Asia/Shanghai]	114065515	query_economic_indicator_data	"{""question"":""S0069670"",""beginDate"":""2026-08-29"",""endDate"":""2026-08-31""}"	c7f7222255540ad64c315c7c57db4d55
2026-08-31T09:07:11.310+08:00[Asia/Shanghai]	114065515	query_economic_indicator_data	"{""question"":""S0069669"",""beginDate"":""2026-08-29"",""endDate"":""2026-08-31""}"	5b4c086e735c05df21c72c6f9e9aca29
2026-08-31T09:07:02+08:00[Asia/Shanghai]	143967326	query_economic_indicator_data	"{""question"":""S0029670"",""beginDate"":""20250101"",""endDate"":""20260831""}"	f7b6ca9461a9787411b96fb80f0ad768
2026-08-31T09:07:00.320+08:00[Asia/Shanghai]	143588018	query_economic_indicator_data	"{""question"":""中国10年期国债到期收益率、美国10年期国债收益率、美国10年期国债实际收益率、美元兑人民币即期汇率、美元指数、中国官方黄金储备"",""beginDate"":""2026-03-31"",""endDate"":""2026-08-28""}"	e115c0bfc358c792d61516ae7ace10b7
2026-08-31T09:06:47.721+08:00[Asia/Shanghai]	138152793	query_economic_indicator_data	"{""question"":""美国:中央银行政策利率"",""observation"":""5""}"	b78d864b556b2ef780dd4c40a781435f
2026-08-31T09:06:43.053+08:00[Asia/Shanghai]	114065515	query_economic_indicator_data	"{""question"":""S0031645"",""beginDate"":""2026-08-29"",""endDate"":""2026-08-31""}"	dd70b795887466a20f71c882e147325b
2026-08-31T09:06:35.716+08:00[Asia/Shanghai]	138152793	query_economic_indicator_data	"{""question"":""日本:中央银行政策利率"",""observation"":""5""}"	663b3822f2fbe9a75c252ce425cf1b2d
2026-08-31T09:06:29.644+08:00[Asia/Shanghai]	144223012	query_economic_indicator_data	"{""question"":""美国2年期国债收益率"",""beginDate"":""2026-08-24"",""endDate"":""2026-08-31""}"	b3e805e8df18dbefbb54d5817d7270aa
2026-08-31T09:06:28.015+08:00[Asia/Shanghai]	144223012	query_economic_indicator_data	"{""question"":""美国有效联邦基金利率"",""beginDate"":""2026-08-24"",""endDate"":""2026-08-31""}"	ed58ccf839a83401c7743ffd95e78727
2026-08-31T09:06:23.468+08:00[Asia/Shanghai]	141426394	query_economic_indicator_data	"{""question"":""中债国债到期收益率10年最新数据"",""observation"":""5""}"	69e91a4364521355fc1ce6f3819e0c1f
2026-08-31T09:06:22.982+08:00[Asia/Shanghai]	144223012	query_economic_indicator_data	"{""question"":""美联储隔夜逆回购余额"",""beginDate"":""2026-08-24"",""endDate"":""2026-08-31""}"	3f9ad7dbec27c8656aa980e9d85c1314
2026-08-31T09:06:17.489+08:00[Asia/Shanghai]	143740265	query_economic_indicator_data	"{""question"":""G8324468,G8324481"",""beginDate"":""2026-06-22"",""endDate"":""2026-08-31""}"	e5b31148a4bcb2fc317ea30d86cc5dbc
2026-08-31T09:06:04.879+08:00[Asia/Shanghai]	110899746	query_economic_indicator_data	"{""question"":""M0067857"",""observation"":""2""}"	5113fd1d478f777b6ec2b82aa0c011b6
2026-08-31T09:05:50.234+08:00[Asia/Shanghai]	144450707	query_economic_indicator_data	"{""question"":""M1001654"",""beginDate"":""2025-07-01"",""endDate"":""2025-12-31""}"	ba5de62b4338a573382db106baaff769
2026-08-31T09:05:36.512+08:00[Asia/Shanghai]	138152793	query_economic_indicator_data	"{""question"":""伦敦现货黄金"",""observation"":""5""}"	2f3b12082afb2caf45c7cfe4c19d571d
2026-08-31T09:05:33.311+08:00[Asia/Shanghai]	141426394	query_economic_indicator_data	"{""question"":""布伦特原油期货结算价、中国10年期国债到期收益率最新数据"",""observation"":""4""}"	deab6e02359059179cda077b05b75f6e
2026-08-31T09:05:31.984+08:00[Asia/Shanghai]	143637995	query_economic_indicator_data	"{""question"":""美元指数DXY"",""beginDate"":""2021-09-01"",""endDate"":""2026-08-31""}"	4515a894f0b64908b9cc16f9db980e57
2026-08-31T09:05:29.297+08:00[Asia/Shanghai]	141426394	query_economic_indicator_data	"{""question"":""COMEX黄金期货结算价、LME铜现货结算价最新数据"",""observation"":""4""}"	717e3061306742d2e98ee7bd16b73716
2026-08-31T09:05:14.352+08:00[Asia/Shanghai]	144193460	query_economic_indicator_data	"{""question"":""伦敦金现 布伦特原油 美元指数 美国国债收益率10年30年 现货白银"",""beginDate"":""2026-08-28"",""endDate"":""2026-08-28""}"	f5d89cca1f5b2ee9b5eef9072dc5c5b3
2026-08-31T09:05:02.088+08:00[Asia/Shanghai]	111404237	query_economic_indicator_data	"{""question"":""2026年8月31日全球主要经济指标与官方发布数据"",""beginDate"":""2026-08-31"",""endDate"":""2026-08-31""}"	d662e6bc3e69af40ece6c5ddab0a6738
2026-08-31T09:04:55.645+08:00[Asia/Shanghai]	144362983	query_economic_indicator_data	"{""question"":""M0000185,M0062936,M0000271,M5462896,G1137689"",""beginDate"":""2016-01-01"",""endDate"":""2026-08-31""}"	1217d5d2bd9243a2392e3f97e02cfbeb
2026-08-31T09:04:49.690+08:00[Asia/Shanghai]	141426394	query_economic_indicator_data	"{""question"":""中国10年期国债到期收益率、DR001、DR007最新数据"",""observation"":""4""}"	83be214c160f5cbc471a0d9881f4b3cf
2026-08-31T09:04:35.270+08:00[Asia/Shanghai]	144362983	query_economic_indicator_data	"{""question"":""M5464471,M5464482,M5464493,M6196550,M6196553,M5206741,M5206742,T0406278,M0001681,M5481318"",""beginDate"":""2016-01-01"",""endDate"":""2026-08-31""}"	8b4045b79807fb1f765ed7b388670363
2026-08-31T09:04:34.432+08:00[Asia/Shanghai]	138152793	query_economic_indicator_data	"{""question"":""美元兑日元（日度）"",""observation"":""5""}"	79b1039c9e7cdeef0002725f0012aabe
2026-08-31T09:04:30.296+08:00[Asia/Shanghai]	141426394	query_economic_indicator_data	"{""question"":""美元指数、WTI原油纽约期交所结算价、布伦特原油结算价、COMEX黄金结算价、LME铜现货结算价的最新数据"",""observation"":""4""}"	adf6a67bf88c27f2ab26ba019dbb106b
2026-08-31T09:04:26.459+08:00[Asia/Shanghai]	143637995	query_economic_indicator_data	"{""question"":""美元兑人民币即期汇率"",""beginDate"":""2021-09-01"",""endDate"":""2026-08-31""}"	497a547a29722ef7ed26afe6468707a2
2026-08-31T09:04:23.808+08:00[Asia/Shanghai]	138152793	search_economic_indicator	"{""question"":""美元兑日元""}"	3d4179c3a99bf7000094db5a7cf08e46
2026-08-31T09:04:18.018+08:00[Asia/Shanghai]	116633687	search_economic_indicator	"{""question"":""融资融券余额""}"	870332669b6d7a9a02e59c1fd403f447
2026-08-31T09:04:13.316+08:00[Asia/Shanghai]	144362983	query_economic_indicator_data	"{""question"":""M5464471,M5464482,M5464493,M6196550,M6196553,M5206741,M5206742,T0406278,M0001681,M5481318"",""beginDate"":""2016-01-01"",""endDate"":""2026-08-31""}"	ec87727687537b98af57a7f1d93fba31
2026-08-31T09:04:11.275+08:00[Asia/Shanghai]	138152793	query_economic_indicator_data	"{""question"":""M0000271"",""observation"":""5""}"	b2f7be5672d71c725165934d3dfaae1a
2026-08-31T09:04:06.792+08:00[Asia/Shanghai]	101192657	search_economic_indicator	"{""question"":""美元兑韩元汇率 USD/KRW 即期""}"	b46fa1a16a17772d28c108d6f14041d5
2026-08-31T09:04:00.156+08:00[Asia/Shanghai]	138152793	search_economic_indicator	"{""question"":""美元指数 DXY""}"	aba79f65bfeeab3e7d5d87acf3d55521
2026-08-31T09:03:56.463+08:00[Asia/Shanghai]	101192657	query_economic_indicator_data	"{""question"":""M0067855"",""beginDate"":""2026-08-25"",""endDate"":""2026-08-29""}"	16c4a97f90d857ab749ba7bdc8d00d77
2026-08-31T09:03:56.368+08:00[Asia/Shanghai]	110852322	query_economic_indicator_data	"{""question"":""仅提取Wind EDB指标代码 G0000893 的时间序列；目标名称为美国:国债收益率:30年；禁止返回任何其他或相似指标"",""beginDate"":""2026-04-02"",""endDate"":""2026-08-30""}"	869347d18948b87ebd086b6d2823cbb6
2026-08-31T09:03:55.091+08:00[Asia/Shanghai]	110852322	query_economic_indicator_data	"{""question"":""仅提取Wind EDB指标代码 M0000271 的时间序列；目标名称为美元指数；禁止返回任何其他或相似指标"",""beginDate"":""2026-04-02"",""endDate"":""2026-08-30""}"	42f5ed37a9a4a29d260956f8e16b1349
2026-08-31T09:03:53.901+08:00[Asia/Shanghai]	110852322	query_economic_indicator_data	"{""question"":""仅提取Wind EDB指标代码 G0000891 的时间序列；目标名称为美国:国债收益率:10年；禁止返回任何其他或相似指标"",""beginDate"":""2026-04-02"",""endDate"":""2026-08-30""}"	610a15a5a031c5e15cfe472c252265f6
2026-08-31T09:03:51.296+08:00[Asia/Shanghai]	136943640	query_economic_indicator_data	"{""question"":""G3100145"",""beginDate"":""20260531"",""endDate"":""20260831""}"	f316582d5b3e3c75642aaf6f16364c78
2026-08-31T09:03:29.087+08:00[Asia/Shanghai]	111158586	query_economic_indicator_data	"{""question"":""M0000271"",""beginDate"":""2026-08-25"",""endDate"":""2026-08-31""}"	4a1fd981137a520cd65599c98f4c4e37
2026-08-31T09:03:25.745+08:00[Asia/Shanghai]	144438412	query_economic_indicator_data	"{""endDate"":""2026-08-31"",""question"":""COMEX黄金期货价格和WTI原油期货价格最新数据"",""targetFrequency"":""日"",""beginDate"":""2026-08-24""}"	c6906cfd75bbc94222b17c0a6c3372ec
2026-08-31T09:03:19.029+08:00[Asia/Shanghai]	138152793	query_economic_indicator_data	"{""question"":""G0000887,G0000891,G0000893"",""observation"":""5""}"	896bd3ad34a30cde68f1bda41d156183
2026-08-31T09:03:18.445+08:00[Asia/Shanghai]	144438412	query_economic_indicator_data	"{""endDate"":""2026-08-31"",""question"":""美国10年期国债收益率和美元指数最新数据"",""targetFrequency"":""日"",""beginDate"":""2026-08-24""}"	5484295b92adb950fab652ebcc9f3b9b
2026-08-31T09:02:56.538+08:00[Asia/Shanghai]	144294349	query_economic_indicator_data	"{""question"":""M1016208,M1016209,M1016210,M1016212,M1016213,M1016214"",""beginDate"":""2026-08-23"",""endDate"":""2026-08-30""}"	1098025724cf2a7a0c7c81033b8f5830
2026-08-31T09:02:54.318+08:00[Asia/Shanghai]	138152793	search_economic_indicator	"{""question"":""美国国债收益率2年期和30年期""}"	a33c7ce6c5ede9447ef893e0915c3683
2026-08-31T09:02:31.054+08:00[Asia/Shanghai]	144282061	query_economic_indicator_data	"{""question"":""G3800063"",""beginDate"":""2026-07-01"",""endDate"":""2026-08-30""}"	19432dcf5b641a464f67979a6b571627
2026-08-31T09:02:24.166+08:00[Asia/Shanghai]	144282061	query_economic_indicator_data	"{""question"":""J1837782"",""beginDate"":""2026-07-01"",""endDate"":""2026-08-30""}"	f84c1634a03ab7bc2fc44a981483df1d
2026-08-31T09:02:02.967+08:00[Asia/Shanghai]	144282061	query_economic_indicator_data	"{""question"":""F2392699"",""beginDate"":""2026-07-01"",""endDate"":""2026-08-30""}"	61c7d7ec93da6d2b1a684d89f5210287
2026-08-31T09:01:50.212+08:00[Asia/Shanghai]	115363178	query_economic_indicator_data	"{""question"":""V8674711"",""beginDate"":""2024-01-01"",""endDate"":""2026-08-31""}"	ab2d7730b5a7d1977cdfe3182a0ebac5
2026-08-31T09:01:36.174+08:00[Asia/Shanghai]	144282061	query_economic_indicator_data	"{""question"":""G1122642"",""beginDate"":""2026-07-16"",""endDate"":""2026-08-30""}"	ea46d63527a36fd7a1e1d4787c61a2b9
2026-08-31T09:01:35.052+08:00[Asia/Shanghai]	115363178	search_economic_indicator	"{""question"":""中厚板 现货价 商务部""}"	b7e1bcaeab9c3d503720e082bcc55508
2026-08-31T09:01:25.189+08:00[Asia/Shanghai]	115082303	query_economic_indicator_data	"{""question"":""美国10年期国债收益率"",""beginDate"":""2026-08-27"",""endDate"":""2026-08-31""}"	323f9e10ea7905f0a724b8b898f852f3
2026-08-31T09:01:25.159+08:00[Asia/Shanghai]	144282061	query_economic_indicator_data	"{""question"":""G1122645"",""beginDate"":""2026-07-16"",""endDate"":""2026-08-30""}"	e1842183371688df5fc9072fb18040eb
2026-08-31T09:01:24.756+08:00[Asia/Shanghai]	115363178	query_economic_indicator_data	"{""question"":""S9979064"",""beginDate"":""2024-01-01"",""endDate"":""2026-08-31""}"	e013f3a17e868d253994e1391b128625
2026-08-31T09:01:14.636+08:00[Asia/Shanghai]	144269957	query_economic_indicator_data	"{""question"":""G0000887,G0000891,G1235656,G1235664"",""beginDate"":""2026-08-27"",""endDate"":""2026-08-28""}"	ff3fdfab54fa4ebea2f40b6dde793ed1
2026-08-31T09:01:05.199+08:00[Asia/Shanghai]	110899746	query_economic_indicator_data	"{""question"":""M0067857"",""observation"":""2""}"	b96942250b30f6db2e516dc9aa48891e
2026-08-31T09:00:44.886+08:00[Asia/Shanghai]	137768516	query_economic_indicator_data	"{""question"":""M0061606,M0061610"",""beginDate"":""2026-08-28"",""endDate"":""2026-08-28""}"	d31536495ec356edfd82a5a0922516fb
2026-08-31T09:00:38.159+08:00[Asia/Shanghai]	115363178	query_economic_indicator_data	"{""question"":""S6000452"",""beginDate"":""2015-01-01"",""endDate"":""2026-08-31""}"	6c22bf19d265f0ea8ade76a20c415104
2026-08-31T09:00:28.168+08:00[Asia/Shanghai]	115363178	query_economic_indicator_data	"{""question"":""S6000423"",""beginDate"":""2015-01-01"",""endDate"":""2026-08-31""}"	6dae493812c4ab98c6094ee61a7c6403
2026-08-31T09:00:25.446+08:00[Asia/Shanghai]	140693204	query_economic_indicator_data	"{""question"":""M0057894"",""beginDate"":""2026-01-01"",""endDate"":""2026-12-31""}"	9afa7976daaa33c6015345e380049bbc
2026-08-31T09:00:17.990+08:00[Asia/Shanghai]	115082303	query_economic_indicator_data	"{""question"":""伦敦现货黄金 XAU/USD 最新价格，最近几个交易日的数据"",""observation"":5}"	c6353e69d76e00fb9031706c51f69ecf
2026-08-31T09:00:10.872+08:00[Asia/Shanghai]	144282061	query_economic_indicator_data	"{""question"":""S0031525"",""beginDate"":""2026-07-16"",""endDate"":""2026-08-30""}"	302dee9336384ac250352b125cee2bea
2026-08-31T08:59:33.915+08:00[Asia/Shanghai]	115363178	search_economic_indicator	"{""question"":""挖掘机 内销 国内 出口 分项""}"	c21a9b270244d2a4922c008017826676
2026-08-31T08:59:16.024+08:00[Asia/Shanghai]	115363178	search_economic_indicator	"{""question"":""小松 开机小时数 komatsu""}"	0f0dee4323945555901c258f701a4070
2026-08-31T08:59:02.785+08:00[Asia/Shanghai]	142906005	query_economic_indicator_data	"{""question"":""S5443113"",""beginDate"":""2022-01-01"",""endDate"":""2026-08-31""}"	9e75bc64834886bed80a753a566caa4d
2026-08-31T08:58:53.433+08:00[Asia/Shanghai]	115288226	query_economic_indicator_data	"{""question"":""M5206730"",""observation"":""10""}"	ffbe24d925dd6e504e4fba60fb80ccf1
2026-08-31T08:58:51.612+08:00[Asia/Shanghai]	139897061	search_economic_indicator	"{""question"":""CPI""}"	b2c703cd818669d1586a6d368c78c82d
2026-08-31T08:58:48.686+08:00[Asia/Shanghai]	142906005	query_economic_indicator_data	"{""question"":""S5443291"",""beginDate"":""2022-01-01"",""endDate"":""2026-08-31""}"	54c26b66fb79e2f3fb18b8f699c503bf
2026-08-31T08:58:47.725+08:00[Asia/Shanghai]	140693204	query_economic_indicator_data	"{""question"":""M0341940"",""beginDate"":""2026-01-01"",""endDate"":""2026-12-31""}"	eeabe1aba6943e0a03136c0641b357db
2026-08-31T08:58:47.720+08:00[Asia/Shanghai]	140693204	query_economic_indicator_data	"{""question"":""J9455629"",""beginDate"":""2026-01-01"",""endDate"":""2026-07-31""}"	7ab1835a149268a23373669c885959b4
2026-08-31T08:58:47.666+08:00[Asia/Shanghai]	140693204	query_economic_indicator_data	"{""question"":""M5658437"",""beginDate"":""2026-01-01"",""endDate"":""2026-12-31""}"	7ea41dec1d6b7850c212d7fd9ce45a13
2026-08-31T08:58:41.004+08:00[Asia/Shanghai]	115288226	query_economic_indicator_data	"{""question"":""M0000612"",""observation"":""10""}"	2e8328e1268e3bdec5d99314d96b2a47
2026-08-31T08:58:37.115+08:00[Asia/Shanghai]	115288226	query_economic_indicator_data	"{""question"":""M0001385"",""observation"":""10""}"	76359eec3bb316cc34486c6a9732d3b2
2026-08-31T08:58:33.733+08:00[Asia/Shanghai]	115363178	query_economic_indicator_data	"{""question"":""S0073293"",""beginDate"":""2023-01-01"",""endDate"":""2026-08-31""}"	c20e95de136df02a389d15b0048a3e52
2026-08-31T08:58:27.823+08:00[Asia/Shanghai]	115288226	query_economic_indicator_data	"{""question"":""S0031645"",""observation"":""10""}"	daad4362cf5d2f00b3249d684e05afca
2026-08-31T08:58:27.164+08:00[Asia/Shanghai]	115288226	query_economic_indicator_data	"{""question"":""M0001383"",""observation"":""10""}"	742d9e521dc5fcca6a62975e4bd19de4
2026-08-31T08:58:20.322+08:00[Asia/Shanghai]	115288226	query_economic_indicator_data	"{""question"":""M0000185"",""observation"":""10""}"	88beb0da393f39dabf4d89ea0039f083
2026-08-31T08:58:19.250+08:00[Asia/Shanghai]	143621458	query_economic_indicator_data	"{""question"":""M0329523,M0075990,S0031645"",""beginDate"":""2026-08-27"",""endDate"":""2026-08-28""}"	c061b3991cfb77ac7dffbce254c09f72
2026-08-31T08:58:16.270+08:00[Asia/Shanghai]	115288226	query_economic_indicator_data	"{""question"":""M0000271"",""observation"":""10""}"	1c917a1d1508254cd2fcbf0fd385f81e
2026-08-31T08:58:15.624+08:00[Asia/Shanghai]	115288226	query_economic_indicator_data	"{""question"":""M1001654"",""observation"":""10""}"	b66670c0ae92cff9f71839f63bc9d4bf
2026-08-31T08:58:11.846+08:00[Asia/Shanghai]	115288226	query_economic_indicator_data	"{""question"":""M1001654"",""observation"":""10""}"	ce4b9cee3b57ad6971133e291e87c2c0
2026-08-31T08:58:09.402+08:00[Asia/Shanghai]	115363178	query_economic_indicator_data	"{""question"":""S0073293,M0000273"",""beginDate"":""2023-01-01"",""endDate"":""2026-08-31""}"	e67659b797deace93a0613afe31b9205
2026-08-31T08:58:07.553+08:00[Asia/Shanghai]	115288226	query_economic_indicator_data	"{""question"":""M0061613"",""observation"":""10""}"	971f3963361c0585b69b83ad931b98d0
2026-08-31T08:57:54.398+08:00[Asia/Shanghai]	115288226	query_economic_indicator_data	"{""question"":""M0075992"",""observation"":""10""}"	8d1b07f41a9d11aaaf8ee3f3b2cbc2b2
2026-08-31T08:57:47.340+08:00[Asia/Shanghai]	115363178	query_economic_indicator_data	"{""question"":""S0179664,S9979064"",""beginDate"":""2024-01-01"",""endDate"":""2026-08-31""}"	bf5106bc25bd6793f5012f105de73971
2026-08-31T08:57:36.733+08:00[Asia/Shanghai]	115363178	search_economic_indicator	"{""question"":""固定资产投资完成额 基础设施建设投资 累计同比 月""}"	8bc919441a75833d5cd22c236b48c155
2026-08-31T08:57:24.605+08:00[Asia/Shanghai]	142906005	query_economic_indicator_data	"{""question"":""S5443113"",""beginDate"":""2026-08-01"",""endDate"":""2026-08-31""}"	68d727ad00f7d9ea83b76b07a10804df
2026-08-31T08:57:22.153+08:00[Asia/Shanghai]	143904039	query_economic_indicator_data	"{""question"":""M0000096,M5767878,S0026824"",""beginDate"":""2024-01-01"",""endDate"":""2026-08-31""}"	5cbdf23b9117c3d15a266c5fff9be5bd
2026-08-31T08:57:20.028+08:00[Asia/Shanghai]	142906005	query_economic_indicator_data	"{""question"":""S5443291"",""beginDate"":""2026-08-01"",""endDate"":""2026-08-31""}"	514455a0a2e9e25e6984ab4136c677ab
2026-08-31T08:57:18.239+08:00[Asia/Shanghai]	143904039	query_economic_indicator_data	"{""question"":""S0026320,M0001350,M0000092,M5767876,S0026446,M0001351,M0000094,M5767877,S0026782,M0001352"",""beginDate"":""2024-01-01"",""endDate"":""2026-08-31""}"	c6e85e05321fcd74821b48ebf7163cbc
2026-08-31T08:56:57.945+08:00[Asia/Shanghai]	140693204	search_economic_indicator	"{""question"":""社会融资规模 政府债券 净融资""}"	45d1964f7639d7b64233c642b0864b68
2026-08-31T08:56:57.687+08:00[Asia/Shanghai]	140693204	query_economic_indicator_data	"{""question"":""M5658437"",""beginDate"":""2026-01-01"",""endDate"":""2026-12-31""}"	add861861fafb2499715272c4367f139
2026-08-31T08:56:57.658+08:00[Asia/Shanghai]	140693204	search_economic_indicator	"{""question"":""中国 国债 净融资额""}"	2fcc26f6987a36ca24d6890bf7486df0
2026-08-31T08:56:56.427+08:00[Asia/Shanghai]	143904039	query_economic_indicator_data	"{""question"":""S0007252,M0001330,M0000052,M5767855,S0007630,M0001331,M0000054,M5767856,S0007924,M0001334"",""beginDate"":""2024-01-01"",""endDate"":""2026-08-31""}"	75e972e08f2918761097485590aa2039
2026-08-31T08:56:36.374+08:00[Asia/Shanghai]	143904039	query_economic_indicator_data	"{""question"":""S0004480,M0001325,M0000042,M5767850,S0005614,M0001326,M0000044,M5767851,S0005782,M0001327"",""beginDate"":""2024-01-01"",""endDate"":""2026-08-31""}"	a5d3950f57d5e84e840f7bfb3eb2d16d
2026-08-31T08:56:23.289+08:00[Asia/Shanghai]	140693204	search_economic_indicator	"{""question"":""记账式国债发行额 当月值""}"	d2a7055d21ebb16738dbcd3316603251
2026-08-31T08:56:23.002+08:00[Asia/Shanghai]	140693204	search_economic_indicator	"{""question"":""政府债券净融资 当月值""}"	d0371a35bc6e78348b9139328f017e65
2026-08-31T08:56:22.109+08:00[Asia/Shanghai]	115363178	search_economic_indicator	"{""question"":""中厚板 价格 20mm 日度""}"	db19bb56d1745abde4efeccc3a2995fc
2026-08-31T08:56:15.385+08:00[Asia/Shanghai]	143904039	query_economic_indicator_data	"{""question"":""M0000036,M5767847,S0003682,M0001323,M0000038,M5767848,S0004312,M0001324,M0000040,M5767849"",""beginDate"":""2024-01-01"",""endDate"":""2026-08-31""}"	2d395c6f873c5db65f454b69ed919fb4
2026-08-31T08:56:09.289+08:00[Asia/Shanghai]	144438412	search_economic_indicator	"{""question"":""比特币美元价格""}"	3276066f14e49c6e85ad3d7928b78a07
2026-08-31T08:55:50.759+08:00[Asia/Shanghai]	140693204	search_economic_indicator	"{""question"":""政府债券净融资额 社会融资规模口径""}"	56fbc3aad54dfd42267c143291e71aea
2026-08-31T08:55:41.565+08:00[Asia/Shanghai]	143904039	query_economic_indicator_data	"{""question"":""S0014896,M0001342,M0000076,M5767866,S0016240,M0001343,M0000078,M5767867,S0017962,M0096839"",""beginDate"":""2024-01-01"",""endDate"":""2026-08-31""}"	c27341a52df92e81eadb58d77ac93db6
2026-08-31T08:55:34.751+08:00[Asia/Shanghai]	143904039	query_economic_indicator_data	"{""question"":""M0000070,M5767863,S0014182,M0001340,M0000072,M5767864,S0014392,M0001341,M0000074,M5767865"",""beginDate"":""2024-01-01"",""endDate"":""2026-08-31""}"	414ed003b93daaafe666c53c45fb8390
2026-08-31T08:55:30.239+08:00[Asia/Shanghai]	115363178	query_economic_indicator_data	"{""question"":""S6001728,O3167546,S6001740"",""beginDate"":""2023-01-01"",""endDate"":""2026-08-31""}"	677295c62c02fa5ee466e9a4c67f1d0b
2026-08-31T08:55:19.133+08:00[Asia/Shanghai]	143971517	query_economic_indicator_data	"{""question"":""M0067857"",""beginDate"":""2026-08-28"",""endDate"":""2026-08-31""}"	bdaebdac758eb0aae7f5f74db3350b2d
2026-08-31T08:55:18.225+08:00[Asia/Shanghai]	143904039	query_economic_indicator_data	"{""question"":""S0011200,M0096833,M0068077,M5767861,S0168312,M0001338,M0000068,M5767862,S0012544,M0001339"",""beginDate"":""2024-01-01"",""endDate"":""2026-08-31""}"	5f1c864c89406bbf8275354ebc9af299
2026-08-31T08:55:04.716+08:00[Asia/Shanghai]	115363178	search_economic_indicator	"{""question"":""叉车销量 月度 中国""}"	c14d9f34d7e584e24728df0326c312b0
2026-08-31T08:55:02.921+08:00[Asia/Shanghai]	144324360	query_economic_indicator_data	"{""question"":""兰格钢铁三级螺纹钢价格"",""beginDate"":""2026-06-30"",""endDate"":""2026-08-30""}"	13fa699e49278ab0718a24eefe620f8b
2026-08-31T08:55:01.119+08:00[Asia/Shanghai]	110801013	query_economic_indicator_data	"{""question"":""美国10年期国债收益率"",""observation"":""2""}"	69301ab5f13e0ab07c990162420ba303
2026-08-31T08:55:00.923+08:00[Asia/Shanghai]	143904039	query_economic_indicator_data	"{""question"":""S0011200,M0096833,M0068077,M5767861,S0168312,M0001338,M0000068,M5767862,S0012544,M0001339"",""beginDate"":""2024-01-01"",""endDate"":""2026-08-31""}"	724905a93fba4356ad82974562199668
2026-08-31T08:54:52.590+08:00[Asia/Shanghai]	143904039	query_economic_indicator_data	"{""question"":""M0000056,M5767857,S0008848,M0001333,M0000058,M5767858,S0009100,M0001335,M0000062,M5767860"",""beginDate"":""2024-01-01"",""endDate"":""2026-08-31""}"	6cb447403c9f25bd293045a6c902fad9
2026-08-31T08:54:40.050+08:00[Asia/Shanghai]	115363178	search_economic_indicator	"{""question"":""小松挖掘机 中国 开机小时数 月度""}"	398d78ff1b584e5ab9e1103a033855ab
2026-08-31T08:54:38.705+08:00[Asia/Shanghai]	143904039	query_economic_indicator_data	"{""question"":""M5767839,S0000532,M0001316,M0000024,M5767840,S0000658,M0001317,M0000026,M5767841,S0000784"",""beginDate"":""2024-01-01"",""endDate"":""2026-08-31""}"	7764401fdea7dc36c09db35c8db7b6c4
2026-08-31T08:54:34.391+08:00[Asia/Shanghai]	143971517	search_economic_indicator	"{""question"":""港币兑人民币即期汇率""}"	9a204c69bbb1dd5449596b348e823514
2026-08-31T08:54:25.800+08:00[Asia/Shanghai]	115363178	search_economic_indicator	"{""question"":""混凝土泵车 搅拌车 混凝土机械 销量 月度""}"	2fb9fea949b3525d8c5e908703734bba
2026-08-31T08:54:25.307+08:00[Asia/Shanghai]	144407880	query_economic_indicator_data	"{""question"":""M0075991"",""beginDate"":""2026-08-01"",""endDate"":""2026-08-31""}"	8f644f5043f8f9cc5afb7f641e4f5632
2026-08-31T08:54:17.120+08:00[Asia/Shanghai]	144407880	query_economic_indicator_data	"{""question"":""Z5080762"",""beginDate"":""2026-08-01"",""endDate"":""2026-08-31""}"	dc4dce66f5ce5da70bd689c58301c081
2026-08-31T08:54:14.612+08:00[Asia/Shanghai]	144407880	query_economic_indicator_data	"{""question"":""F3536481"",""beginDate"":""2026-08-01"",""endDate"":""2026-08-31""}"	ebe277ee90482ecde6c0c981ea9f7ecb
2026-08-31T08:54:04.761+08:00[Asia/Shanghai]	144407880	query_economic_indicator_data	"{""question"":""F3536481"",""beginDate"":""2026-08-01"",""endDate"":""2026-08-31""}"	8dcc56023f6de0ef01c12eb2018aef69
2026-08-31T08:54:04.089+08:00[Asia/Shanghai]	115363178	search_economic_indicator	"{""question"":""履带式挖掘机 出口数量 海关 月度""}"	bebdf271aca405b356ccb5f33a3a79ae
2026-08-31T08:54:01.029+08:00[Asia/Shanghai]	115363178	search_economic_indicator	"{""question"":""汽车起重机 销量 月度 中国""}"	1cecc5f987faa3f0b91731124f6d11ec
2026-08-31T08:53:50.960+08:00[Asia/Shanghai]	144407880	query_economic_indicator_data	"{""question"":""M0061610"",""beginDate"":""2026-08-01"",""endDate"":""2026-08-31""}"	7414be6bbf8c1e7cd9b5c5f234d400e1
2026-08-31T08:53:48.162+08:00[Asia/Shanghai]	144407880	query_economic_indicator_data	"{""question"":""M0061608"",""beginDate"":""2026-08-01"",""endDate"":""2026-08-31""}"	a36422e8d054fe7532c1d09f2cc7a083
2026-08-31T08:53:44.161+08:00[Asia/Shanghai]	115363178	search_economic_indicator	"{""question"":""工程机械行业 挖掘机 装载机 起重机 月度销量""}"	ec2a7016f56761dfcd0c866eccfcff6f
2026-08-31T08:53:39.860+08:00[Asia/Shanghai]	144407880	query_economic_indicator_data	"{""question"":""M0061606"",""beginDate"":""2026-08-01"",""endDate"":""2026-08-31""}"	9b5aa5546e347854819ed4010752e698
2026-08-31T08:53:39.681+08:00[Asia/Shanghai]	115363178	query_economic_indicator_data	"{""question"":""S6001313"",""beginDate"":""2023-01-01"",""endDate"":""2026-08-31""}"	ef24f454a67b21d2b73c118eccc77f5c
2026-08-31T08:53:24.550+08:00[Asia/Shanghai]	144407880	query_economic_indicator_data	"{""question"":""S0031645"",""beginDate"":""2026-08-01"",""endDate"":""2026-08-31""}"	b888901dc2584c2e4db6fc95e69faa06
2026-08-31T08:53:20.641+08:00[Asia/Shanghai]	144407880	query_economic_indicator_data	"{""question"":""M0325687"",""beginDate"":""2026-08-01"",""endDate"":""2026-08-31""}"	0e9a7046a70d38c578869a39e8bcced2
2026-08-31T08:53:09.220+08:00[Asia/Shanghai]	144407880	query_economic_indicator_data	"{""question"":""M0329501"",""beginDate"":""2026-08-01"",""endDate"":""2026-08-31""}"	32f6dab810de9c076f2c64062dc17f76
2026-08-31T08:53:04.016+08:00[Asia/Shanghai]	140149753	query_economic_indicator_data	"{""question"":""S0270980"",""observation"":""320""}"	64b56006d1a8815b425dccf5c7e52bf2
2026-08-31T08:52:42.286+08:00[Asia/Shanghai]	144438412	query_economic_indicator_data	"{""beginDate"":""2026-08-24"",""endDate"":""2026-08-31"",""question"":""提取布伦特原油期货结算价2026年8月24日至8月31日的日度数据""}"	f2e7e72090c6e3e2671a0235e25d8b52
2026-08-31T08:52:40.808+08:00[Asia/Shanghai]	143904039	query_economic_indicator_data	"{""question"":""M0001227,M0000545"",""beginDate"":""2026-06-01"",""endDate"":""2026-08-28""}"	c3f480d2f5c63be652f147c4a058298a
2026-08-31T08:52:15.749+08:00[Asia/Shanghai]	115363178	search_economic_indicator	"{""question"":""工程机械 挖掘机 出口 月度数据""}"	731b645254eced8c9f29eb292d2ead63
2026-08-31T08:52:05.503+08:00[Asia/Shanghai]	115363178	search_economic_indicator	"{""question"":""挖掘机国内销量""}"	776b49f20933c1b65386cdbcbb97e839
2026-08-31T08:51:51.336+08:00[Asia/Shanghai]	115363178	search_economic_indicator	"{""question"":""挖掘机销量 同比 月度""}"	1e78d76248df1c880ea5081cb0cf845f
2026-08-31T08:51:39.409+08:00[Asia/Shanghai]	115363178	search_economic_indicator	"{""question"":""挖掘机出口数量""}"	b75d2e690c60e0862d3ecd39d267d9ff
2026-08-31T08:51:19.611+08:00[Asia/Shanghai]	143603906	query_economic_indicator_data	"{""question"":""提取指标代码 M1004909 M1004910 M1004911 M1004912 M1004913 M1004914 的日度时间序列数据"",""beginDate"":""2026-08-21"",""endDate"":""2026-08-28""}"	4e0b4acaed0004cdb49460e3400e93ff
2026-08-31T08:51:15.618+08:00[Asia/Shanghai]	115363178	search_economic_indicator	"{""question"":""挖掘机出口销量 月度 中国工程机械工业协会""}"	b29d952c6d8341f2073341f31e6c1b75
2026-08-31T08:51:04.959+08:00[Asia/Shanghai]	143603906	search_economic_indicator	"{""question"":""国开债到期收益率10年1年3年5年7年""}"	08125e593f44967aee7db663dbc4d194
2026-08-31T08:50:37.358+08:00[Asia/Shanghai]	110906703	query_economic_indicator_data	"{""question"":""G0005428,S0069669"",""beginDate"":""2016-09-01"",""endDate"":""2026-08-31""}"	4dcd4e20ebe9ffaa1206c8955e9538b2
2026-08-31T08:50:30.572+08:00[Asia/Shanghai]	110906703	search_economic_indicator	"{""question"":""COMEX黄金期货价格""}"	b763b48f6c3e43a5a42a212e20fcdab9
2026-08-31T08:50:30.489+08:00[Asia/Shanghai]	143603906	query_economic_indicator_data	"{""question"":""提取指标代码 M1001646 M1001647 M1001648 M1001650 M1001652 M1001654 的日度时间序列数据"",""beginDate"":""2026-08-21"",""endDate"":""2026-08-28""}"	1f7e42b3124b027863efe290e5762830
2026-08-31T08:50:14.614+08:00[Asia/Shanghai]	143603906	search_economic_indicator	"{""question"":""中国国债到期收益率7年中证""}"	8974e3b3a770084ad452ac208fc7433c
2026-08-31T08:50:10.848+08:00[Asia/Shanghai]	143367815	query_economic_indicator_data	"{""question"":""COMEX黄金期货主力合约结算价"",""beginDate"":""2026-07-31"",""endDate"":""2026-08-31""}"	94c2b5015ab602341c2f5972ec142a70
2026-08-31T08:50:05.926+08:00[Asia/Shanghai]	114289561	query_economic_indicator_data	"{""question"":""中国国债到期收益率10年"",""observation"":""5""}"	db1c78c3659c05e36bdc020d445444d9
2026-08-31T08:50:05.752+08:00[Asia/Shanghai]	143603906	search_economic_indicator	"{""question"":""中国国债到期收益率3年中证""}"	53e2a3253ff27a36196aadfc0ee4a8df
2026-08-31T08:50:03.606+08:00[Asia/Shanghai]	114289561	query_economic_indicator_data	"{""question"":""美元指数"",""observation"":""5""}"	fd957adbb293e4063ffea89d1330d5c3
2026-08-31T08:50:02.598+08:00[Asia/Shanghai]	143603906	search_economic_indicator	"{""question"":""中国国债到期收益率2年中证""}"	31eb21196fd43ffef32f6dbeb206072c
2026-08-31T08:50:02.352+08:00[Asia/Shanghai]	143367815	query_economic_indicator_data	"{""question"":""中国10年期国债收益率"",""beginDate"":""2026-08-24"",""endDate"":""2026-08-31""}"	68fd630175ed1a29730e8ac9f4ed051c
2026-08-31T08:49:48.716+08:00[Asia/Shanghai]	111736729	query_economic_indicator_data	"{""question"":""S0031645"",""observation"":""3""}"	a838cb246816b66575fe6cc0ba0e1b43
2026-08-31T08:49:39.221+08:00[Asia/Shanghai]	144438412	query_economic_indicator_data	"{""beginDate"":""2026-08-24"",""endDate"":""2026-08-31"",""question"":""提取美国10年期国债收益率、美元指数、WTI原油期货结算价、COMEX黄金期货结算价在2026年8月24日至8月31日的日度数据""}"	6d62360ce16546bd1c2d3d34bb7f2fb2
2026-08-31T08:49:32.008+08:00[Asia/Shanghai]	143603906	search_economic_indicator	"{""question"":""中国国债到期收益率中证指数公司各期限""}"	6d4f983b1d11914635ddb124c30c9869
2026-08-31T08:49:22.386+08:00[Asia/Shanghai]	111736729	search_economic_indicator	"{""question"":""伦敦金现货价格""}"	81b2525f66b14d2e37fbaa25a430ecca
2026-08-31T08:49:21.467+08:00[Asia/Shanghai]	143603906	search_economic_indicator	"{""question"":""中国国债收益率2年5年10年 Wind""}"	e2fc1418c71d8c0327ef6909a717be7e
2026-08-31T08:49:03.496+08:00[Asia/Shanghai]	110906703	query_economic_indicator_data	"{""question"":""M0000545"",""beginDate"":""2021-09-01"",""endDate"":""2026-08-31""}"	3f1fc5c557726531fdaff6e0f8abc2f5
2026-08-31T08:48:56.055+08:00[Asia/Shanghai]	110906703	search_economic_indicator	"{""question"":""中国规模以上工业增加值同比增速月度指标""}"	31411478db06f2a3b7ac292938effb7a
2026-08-31T08:48:38.339+08:00[Asia/Shanghai]	111667015	query_economic_indicator_data	"{""question"":""美国10年期通胀保值国债收益率"",""beginDate"":""2021-08-01"",""endDate"":""2026-08-29""}"	ed162b7c9ada94790e789dde58a0862e
2026-08-31T08:48:27.378+08:00[Asia/Shanghai]	143603906	query_economic_indicator_data	"{""question"":""M1004893,M1006645"",""beginDate"":""2026-08-21"",""endDate"":""2026-08-28""}"	98e6f5e182f550669df092a842b48f05
2026-08-31T08:48:18.396+08:00[Asia/Shanghai]	111667015	query_economic_indicator_data	"{""question"":""美元指数 DXY"",""beginDate"":""2021-08-01"",""endDate"":""2026-08-29""}"	ac924cbe17e867bcdcba67623346659b
2026-08-31T08:48:16.053+08:00[Asia/Shanghai]	111667015	query_economic_indicator_data	"{""question"":""美国10年期通胀保值国债收益率"",""beginDate"":""2021-08-01"",""endDate"":""2026-08-29""}"	f1f11b570301ddc983fe108fa2c824cb
2026-08-31T08:48:12.961+08:00[Asia/Shanghai]	116062794	query_economic_indicator_data	"{""question"":""L5471360"",""beginDate"":""2026-08-24"",""endDate"":""2026-08-31""}"	4a7ab04585557f24790d7356f03f5610
2026-08-31T08:47:49.170+08:00[Asia/Shanghai]	143603906	search_economic_indicator	"{""question"":""股份制银行同业存单发行利率1年到期收益率""}"	bb9a2d29c4c00ee94de3eb7ce1dbbead
2026-08-31T08:47:48.341+08:00[Asia/Shanghai]	144260784	query_economic_indicator_data	"{""question"":""M0329501"",""beginDate"":""20260828"",""endDate"":""20260828""}"	0b0816ee3ed4ba7f180449e00f3fff56
2026-08-31T08:47:42.989+08:00[Asia/Shanghai]	144260784	search_economic_indicator	"{""question"":""沪市港股通当日资金净流入""}"	41018e5350abb279c51825e2c7ad084c
2026-08-31T08:47:41.491+08:00[Asia/Shanghai]	143952431	query_economic_indicator_data	"{""question"":""M0061606"",""observation"":""3""}"	28413e30b6b4f577bcf2669d1dfae5a2
2026-08-31T08:47:40.245+08:00[Asia/Shanghai]	143894165	query_economic_indicator_data	"{""question"":""M0041739,M0330244"",""beginDate"":""20260828"",""endDate"":""20260828""}"	9f077ed2f6bf9682def23a3a637969a9
2026-08-31T08:47:30.304+08:00[Asia/Shanghai]	143894165	query_economic_indicator_data	"{""question"":""M0220162,M0220163,M0220164,M0041652,M0041653,M0041654"",""beginDate"":""20260828"",""endDate"":""20260828""}"	3ca1aa8317a768b236d8b730bb12d95f
2026-08-31T08:47:29.127+08:00[Asia/Shanghai]	143603906	search_economic_indicator	"{""question"":""美国国债收益率3年期""}"	c845f610bb9642291123874db98ac2e7
2026-08-31T08:47:26.757+08:00[Asia/Shanghai]	143603906	search_economic_indicator	"{""question"":""中债国开债到期收益率曲线""}"	a1c742e0076dee2eda2c7d6c2c59c8e3
2026-08-31T08:47:19.448+08:00[Asia/Shanghai]	143925944	search_economic_indicator	"{""question"":""M0075989""}"	f7e0ed2491886440afcc4e4c207a7a5e
2026-08-31T08:47:18.607+08:00[Asia/Shanghai]	143894165	query_economic_indicator_data	"{""question"":""M0340844,M1006645"",""beginDate"":""20260828"",""endDate"":""20260828""}"	6b4d0f158f8acc229bb7985761908c65
2026-08-31T08:47:16.352+08:00[Asia/Shanghai]	143925944	query_economic_indicator_data	"{""question"":""查询指标代码 M0075989、M0331254、M0340770 的时间序列数据"",""beginDate"":""2026-08-01"",""endDate"":""2026-08-31""}"	16036440cd9ddbad4b059c4c8ad92474
2026-08-31T08:47:09.065+08:00[Asia/Shanghai]	144260784	query_economic_indicator_data	"{""question"":""融资融券余额 沪市深市 2026年8月21日到8月28日 每日"",""beginDate"":""2026-08-21"",""endDate"":""2026-08-28""}"	4fefeea6253ccffccf5ceac34b0d29b4
2026-08-31T08:47:08.708+08:00[Asia/Shanghai]	143925944	query_economic_indicator_data	"{""question"":""M0075989, M0331254, M0340770"",""beginDate"":""2026-08-01"",""endDate"":""2026-08-31""}"	7b2c613bd0997377faae6e0815bf22d8
2026-08-31T08:47:07.959+08:00[Asia/Shanghai]	143603906	search_economic_indicator	"{""question"":""中债国债到期收益率曲线2年3年5年7年10年""}"	57a324883c99a8a191de4f6280fa59ce
2026-08-31T08:47:05.365+08:00[Asia/Shanghai]	143894165	query_economic_indicator_data	"{""question"":""M0290205,M0067855,M0000271"",""beginDate"":""20260828"",""endDate"":""20260828""}"	3d47cb0fd10ad568fa15d220514286ab
2026-08-31T08:46:59.309+08:00[Asia/Shanghai]	144260784	query_economic_indicator_data	"{""question"":""M0075992,M0061608,M0061613"",""beginDate"":""20260828"",""endDate"":""20260828""}"	7c711c336183434a55c2ab34b0c0fcf4
2026-08-31T08:46:57.960+08:00[Asia/Shanghai]	143952431	query_economic_indicator_data	"{""question"":""M0061608"",""observation"":""5""}"	d61de319d48810d7d015df6e44be5bf3
2026-08-31T08:46:57.952+08:00[Asia/Shanghai]	143952431	query_economic_indicator_data	"{""question"":""M0290205"",""observation"":""5""}"	2f6041d6b8ae31adc07b32e28f7afeda
2026-08-31T08:46:37.398+08:00[Asia/Shanghai]	116062794	search_economic_indicator	"{""question"":""富时中国A50指数期货""}"	91d3e63e55f6d901beff9aad6ec3a3a5
2026-08-31T08:46:37.359+08:00[Asia/Shanghai]	116062794	query_economic_indicator_data	"{""question"":""S0180945,S0029750"",""beginDate"":""2026-08-24"",""endDate"":""2026-08-31""}"	b5c55002eba6351df32b97854c8785b5
2026-08-31T08:46:34.738+08:00[Asia/Shanghai]	143603906	query_economic_indicator_data	"{""question"":""美国国债收益率2年期5年期10年期30年期日度"",""beginDate"":""2026-08-21"",""endDate"":""2026-08-28""}"	f24c7449488a54df94183f1ac1160718
2026-08-31T08:46:30.382+08:00[Asia/Shanghai]	144260784	query_economic_indicator_data	"{""question"":""沪深两市融资融券余额 2026年8月21日到8月28日"",""beginDate"":""2026-08-21"",""endDate"":""2026-08-28""}"	c933fa942ea494dc6701489760620850
2026-08-31T08:46:30.333+08:00[Asia/Shanghai]	144260784	query_economic_indicator_data	"{""question"":""美国10年期国债收益率 2026年8月21日到8月28日"",""beginDate"":""2026-08-21"",""endDate"":""2026-08-28""}"	26e3cb37f56e906b44561366b6adf922
2026-08-31T08:46:30.318+08:00[Asia/Shanghai]	144260784	query_economic_indicator_data	"{""question"":""港股通南向资金每日净买入额 2026年8月21日到8月28日"",""beginDate"":""2026-08-21"",""endDate"":""2026-08-28""}"	27137e9a5504e0c5a0b051d3fcf01786
2026-08-31T08:46:19.932+08:00[Asia/Shanghai]	116062794	search_economic_indicator	"{""question"":""离岸人民币 美元兑离岸人民币 USDCNH""}"	d83b5c273fd5250e7a73f944d6643158
2026-08-31T08:46:15.907+08:00[Asia/Shanghai]	143952431	search_economic_indicator	"{""question"":""沪深两市融资融券余额 每日数据 交易所披露""}"	e2b4ec83752239a72f582afdba05b22f
2026-08-31T08:46:08.752+08:00[Asia/Shanghai]	116062794	search_economic_indicator	"{""question"":""美元指数 DXY""}"	c950168604dab9b68d7c62bdd48c6420
2026-08-31T08:46:07.892+08:00[Asia/Shanghai]	143925944	query_economic_indicator_data	"{""question"":""查询指标代码 M0075989、M0331254、M0340770 的时间序列数据"",""beginDate"":""2026-07-07"",""endDate"":""2026-08-31""}"	9556fbf2a075778e50c003e2c2c5711e
2026-08-31T08:46:05.586+08:00[Asia/Shanghai]	143952431	search_economic_indicator	"{""question"":""沪深两市融资余额 沪深两市合计""}"	d88af5a95911a5a49126070160b76815
2026-08-31T08:46:04.015+08:00[Asia/Shanghai]	143925944	query_economic_indicator_data	"{""question"":""M0075989, M0331254, M0340770"",""beginDate"":""2026-07-07"",""endDate"":""2026-08-31""}"	65e70dd0b0321ca08c3a3ca4dce941d0
2026-08-31T08:45:56.159+08:00[Asia/Shanghai]	143603906	query_economic_indicator_data	"{""question"":""SHIBOR隔夜 Shibor 1周"",""beginDate"":""2026-08-24"",""endDate"":""2026-08-28""}"	7cf5e81c087b329bd6dc696a08e1188c
2026-08-31T08:45:47.499+08:00[Asia/Shanghai]	143952431	search_economic_indicator	"{""question"":""沪深两市融资余额 融券余额 沪深合计""}"	abaf679d31a2d476c0e5d3a5fe43fb84
2026-08-31T08:45:33.661+08:00[Asia/Shanghai]	143952431	search_economic_indicator	"{""question"":""离岸人民币汇率 USDCNH 在岸人民币汇率 USDCNY""}"	632496525b1656fc1b6214809d73f564
2026-08-31T08:45:27.551+08:00[Asia/Shanghai]	143603906	query_economic_indicator_data	"{""question"":""银行间质押式回购加权利率DR001 DR007日度"",""beginDate"":""2026-08-24"",""endDate"":""2026-08-28""}"	f655fdf6600a0954fdc6a52a5273298e
2026-08-31T08:45:23.186+08:00[Asia/Shanghai]	143968965	query_economic_indicator_data	"{""question"":""现货价(伦敦市场):黄金:美元每日数据"",""beginDate"":""20260824"",""endDate"":""20260828""}"	a661f35dea7630938392eb026986ff63
2026-08-31T08:43:34.930+08:00[Asia/Shanghai]	144362983	query_economic_indicator_data	"{""question"":""上证所股票流通市值"",""observation"":""8000""}"	06bcafae4969f0413eb6774d70198c3c
2026-08-31T08:42:28.253+08:00[Asia/Shanghai]	144362983	query_economic_indicator_data	"{""question"":""沪深300指数期权波动率指数"",""observation"":""5000""}"	b48e8cd2942205c0facc8f90e54d8a10
2026-08-31T08:42:28.196+08:00[Asia/Shanghai]	143669196	search_economic_indicator	"{""question"":""COMEX铜合格库存eligible库存量""}"	21ad18b67074d8a6cc97513a0177981f
2026-08-31T08:42:21.136+08:00[Asia/Shanghai]	143669196	search_economic_indicator	"{""question"":""COMEX铜注册仓单registered库存量""}"	1e91637d23c50a8227dcf02f0c086344
2026-08-31T08:42:16.865+08:00[Asia/Shanghai]	142754693	query_economic_indicator_data	"{""question"":""中国规模以上工业增加值，月度同比，行业为：农副食品加工业、食品制造业、酒、饮料和精制茶制造业、纺织业、纺织服装、服饰业、皮革、毛皮、羽毛及其制品和制鞋业、木材加工及木、竹、藤、棕、草制品业、家具制造业、造纸及纸制品业、印刷和记录媒介的复制业、文教、工美、体育和娱乐用品制造业、医药制造业。返回这12个消费行业的全部分项。"",""beginDate"":""2026-07-31"",""endDate"":""2026-08-31""}"	035ed520943f2142f4922cab589cc880
2026-08-31T08:42:16.429+08:00[Asia/Shanghai]	144362983	query_economic_indicator_data	"{""question"":""沪深300指数期权波动率指数"",""observation"":""5000""}"	2c902753672fc7d763ca86b07cef7238
2026-08-31T08:42:12.308+08:00[Asia/Shanghai]	142754693	query_economic_indicator_data	"{""question"":""中国规模以上工业增加值，月度同比，行业为：农副食品加工业、食品制造业、酒、饮料和精制茶制造业、纺织业、纺织服装、服饰业、皮革、毛皮、羽毛及其制品和制鞋业、木材加工及木、竹、藤、棕、草制品业、家具制造业、造纸及纸制品业、印刷和记录媒介的复制业、文教、工美、体育和娱乐用品制造业、医药制造业。返回这12个消费行业的全部分项。"",""beginDate"":""2026-07-31"",""endDate"":""2026-08-31""}"	bdf2e47fabb9a97bb254610e23572e3f
2026-08-31T08:42:00.067+08:00[Asia/Shanghai]	144362983	query_economic_indicator_data	"{""question"":""沪深300指数期权波动率指数"",""observation"":""5000""}"	0d8fdb642617692bfac9fd5a67c05a03
2026-08-31T08:41:57.065+08:00[Asia/Shanghai]	142754693	query_economic_indicator_data	"{""question"":""中国居民消费价格指数 CPI 分类分项，月度上年同月同比，返回全部27个统计局分项指标。"",""beginDate"":""2026-07-31"",""endDate"":""2026-08-31""}"	0f043df139165178383362865fb69f5c
2026-08-31T08:41:49.917+08:00[Asia/Shanghai]	143669196	query_economic_indicator_data	"{""question"":""S0035819"",""beginDate"":""2026-07-01"",""endDate"":""2026-08-31""}"	bd1c602536608c4de842c33c4b5aef65
2026-08-31T08:41:44.146+08:00[Asia/Shanghai]	143669196	query_economic_indicator_data	"{""question"":""X9055267"",""observation"":""12""}"	e45bfaf52c75d0aeaf2236e0438653b0
2026-08-31T08:41:42.448+08:00[Asia/Shanghai]	144362983	query_economic_indicator_data	"{""question"":""沪深300指数期权波动率指数"",""observation"":""5000""}"	3b1815711c8ae0ac77cacbf587500378
2026-08-31T08:41:32.479+08:00[Asia/Shanghai]	142754693	query_economic_indicator_data	"{""question"":""中国社会融资规模存量同比"",""beginDate"":""2026-07-31"",""endDate"":""2026-08-31""}"	9deb22680f44493ce4310da80ab1f60f
2026-08-31T08:41:32.339+08:00[Asia/Shanghai]	142754693	query_economic_indicator_data	"{""question"":""中国社会融资规模存量同比"",""beginDate"":""2026-07-31"",""endDate"":""2026-08-31""}"	fe0361bbfc5819999b3e2007453dcb0f
2026-08-31T08:41:31.244+08:00[Asia/Shanghai]	142754693	query_economic_indicator_data	"{""question"":""中国M2同比"",""beginDate"":""2026-07-31"",""endDate"":""2026-08-31""}"	e3eeabd5aa861b42e5ba740c04e20504
2026-08-31T08:41:31.101+08:00[Asia/Shanghai]	142754693	query_economic_indicator_data	"{""question"":""中国M2同比"",""beginDate"":""2026-07-31"",""endDate"":""2026-08-31""}"	bc85de6772f6d43469ef07cb0cfd11a7
2026-08-31T08:41:27.277+08:00[Asia/Shanghai]	135096203	query_economic_indicator_data	"{""question"":""比特币"",""beginDate"":""2026-08-21"",""endDate"":""2026-08-28""}"	00d0ffc0ca8e6fb34325f90d2983dd5e
2026-08-31T08:41:27.036+08:00[Asia/Shanghai]	143669196	query_economic_indicator_data	"{""question"":""G0003892"",""beginDate"":""2026-07-01"",""endDate"":""2026-08-31""}"	187df45349c0a1357cf2f166556de3ad
2026-08-31T08:41:05.205+08:00[Asia/Shanghai]	143669196	search_economic_indicator	"{""question"":""美元兑人民币即期汇率 日度 收盘价""}"	950e6713067f88ca286aee94870ca935
2026-08-31T08:40:43.653+08:00[Asia/Shanghai]	143669196	search_economic_indicator	"{""question"":""黄金波动率指数 GVZ 日度""}"	cf14491be19634a1ef5d5da915b61d82
2026-08-31T08:40:33.063+08:00[Asia/Shanghai]	142754693	query_economic_indicator_data	"{""question"":""中国10年期国债收益率"",""beginDate"":""2026-08-27"",""endDate"":""2026-08-31""}"	6bdd2b9414eaf73496683e4b54dd5219
2026-08-31T08:40:30.684+08:00[Asia/Shanghai]	143669196	search_economic_indicator	"{""question"":""美国高收益债期权调整利差 OAS 日度""}"	9917f82fbabdeaacfbcca4aacb6371e3
2026-08-31T08:40:18.010+08:00[Asia/Shanghai]	143669196	search_economic_indicator	"{""question"":""MOVE美债波动率指数 日度""}"	a3fbaf42c3905d77a421563497c61e9d
2026-08-31T08:39:23.710+08:00[Asia/Shanghai]	143905293	query_economic_indicator_data	"{""question"":""M0000005"",""beginDate"":""2026-08-25"",""endDate"":""2026-08-29""}"	f88db74689c3a8998a1f03ac3617b139
2026-08-31T08:39:20.776+08:00[Asia/Shanghai]	143905293	search_economic_indicator	"{""question"":""WTI原油期货价格""}"	9d33204a978db9e54439f15dfa069e9b
2026-08-31T08:39:15.594+08:00[Asia/Shanghai]	143905293	query_economic_indicator_data	"{""question"":""S0031645"",""beginDate"":""2026-08-25"",""endDate"":""2026-08-29""}"	7488edf79c555d8c8e6548e686db923b
2026-08-31T08:39:06.692+08:00[Asia/Shanghai]	143905293	search_economic_indicator	"{""question"":""伦敦黄金现货价格最新""}"	6a9ce1f52fcf589c9edf594716d7853b
2026-08-31T08:39:04.439+08:00[Asia/Shanghai]	143894165	query_economic_indicator_data	"{""question"":""M0041739,M0330244"",""beginDate"":""20260828"",""endDate"":""20260828""}"	1c6aa1cc203ce5d04955ddf13eb966d6
2026-08-31T08:38:56.747+08:00[Asia/Shanghai]	143868192	query_economic_indicator_data	"{""question"":""S0180945"",""beginDate"":""2026-08-20"",""endDate"":""2026-08-28""}"	775de974a4420cc922435112a57d75d7
2026-08-31T08:38:52.497+08:00[Asia/Shanghai]	143894165	query_economic_indicator_data	"{""question"":""M0220162,M0220163,M0220164,M0041652,M0041653,M0041654"",""beginDate"":""20260828"",""endDate"":""20260828""}"	15e122ea5a494169b957ec6250c5c2df
2026-08-31T08:38:46.184+08:00[Asia/Shanghai]	143894165	query_economic_indicator_data	"{""question"":""M0061608,M0061613,Z5080762,M0061604,M0061609,W3569345"",""beginDate"":""20260828"",""endDate"":""20260828""}"	f59d65209fbd7ad064a287d19d4baa19
2026-08-31T08:38:45.663+08:00[Asia/Shanghai]	143868192	query_economic_indicator_data	"{""question"":""S0180945"",""beginDate"":""2026-01-05"",""endDate"":""2026-01-05""}"	7949a40a88826bfa4cd408a35671a82b
2026-08-31T08:38:40.303+08:00[Asia/Shanghai]	143669196	query_economic_indicator_data	"{""question"":""M0066355"",""beginDate"":""2026-05-01"",""endDate"":""2026-08-31""}"	bfc6f965a4adc016a2dba765a771ead7
2026-08-31T08:38:28.894+08:00[Asia/Shanghai]	143894165	query_economic_indicator_data	"{""question"":""M0290205,M0067855,M0000271"",""beginDate"":""20260828"",""endDate"":""20260828""}"	e044d73d44914972b1cf4f42ae956885
2026-08-31T08:38:24.303+08:00[Asia/Shanghai]	143894165	query_economic_indicator_data	"{""question"":""M1008671,M1008672,M1008674,M1008675,M1008676,M1008678,M1008680,M1008683,M1001657"",""beginDate"":""20260828"",""endDate"":""20260828""}"	54b877584bc96ab836d28548d6c0dc20
2026-08-31T08:38:02.507+08:00[Asia/Shanghai]	144280759	query_economic_indicator_data	"{""question"":""G8403806"",""observation"":""14""}"	9e38de12446e790e6524c1e6c69f5f84
2026-08-31T08:37:55.109+08:00[Asia/Shanghai]	143894165	query_economic_indicator_data	"{""question"":""M1008671,M1008672,M1008674,M1008675,M1008676,M1008678,M1008680,M1008683,M1001657"",""beginDate"":""20260828"",""endDate"":""20260828""}"	da20c8525b8be04ad6991fe09e5e3310
2026-08-31T08:37:51.044+08:00[Asia/Shanghai]	143669196	query_economic_indicator_data	"{""question"":""S0069687,S0031525"",""beginDate"":""2026-07-20"",""endDate"":""2026-08-31""}"	5ad701ed731aede5f17e0a28a69347a4
2026-08-31T08:37:40.404+08:00[Asia/Shanghai]	144318680	query_economic_indicator_data	"{""question"":""M0017126,M0017127,M0017128,M5207831,M5530000,M6642294,M6642295,M6642296"",""observation"":""1""}"	b180f5338d5789150c6b9837971fa460
2026-08-31T08:37:35.474+08:00[Asia/Shanghai]	115451953	query_economic_indicator_data	"{""question"":""C6031238,K4420447,Q5557665,O3766896,O4586879,A7930060,P8251786,U1578734,J7254963,N1799778,T3386747,O3689336,P9556931,W9204970,N3725067,Y3660593,A9571819,Q1696640,O4413399,U2301470,C1941796,U9486837,K4339486,T2253867,Y4462310,A5365607,T9135492,H1637420,K7426991,J1541414,L9740095"",""beginDate"":""2025-07-24"",""endDate"":""2026-08-28""}"	00cc7bb252470e9a740d5a6a3577ac2e
2026-08-31T08:37:31.786+08:00[Asia/Shanghai]	115451953	query_economic_indicator_data	"{""question"":""G8324453"",""beginDate"":""2023-08-31"",""endDate"":""2026-08-31""}"	92b84c3b180f688ea744561ccdc59ed4
2026-08-31T08:37:30.059+08:00[Asia/Shanghai]	143669196	query_economic_indicator_data	"{""question"":""S0069687,S0031525"",""beginDate"":""2021-08-01"",""endDate"":""2026-08-31""}"	00145a08ba93e7d6080a65fd7fa6b036
2026-08-31T08:37:27.901+08:00[Asia/Shanghai]	143669196	query_economic_indicator_data	"{""question"":""U0929600"",""beginDate"":""2026-07-01"",""endDate"":""2026-08-31""}"	0607bf361cf2d7316d06e55602f50325
2026-08-31T08:37:22.969+08:00[Asia/Shanghai]	143669196	query_economic_indicator_data	"{""question"":""S5807320,S5806283,A8786082"",""observation"":""25""}"	262818781f50117cf930fded5e39ed18
2026-08-31T08:37:22.075+08:00[Asia/Shanghai]	115451953	query_economic_indicator_data	"{""question"":""M0062948"",""beginDate"":""2023-08-31"",""endDate"":""2026-08-31""}"	0c35cb5dcc0ff33f11c53c29212bf5f1
2026-08-31T08:37:17.510+08:00[Asia/Shanghai]	143669196	query_economic_indicator_data	"{""question"":""M1001793"",""beginDate"":""2026-07-01"",""endDate"":""2026-08-31""}"	174b475bfd7a0cbc09befbd8d82ebfc5
2026-08-31T08:37:17.232+08:00[Asia/Shanghai]	115451953	query_economic_indicator_data	"{""question"":""M0060433"",""beginDate"":""2023-08-31"",""endDate"":""2026-08-31""}"	c4591fcedb1536ec5427a25cf9b06908
2026-08-31T08:37:11.345+08:00[Asia/Shanghai]	117000898	search_economic_indicator	"{""question"":""美国10年期国债收益率""}"	35a5a5cb107dc5f2b9020b6179767afa
2026-08-31T08:37:09.915+08:00[Asia/Shanghai]	111493499	query_economic_indicator_data	"{""question"":""M0041371,M1006337,M0041653"",""beginDate"":""2026-08-01"",""endDate"":""2026-08-31""}"	8f17f207c8145b104db13e96cd5dc9b4
2026-08-31T08:37:09.499+08:00[Asia/Shanghai]	143669196	query_economic_indicator_data	"{""question"":""S0029751,S0147010,S0069672,M0066355,M0000271,G0005428"",""observation"":""70""}"	f87a4255258a4c1d3113d60d64cabda9
2026-08-31T08:37:00.263+08:00[Asia/Shanghai]	143669196	query_economic_indicator_data	"{""question"":""S0069687,S0031525"",""beginDate"":""2021-08-01"",""endDate"":""2026-08-31""}"	1e1042db99248edf55f49704ce7dc3fb
2026-08-31T08:36:58.027+08:00[Asia/Shanghai]	115451953	query_economic_indicator_data	"{""question"":""M0075991"",""beginDate"":""2023-08-31"",""endDate"":""2026-08-31""}"	4c068c6a2e587db7969d0e2a116bfe16
2026-08-31T08:36:55.198+08:00[Asia/Shanghai]	143669196	query_economic_indicator_data	"{""question"":""S0180938,S0031525,M0000271"",""beginDate"":""2026-05-01"",""endDate"":""2026-08-31""}"	dd3c12b01c5ed75426d433f538039dbd
2026-08-31T08:36:52.229+08:00[Asia/Shanghai]	143669196	search_economic_indicator	"{""question"":""COMEX一号铜CFTC总持仓周度""}"	08cbe9836834f521011d2d3242d7cfc4
2026-08-31T08:36:48.294+08:00[Asia/Shanghai]	115451953	query_economic_indicator_data	"{""question"":""M1016229"",""beginDate"":""2023-08-31"",""endDate"":""2026-08-31""}"	c9203ede621ba7b27d16f66f07bb176a
2026-08-31T08:36:47.118+08:00[Asia/Shanghai]	143669196	search_economic_indicator	"{""question"":""COMEX一号铜CFTC非商业净多头持仓周度""}"	a26ee003a9b4c5d934bb6f1d01b0fb83
2026-08-31T08:36:42.211+08:00[Asia/Shanghai]	143669196	search_economic_indicator	"{""question"":""COMEX一号铜CFTC非商业空头持仓周度""}"	3d328f737416f56fa09e231cf1c66919
2026-08-31T08:36:40.007+08:00[Asia/Shanghai]	143669196	query_economic_indicator_data	"{""question"":""S0069687,S0031525"",""beginDate"":""2021-08-01"",""endDate"":""2026-08-31""}"	cfcf2bc67d2e83752f1042b61d7bd3b0
2026-08-31T08:36:39.988+08:00[Asia/Shanghai]	115451953	query_economic_indicator_data	"{""question"":""M0041653"",""beginDate"":""2023-08-31"",""endDate"":""2026-08-31""}"	ec3ec07a0a6d73ccb075a397e3549251
2026-08-31T08:36:39.438+08:00[Asia/Shanghai]	143868192	query_economic_indicator_data	"{""question"":""S0031525"",""beginDate"":""2026-01-05"",""endDate"":""2026-08-28""}"	a1e0ac3320f7c16ae4e7174b2a8b2677
2026-08-31T08:36:28.164+08:00[Asia/Shanghai]	143669196	query_economic_indicator_data	"{""question"":""S0180938,S0031525,M0000271"",""beginDate"":""2026-05-01"",""endDate"":""2026-08-31""}"	773309cb6c7b52119aee6c3327cbd279
2026-08-31T08:36:21.820+08:00[Asia/Shanghai]	143894165	query_economic_indicator_data	"{""question"":""M0041372,M0041374,M0331224,M0331286,M0060447,M0329542,U0487234,R9964094"",""beginDate"":""20260828"",""endDate"":""20260828""}"	0286a82021201199bda4a5e32acb7980
2026-08-31T08:36:19.841+08:00[Asia/Shanghai]	143669196	search_economic_indicator	"{""question"":""中国上海电解铜洋山铜溢价最高价""}"	2ce8ade387d09dad18b2992e30ddc46a
2026-08-31T08:36:17.176+08:00[Asia/Shanghai]	144025895	query_economic_indicator_data	"{""question"":""G8322945"",""beginDate"":""2026-08-01"",""endDate"":""2026-08-31""}"	d989200b586d575dfeb1917afcdc7d4e
2026-08-31T08:36:13.553+08:00[Asia/Shanghai]	143972004	query_economic_indicator_data	"{""question"":""中国高技术产业工业增加值同比增速"",""observation"":""6""}"	b7ba6a46225f32c27b257f61078cc246
2026-08-31T08:35:54.573+08:00[Asia/Shanghai]	143669196	query_economic_indicator_data	"{""question"":""M0017126"",""beginDate"":""2026-01-01"",""endDate"":""2026-08-31""}"	3d76b0dcf1fff65f6f0625e5719b0a23
2026-08-31T08:35:53.859+08:00[Asia/Shanghai]	143894165	query_economic_indicator_data	"{""question"":""M0041739,M0330244"",""beginDate"":""20260828"",""endDate"":""20260828""}"	689bb75b6112ffe1f4b904c3066139a9
2026-08-31T08:35:51.038+08:00[Asia/Shanghai]	143972004	query_economic_indicator_data	"{""question"":""中国M2货币供应量同比增速"",""observation"":""6""}"	c4c0872379593a331edd0283838ee6bf
2026-08-31T08:35:51.004+08:00[Asia/Shanghai]	143972004	query_economic_indicator_data	"{""question"":""中国社会融资规模存量同比增速"",""observation"":""6""}"	9fd2d339da2844111ceb4547dd25343a
2026-08-31T08:35:48.873+08:00[Asia/Shanghai]	143894165	query_economic_indicator_data	"{""question"":""M0096870,M0331299,M0048187,M0010289"",""beginDate"":""20260828"",""endDate"":""20260828""}"	fb66995da1a21b38349a62109acaafb7
2026-08-31T08:35:44.577+08:00[Asia/Shanghai]	111493499	query_economic_indicator_data	"{""question"":""M0096870,M0331299"",""beginDate"":""2026-06-01"",""endDate"":""2026-08-31""}"	8794be6773dfb03dce2cfc66193fb265
2026-08-31T08:35:43.795+08:00[Asia/Shanghai]	143894165	query_economic_indicator_data	"{""question"":""M0220162,M0220163,M0220164,M0041652,M0041653,M0041654"",""beginDate"":""20260828"",""endDate"":""20260828""}"	68e62e18443d4131eff90bdc55aa54d9
2026-08-31T08:35:41.498+08:00[Asia/Shanghai]	143669196	search_economic_indicator	"{""question"":""美国10年期国债期限溢价 ACM 日度""}"	cddc417780c72efc595e7dbfb2678c25
2026-08-31T08:35:40.746+08:00[Asia/Shanghai]	144025895	search_economic_indicator	"{""question"":""香港政府债券10年期收益率、香港外汇基金债券10年期基准收益率""}"	52eb4a91d9419c4cd7f2bbc8d3606328
2026-08-31T08:35:33.276+08:00[Asia/Shanghai]	143669196	search_economic_indicator	"{""question"":""中国制造业PMI新订单指数月度值""}"	e5e5f918b41cea7071e076c76e487ad7
2026-08-31T08:35:22.304+08:00[Asia/Shanghai]	143894165	query_economic_indicator_data	"{""question"":""M0061608,M0061613,Z5080762,M0061604,M0061609,W3569345"",""beginDate"":""20260828"",""endDate"":""20260828""}"	b9c99ec8f5a2c3e70ab0f7c00a1b48cf
2026-08-31T08:35:19.176+08:00[Asia/Shanghai]	143669196	search_economic_indicator	"{""question"":""美国10年期通胀保值国债实际收益率每日值 10-Year TIPS Real Yield""}"	3ab35863241c826f6638b14ac62ec8c7
2026-08-31T08:35:14.847+08:00[Asia/Shanghai]	144318680	search_economic_indicator	"{""question"":""美元兑人民币中间价 日度""}"	86f1ed1f33c0cbfca57a93ab14d0fbe4
2026-08-31T08:35:08.435+08:00[Asia/Shanghai]	115451953	query_economic_indicator_data	"{""question"":""C6031238,K4420447,Q5557665,O3766896,O4586879,A7930060,P8251786,U1578734,J7254963,N1799778,T3386747,O3689336,P9556931,W9204970,N3725067,Y3660593,A9571819,Q1696640,O4413399,U2301470,C1941796,U9486837,K4339486,T2253867,Y4462310,A5365607,T9135492,H1637420,K7426991,J1541414,L9740095"",""beginDate"":""2025-07-24"",""endDate"":""2026-08-28""}"	50d784b96cec8102ec9e8673c48ac4b4
2026-08-31T08:35:06+08:00[Asia/Shanghai]	115451953	query_economic_indicator_data	"{""question"":""G8324453"",""beginDate"":""2023-08-31"",""endDate"":""2026-08-31""}"	fa8f64096d683637c4e91e39f9bc0691
2026-08-31T08:35:03.108+08:00[Asia/Shanghai]	143669196	search_economic_indicator	"{""question"":""上海洋山港电解铜到岸溢价最高值平均值""}"	dc2f6fd7e4cc20f189eaab26c36cacd8
2026-08-31T08:35:00.653+08:00[Asia/Shanghai]	144025895	query_economic_indicator_data	"{""question"":""S0059749"",""beginDate"":""2026-08-01"",""endDate"":""2026-08-31""}"	ea548645df7f49b408a407373d6378c8
2026-08-31T08:34:48.771+08:00[Asia/Shanghai]	143669196	search_economic_indicator	"{""question"":""中国进口铜精矿现货冶炼加工费TC指数""}"	43eb37cf115e121d5c070ac9336e148f
2026-08-31T08:34:45.601+08:00[Asia/Shanghai]	143669196	search_economic_indicator	"{""question"":""美国国债实际收益率 10年 日度""}"	3c5eaa25888b7ee428e42e8ca045af3e
2026-08-31T08:34:44.234+08:00[Asia/Shanghai]	143571747	query_economic_indicator_data	"{""question"":""G1130791"",""beginDate"":""2023-01-01"",""endDate"":""2026-12-31""}"	6fcdaa57012a6bc81d0ba171bb7a00b2
2026-08-31T08:34:41.053+08:00[Asia/Shanghai]	115451953	query_economic_indicator_data	"{""question"":""G8324468"",""beginDate"":""2023-08-31"",""endDate"":""2026-08-31""}"	30a6d9870e0db0d0505c2517f1678764
2026-08-31T08:34:33.133+08:00[Asia/Shanghai]	143669196	search_economic_indicator	"{""question"":""美元指数 DXY 日度""}"	c1bf6e40188beadea844364b06f3815b
2026-08-31T08:34:33.078+08:00[Asia/Shanghai]	143669196	search_economic_indicator	"{""question"":""上海期货交易所铜库存周度""}"	ebbc5c444d926eba89d773be18cf888f
2026-08-31T08:34:31.265+08:00[Asia/Shanghai]	115451953	query_economic_indicator_data	"{""question"":""M0075990"",""beginDate"":""2023-08-31"",""endDate"":""2026-08-31""}"	2d36b0361928f7528014c4100cfb5aac
2026-08-31T08:34:29.517+08:00[Asia/Shanghai]	143669196	search_economic_indicator	"{""question"":""美元指数日收盘、美国10年期通胀保值国债实际收益率日值""}"	e546b1623b261f35932db47903ffcd67
2026-08-31T08:34:23.190+08:00[Asia/Shanghai]	115451953	query_economic_indicator_data	"{""question"":""M1016229"",""beginDate"":""2023-08-31"",""endDate"":""2026-08-31""}"	9f425038a85013458edb7dc8ece4513c
2026-08-31T08:34:18.459+08:00[Asia/Shanghai]	115451953	query_economic_indicator_data	"{""question"":""M1006337"",""beginDate"":""2023-08-31"",""endDate"":""2026-08-31""}"	b477615c34421b00d621c561140e3582
2026-08-31T08:34:14.980+08:00[Asia/Shanghai]	115451953	query_economic_indicator_data	"{""question"":""M0041653"",""beginDate"":""2023-08-31"",""endDate"":""2026-08-31""}"	621bb94c4194b061b433d900ae8fd5bc
2026-08-31T08:34:12.641+08:00[Asia/Shanghai]	143894165	query_economic_indicator_data	"{""question"":""M0330934,M0096849,S0213051"",""beginDate"":""20260828"",""endDate"":""20260828""}"	0241fdc58a35c7527e326c6607c3bc64
2026-08-31T08:34:10.054+08:00[Asia/Shanghai]	143571747	search_economic_indicator	"{""question"":""美国财政部 国债发行额 月度""}"	d10eee645fd7c37d7d2af5a535e69713
2026-08-31T08:34:07.586+08:00[Asia/Shanghai]	127794342	query_economic_indicator_data	"{""question"":""美国核心PCE同比"",""observation"":""24""}"	66c775f79ceda9ebba3e43448f31ec8f
2026-08-31T08:34:06.974+08:00[Asia/Shanghai]	143669196	search_economic_indicator	"{""question"":""ICE布伦特原油连续合约日结算价、NYMEX WTI原油连续合约日结算价、ICE低硫柴油连续合约日结算价""}"	79eb146bf2bf21ae33ed2547c19eda23
2026-08-31T08:34:06.483+08:00[Asia/Shanghai]	144025895	search_economic_indicator	"{""question"":""中国10年期国债到期收益率、中债国债到期收益率10年；香港10年期政府债券到期收益率或10年期外汇基金债券收益率；截至2026年8月""}"	8223423f5eb0fec021dd36e66abd2718
2026-08-31T08:34:05.672+08:00[Asia/Shanghai]	127794342	query_economic_indicator_data	"{""question"":""中国M1同比"",""observation"":""24""}"	c89903665518cd468c366a8b806a71ee
2026-08-31T08:34:04.857+08:00[Asia/Shanghai]	143848357	query_economic_indicator_data	"{""question"":""M0340770"",""beginDate"":""2026-08-21"",""endDate"":""2026-08-31""}"	268811051b5597e8b6e642b8772b6ddb
2026-08-31T08:34:02.969+08:00[Asia/Shanghai]	127794342	query_economic_indicator_data	"{""question"":""中国PPI当月同比"",""observation"":""24""}"	88ee55f7e78bcccfbf09865f863d3292
2026-08-31T08:33:56.663+08:00[Asia/Shanghai]	111667015	query_economic_indicator_data	"{""question"":""美元兑离岸人民币即期汇率"",""observation"":""3""}"	f6af31ae95639c335f45611d6b6e7ef0
2026-08-31T08:33:55.026+08:00[Asia/Shanghai]	143838911	query_economic_indicator_data	"{""question"":""波罗的海干散货指数BDI"",""beginDate"":""2026-08-21"",""endDate"":""2026-08-31""}"	0e88dc07b1fb1ee0a3c65c62f5e27d8a
2026-08-31T08:33:52.197+08:00[Asia/Shanghai]	127794342	query_economic_indicator_data	"{""question"":""A股融资融券余额"",""observation"":""10""}"	25e33691b5dd96c145c7841565d5ceef
2026-08-31T08:33:44.417+08:00[Asia/Shanghai]	143848357	query_economic_indicator_data	"{""question"":""M0331254"",""beginDate"":""2026-08-21"",""endDate"":""2026-08-31""}"	800cfc48c5dcd59c16e835e8e3dc8b6d
2026-08-31T08:33:41.031+08:00[Asia/Shanghai]	127794342	query_economic_indicator_data	"{""question"":""美元指数"",""beginDate"":""2026-08-24"",""endDate"":""2026-08-31""}"	c140845d3cf42dcd22e40493284f8060
2026-08-31T08:33:36.979+08:00[Asia/Shanghai]	143838911	query_economic_indicator_data	"{""question"":""港币兑人民币即期汇率"",""beginDate"":""2026-08-21"",""endDate"":""2026-08-31""}"	b17818fafb65b55af6c45732f95ac0f0
2026-08-31T08:33:35.789+08:00[Asia/Shanghai]	143838911	query_economic_indicator_data	"{""question"":""欧元兑人民币即期汇率"",""beginDate"":""2026-08-21"",""endDate"":""2026-08-31""}"	e18e94714f0efe5c12cc48b7409c8179
2026-08-31T08:33:31.025+08:00[Asia/Shanghai]	143838911	query_economic_indicator_data	"{""question"":""中国10年期国债到期收益率"",""beginDate"":""2026-08-21"",""endDate"":""2026-08-31""}"	8488205e993c599774048af77e0abacc
2026-08-31T08:33:29.182+08:00[Asia/Shanghai]	127794342	query_economic_indicator_data	"{""question"":""美国国债收益率10年"",""beginDate"":""2026-08-17"",""endDate"":""2026-08-31""}"	67ad83e22e5b8929147e0bd7aa2c57f8
2026-08-31T08:33:23.024+08:00[Asia/Shanghai]	143848357	query_economic_indicator_data	"{""question"":""M0290205"",""beginDate"":""2026-08-21"",""endDate"":""2026-08-31""}"	2e26bdfe6c6db06f925a68b0201ed1aa
2026-08-31T08:33:20.726+08:00[Asia/Shanghai]	143894165	query_economic_indicator_data	"{""question"":""M0061608,M0061613,Z5080762,M0061604,M0061609,W3569345"",""beginDate"":""20260827"",""endDate"":""20260827""}"	f130e119e437e0132d58345b5af69789
2026-08-31T08:33:13.713+08:00[Asia/Shanghai]	141012138	query_economic_indicator_data	"{""beginDate"":""20260825"",""endDate"":""20260831"",""indicator_codes"":[""S0031585""],""question"":""美国10年期国债收益率最近一周走势""}"	ed70f711520898b29687974be64dff00
2026-08-31T08:33:12.633+08:00[Asia/Shanghai]	144308351	query_economic_indicator_data	"{""question"":""M1006337"",""observation"":""5""}"	420a55ecdf84d98baf254c8d34d369a0
2026-08-31T08:33:06.306+08:00[Asia/Shanghai]	143669196	search_economic_indicator	"{""question"":""伦敦现货黄金 美元每盎司 日度 收盘价""}"	3b9287e8c572c4a4242f3bf6fcee41b7
2026-08-31T08:32:56.380+08:00[Asia/Shanghai]	143848357	query_economic_indicator_data	"{""question"":""M0000271"",""beginDate"":""2026-08-21"",""endDate"":""2026-08-31""}"	8000e5d545c4b773f7d6321d50848085
2026-08-31T08:32:30.256+08:00[Asia/Shanghai]	144308351	search_economic_indicator	"{""question"":""中国 2026年8月 宏观经济 货币 利率 CPI PMI 相关指标""}"	5d1f3030ea322fbb71f3e5004ea8c56d
2026-08-31T08:32:26.274+08:00[Asia/Shanghai]	142906005	query_economic_indicator_data	"{""question"":""V5527472,Z4055984,J9995986,A6621554,P2438305,V0657451,B7256782,C7384824,V8535455,V8799371,F8803367,P9811844,P9640072,N1871753,D5759490,M0001459,M0073704"",""beginDate"":""2026-08-01"",""endDate"":""2026-08-31""}"	b36ca40116f666106a345b8c60b33c9a
2026-08-31T08:32:25.723+08:00[Asia/Shanghai]	143571747	query_economic_indicator_data	"{""question"":""G0000891"",""beginDate"":""2023-01-01"",""endDate"":""2026-08-29""}"	fc0bf4e064461f6f182af46d6b5a620a
2026-08-31T08:32:22.026+08:00[Asia/Shanghai]	141012138	query_economic_indicator_data	"{""question"":""铜价格最近一周走势"",""indicator_codes"":[""S0182161""],""start_date"":""2026-08-25"",""end_date"":""2026-08-31""}"	fd31991773a31d91de6c5b2ea4876cc6
2026-08-31T08:32:21.909+08:00[Asia/Shanghai]	142906005	query_economic_indicator_data	"{""question"":""L2509034,S5444097,S5475834,S5470029,S5123779,R0163379,W7349523"",""beginDate"":""2026-08-28"",""endDate"":""2026-08-31""}"	b34d1121013564367a236a1515e672f8
2026-08-31T08:32:20.929+08:00[Asia/Shanghai]	141012138	query_economic_indicator_data	"{""question"":""原油价格最近一周走势"",""indicator_codes"":[""M0000005""],""start_date"":""2026-08-25"",""end_date"":""2026-08-31""}"	33f3e34c3c5d9285f38844defb0fda38
2026-08-31T08:32:19.779+08:00[Asia/Shanghai]	141012138	query_economic_indicator_data	"{""question"":""黄金价格最近一周走势"",""indicator_codes"":[""S0031645""],""start_date"":""2026-08-25"",""end_date"":""2026-08-31""}"	1cf49c420d805bdd4e8fed876a15bebb
2026-08-31T08:32:18.671+08:00[Asia/Shanghai]	141012138	query_economic_indicator_data	"{""question"":""美元兑人民币汇率最近一周走势"",""indicator_codes"":[""G0002329""],""start_date"":""2026-08-25"",""end_date"":""2026-08-31""}"	05a9d334c0cfeff1c9b52a4b468a7ba9
2026-08-31T08:32:13.027+08:00[Asia/Shanghai]	143848357	query_economic_indicator_data	"{""question"":""S0147010"",""beginDate"":""2026-08-21"",""endDate"":""2026-08-31""}"	a646bd90063cb5a8b5ee54ffec0921be
2026-08-31T08:32:12.304+08:00[Asia/Shanghai]	142906005	query_economic_indicator_data	"{""question"":""S5470301,S5470318,S5470314,S5474446"",""beginDate"":""2026-08-29"",""endDate"":""2026-08-31""}"	c97c1e4da22c46a38afaf2ed3ecddc8c
2026-08-31T08:32:04.462+08:00[Asia/Shanghai]	141012138	query_economic_indicator_data	"{""query_text"":""铜价格"",""indicator_codes"":[""S0182161""],""start_date"":""2026-08-25"",""end_date"":""2026-08-31""}"	4170ed51266f1dbe4833e6f74c3bb090
2026-08-31T08:32:02.703+08:00[Asia/Shanghai]	143848357	query_economic_indicator_data	"{""question"":""S0031525"",""beginDate"":""2026-08-21"",""endDate"":""2026-08-31""}"	35f648d917b0d76440c2fc5bc57c33b2
2026-08-31T08:32:02.173+08:00[Asia/Shanghai]	141012138	query_economic_indicator_data	"{""query_text"":""黄金价格"",""indicator_codes"":[""S0031645""],""start_date"":""2026-08-25"",""end_date"":""2026-08-31""}"	ed0eec4c06a1f70a5dbc61681a8ea201
2026-08-31T08:32:01.601+08:00[Asia/Shanghai]	141012138	query_economic_indicator_data	"{""query_text"":""美元兑人民币汇率"",""indicator_codes"":[""G0002329""],""start_date"":""2026-08-25"",""end_date"":""2026-08-31""}"	a5113ad1fba1b77e7022ce3181524663
2026-08-31T08:31:59.548+08:00[Asia/Shanghai]	141012138	query_economic_indicator_data	"{""query_text"":""原油价格"",""indicator_codes"":[""M0000005""],""start_date"":""2026-08-25"",""end_date"":""2026-08-31""}"	322bc00f79c504828e6e4dd9df28ad63
2026-08-31T08:31:50.392+08:00[Asia/Shanghai]	143571747	search_economic_indicator	"{""question"":""美国10年期国债收益率 日度""}"	f8f645d1e9d8f5562bbcb40980c9841d
2026-08-31T08:31:43.204+08:00[Asia/Shanghai]	142906005	query_economic_indicator_data	"{""question"":""M0017126,M0017127,M0017128,M0017129,M0017131,M0017132,M0017134,M5766711,M0017135,M0017136,M0017137,M5207790"",""beginDate"":""2026-08-01"",""endDate"":""2026-08-31""}"	fe0542b386d689121015bbc66ba978ae
2026-08-31T08:31:43.030+08:00[Asia/Shanghai]	143894165	query_economic_indicator_data	"{""question"":""M1008671,M1008672,M1008674,M1008675,M1008676,M1008678,M1008680,M1008683,M1001657"",""beginDate"":""20260827"",""endDate"":""20260827""}"	7a54afc46341e63e4dbacf594b6e0b04
2026-08-31T08:31:40.036+08:00[Asia/Shanghai]	142906005	query_economic_indicator_data	"{""question"":""M5439524"",""beginDate"":""2026-07-01"",""endDate"":""2026-08-31""}"	622f6cad8460647f73b855c1226b6392
2026-08-31T08:31:32.852+08:00[Asia/Shanghai]	115451953	query_economic_indicator_data	"{""question"":""C6031238,K4420447,Q5557665,O3766896,O4586879,A7930060,P8251786,U1578734,J7254963,N1799778,T3386747,O3689336,P9556931,W9204970,N3725067,Y3660593,A9571819,Q1696640,O4413399,U2301470,C1941796,U9486837,K4339486,T2253867,Y4462310,A5365607,T9135492,H1637420,K7426991,J1541414,L9740095"",""beginDate"":""2025-07-24"",""endDate"":""2026-08-28""}"	d4b46d6d16bf18000f7ffbcd3d900c52
2026-08-31T08:31:28.758+08:00[Asia/Shanghai]	143894165	query_economic_indicator_data	"{""question"":""M1008671,M1008672"",""beginDate"":""20260827"",""endDate"":""20260827""}"	11ab2eb3918b277f8469bfc751157772
2026-08-31T08:31:24.012+08:00[Asia/Shanghai]	143488346	query_economic_indicator_data	"{""question"":""M0001227"",""observation"":""10""}"	127683009b999c6d814a0fd3be0101b1
2026-08-31T08:31:23.728+08:00[Asia/Shanghai]	143488346	query_economic_indicator_data	"{""question"":""M0017126"",""observation"":""10""}"	dc0eb244ab5a4dc88c6dbe14607f5a8d
2026-08-31T08:31:17.396+08:00[Asia/Shanghai]	144161103	query_economic_indicator_data	"{""question"":""X0679400"",""beginDate"":""2026-06-01"",""endDate"":""2026-08-30""}"	0a40b4d13cf32f2b4f120378eff1739c
2026-08-31T08:31:14.813+08:00[Asia/Shanghai]	115451953	query_economic_indicator_data	"{""question"":""M0062948"",""beginDate"":""2023-08-31"",""endDate"":""2026-08-31""}"	e9062052e7c3a55fd8097d0813264817
2026-08-31T08:31:12.052+08:00[Asia/Shanghai]	142906005	query_economic_indicator_data	"{""question"":""L2509034,S5444097,S5475834,S5470029,S5123779,R0163379,W7349523"",""beginDate"":""2026-08-28"",""endDate"":""2026-08-31""}"	39d88064397fa012684a9c2041269302
2026-08-31T08:31:09.675+08:00[Asia/Shanghai]	115451953	query_economic_indicator_data	"{""question"":""M0060433"",""beginDate"":""2023-08-31"",""endDate"":""2026-08-31""}"	028a90c908d5ef6581972c752686d4e2
2026-08-31T08:31:09.673+08:00[Asia/Shanghai]	143488346	query_economic_indicator_data	"{""question"":""指标代码M0010289最近10个观测值"",""observation"":""10""}"	47d5c484927a521fa140bb91481b8200
2026-08-31T08:31:08.379+08:00[Asia/Shanghai]	143941699	query_economic_indicator_data	"{""question"":""M0330172"",""beginDate"":""2024-01-01"",""endDate"":""2024-12-31""}"	9509f2264bbcd52e0ae70a7851681aed
2026-08-31T08:31:03.369+08:00[Asia/Shanghai]	115451953	query_economic_indicator_data	"{""question"":""G8324468"",""beginDate"":""2023-08-31"",""endDate"":""2026-08-31""}"	b9795389aa40e86f67bd4d6fb87c7dc0
2026-08-31T08:31:03.082+08:00[Asia/Shanghai]	144373419	query_economic_indicator_data	"{""question"":""提取指标M1001654,M0017138,M0017139,M1006337,M0000185的最新数据"",""observation"":""2""}"	f8d531f85d21a41b23093734b47c878b
2026-08-31T08:31:02.836+08:00[Asia/Shanghai]	143941699	query_economic_indicator_data	"{""question"":""M0330172"",""beginDate"":""2026-01-01"",""endDate"":""2026-12-31""}"	41610ec837601a9dd46dd9713bb545f5
2026-08-31T08:30:59.706+08:00[Asia/Shanghai]	143840971	query_economic_indicator_data	"{""beginDate"":""2026-08-27"",""endDate"":""2026-08-31"",""question"":""提取VIX恐慌指数（代码G0003892）近3个交易日数据""}"	86d910d75b46703f577cc8880f692fd0
2026-08-31T08:30:55.108+08:00[Asia/Shanghai]	115451953	query_economic_indicator_data	"{""question"":""M0075991"",""beginDate"":""2023-08-31"",""endDate"":""2026-08-31""}"	593d0b6f5db22a0739b72c9db22d8436
2026-08-31T08:30:50.340+08:00[Asia/Shanghai]	143488346	query_economic_indicator_data	"{""question"":""M0331299"",""observation"":""10""}"	0f8bdc705d63e71e1994a93e8d2c7df3
2026-08-31T08:30:42.808+08:00[Asia/Shanghai]	143840971	query_economic_indicator_data	"{""beginDate"":""2026-08-25"",""endDate"":""2026-08-31"",""question"":""提取以下EDB指标近期数据：美元兑日元汇率 M0000199，美国国债10年期收益率 G0000891，美国国债30年期收益率 G0000893，美元指数 M0000271，VIX恐慌指数 G0003892""}"	2edf2031eaf01f6ea22c351e329516fe
2026-08-31T08:30:42.030+08:00[Asia/Shanghai]	143488346	query_economic_indicator_data	"{""question"":""M0329545"",""observation"":""10""}"	68a077aa7aec69324e7db25b7a340dde
2026-08-31T08:30:40.106+08:00[Asia/Shanghai]	141012138	query_economic_indicator_data	"{""query_text"":""美元兑人民币汇率"",""indicator_codes"":[""G0002329""],""start_date"":""2026-08-25"",""end_date"":""2026-08-31""}"	6828bda0dcafbd22addf7c8cce1e40d6
2026-08-31T08:30:34.518+08:00[Asia/Shanghai]	137768516	query_economic_indicator_data	"{""question"":""M0061606,M0061610"",""beginDate"":""2026-08-28"",""endDate"":""2026-08-28""}"	03740810709d2e24ade6aa264ee5be0b
2026-08-31T08:30:32.592+08:00[Asia/Shanghai]	127794342	query_economic_indicator_data	"{""question"":""美国当周初次申请失业金人数"",""observation"":""12""}"	446254e1667cdd5c6e194d8e1cfd18a1
2026-08-31T08:30:27.761+08:00[Asia/Shanghai]	143571747	search_economic_indicator	"{""question"":""美国10年期国债收益率（日度）；美国财政部国债月度发行额，按4周、8周、13周、17周、26周、52周、2年、3年、5年、7年、10年、20年、30年期限""}"	b4856e5787e75078871f06427a25f2f8
2026-08-31T08:30:26.757+08:00[Asia/Shanghai]	127794342	query_economic_indicator_data	"{""question"":""中国PPI当月同比"",""observation"":""24""}"	7fd2063517e8462e9c442be94a59bc60
2026-08-31T08:30:23.071+08:00[Asia/Shanghai]	144298045	query_economic_indicator_data	"{""question"":""查找美国 EIA 天然气工作气库存 周度 最新 Bcf"",""observation"":10}"	ddfa21d915547e69fee5e89e19045fd3
2026-08-31T08:30:16.762+08:00[Asia/Shanghai]	143488346	query_economic_indicator_data	"{""question"":""S0107752"",""observation"":""10""}"	b5d24d68a3baf1f4cde0cf641bd8afb9
2026-08-31T08:30:14.354+08:00[Asia/Shanghai]	143941699	query_economic_indicator_data	"{""question"":""M0330172"",""beginDate"":""2017-01-01"",""endDate"":""2017-12-31""}"	2f6e2fab7ab13f4f2e3d419ba3d713cb
2026-08-31T08:30:13.936+08:00[Asia/Shanghai]	127794342	query_economic_indicator_data	"{""question"":""A股融资融券余额"",""observation"":""10""}"	a25a59a5afc2df5dfd27eeee507dc2b6
2026-08-31T08:30:07.631+08:00[Asia/Shanghai]	127794342	query_economic_indicator_data	"{""question"":""陆股通当日成交净额"",""beginDate"":""2026-08-01"",""endDate"":""2026-08-31""}"	e215e51d93389bfb05f2b68a816162d3
2026-08-31T08:30:05.493+08:00[Asia/Shanghai]	143941699	query_economic_indicator_data	"{""question"":""M0330172"",""beginDate"":""2015-01-01"",""endDate"":""2015-12-31""}"	db3b267c1c4482306053e0fdc98501c6
2026-08-31T08:30:01.158+08:00[Asia/Shanghai]	127794342	query_economic_indicator_data	"{""question"":""SHIBOR隔夜拆借利率"",""beginDate"":""2026-08-17"",""endDate"":""2026-08-31""}"	8cc46d569fb7a395ba699398815679fc
2026-08-31T08:29:59.090+08:00[Asia/Shanghai]	142906005	query_economic_indicator_data	"{""question"":""M0057874,M0057875,M0057876,M0057877,M0048260"",""beginDate"":""2026-08-01"",""endDate"":""2026-08-31""}"	00ff1cbe4dc45260fff79c97c790f8d6
2026-08-31T08:29:54.542+08:00[Asia/Shanghai]	127794342	query_economic_indicator_data	"{""question"":""美国国债收益率利差10年2年"",""beginDate"":""2026-08-17"",""endDate"":""2026-08-31""}"	7c24b76929720c0f1cfdd30b451a2600
2026-08-31T08:29:53.040+08:00[Asia/Shanghai]	127794342	query_economic_indicator_data	"{""question"":""中国国债收益率10年"",""beginDate"":""2026-08-17"",""endDate"":""2026-08-31""}"	305a66b5439a865704299d05b3a4544a
2026-08-31T08:29:48.186+08:00[Asia/Shanghai]	127794342	query_economic_indicator_data	"{""question"":""美国国债收益率10年"",""beginDate"":""2026-08-17"",""endDate"":""2026-08-31""}"	e1ec6bdc4860c1b383d5d5267b9d59c2
2026-08-31T08:29:41.889+08:00[Asia/Shanghai]	142906005	query_economic_indicator_data	"{""question"":""M5439524"",""beginDate"":""2026-07-01"",""endDate"":""2026-08-31""}"	9f11c7dc7a2d3abb40a68f8c9e21305f
2026-08-31T08:29:33.804+08:00[Asia/Shanghai]	144145140	query_economic_indicator_data	"{""question"":""中国:地方政府债券发行额:当月值"",""beginDate"":""20250831"",""endDate"":""20260831"",""targetFrequency"":""月""}"	16eb8738db3d83ae001a6083e1013f58
2026-08-31T08:29:20.489+08:00[Asia/Shanghai]	144145140	query_economic_indicator_data	"{""question"":""中国:票据利率:转贴(国股贴)半年国股"",""beginDate"":""20250831"",""endDate"":""20260831"",""targetFrequency"":""日""}"	2ae50ee37ddd30dd0c147342d3b86c5f
2026-08-31T08:29:18.845+08:00[Asia/Shanghai]	142906005	query_economic_indicator_data	"{""question"":""S5430674,S5428960,M0000185"",""beginDate"":""2026-08-29"",""endDate"":""2026-08-31""}"	43dabc9ca4fc417d7e2ad5a7fcfa513c
2026-08-31T08:28:51.747+08:00[Asia/Shanghai]	143941699	query_economic_indicator_data	"{""question"":""M0330172"",""beginDate"":""2025-01-01"",""endDate"":""2025-12-31""}"	e95de8d7d26961305de1520e8a40b2e2
2026-08-31T08:28:48.415+08:00[Asia/Shanghai]	143941699	query_economic_indicator_data	"{""question"":""M0330172"",""beginDate"":""2024-01-01"",""endDate"":""2024-12-31""}"	683123bc24f8f0e2707205b97dca9c47
2026-08-31T08:28:46.312+08:00[Asia/Shanghai]	144145140	query_economic_indicator_data	"{""question"":""M00100010100000"",""beginDate"":""20260616"",""endDate"":""20260831"",""targetFrequency"":""月""}"	12bd72b9232fb2033019f83273330a2c
2026-08-31T08:28:37.745+08:00[Asia/Shanghai]	143941699	query_economic_indicator_data	"{""question"":""M0330172"",""beginDate"":""2023-01-01"",""endDate"":""2023-12-31""}"	abda226e53fa70f2981c435c0fa5e455
2026-08-31T08:28:35.765+08:00[Asia/Shanghai]	144145140	query_economic_indicator_data	"{""question"":""M6191589"",""beginDate"":""20260516"",""endDate"":""20260831"",""targetFrequency"":""月""}"	647eb3333240dc428cb3126bea81587b
2026-08-31T08:28:29.471+08:00[Asia/Shanghai]	143941699	query_economic_indicator_data	"{""question"":""M0330172"",""beginDate"":""2022-01-01"",""endDate"":""2022-12-31""}"	e1da5913956334e6e7522f7f420af083
2026-08-31T08:28:24.390+08:00[Asia/Shanghai]	144145140	query_economic_indicator_data	"{""question"":""M00100026100000"",""beginDate"":""20260616"",""endDate"":""20260831"",""targetFrequency"":""月""}"	ad76964eb3385e7446ce401e7e452fc8
2026-08-31T08:28:23.673+08:00[Asia/Shanghai]	143941699	query_economic_indicator_data	"{""question"":""M0330172"",""beginDate"":""2021-01-01"",""endDate"":""2021-12-31""}"	c0815eb3dee264c9f61160f7ee641fa2
2026-08-31T08:28:20.850+08:00[Asia/Shanghai]	144145140	query_economic_indicator_data	"{""question"":""中国:社会融资规模增量:当月值"",""beginDate"":""20260616"",""endDate"":""20260831"",""targetFrequency"":""月""}"	5d54fea609bbfd9af6358db555e8600f
2026-08-31T08:28:19.841+08:00[Asia/Shanghai]	143941699	query_economic_indicator_data	"{""question"":""M0330172"",""beginDate"":""2020-01-01"",""endDate"":""2020-12-31""}"	90a2ca2a1de84c926df211d6390628d9
2026-08-31T08:28:14.384+08:00[Asia/Shanghai]	144145140	query_economic_indicator_data	"{""question"":""M00100035100000"",""beginDate"":""20260616"",""endDate"":""20260831"",""targetFrequency"":""月""}"	d972ace9394ba3fea29da0bdb3bb9798
2026-08-31T08:28:10.480+08:00[Asia/Shanghai]	143941699	query_economic_indicator_data	"{""question"":""M0330172"",""beginDate"":""2018-01-01"",""endDate"":""2018-12-31""}"	124ed6bb7d0b555de9367b1d3ecbaa4d
2026-08-31T08:28:08.511+08:00[Asia/Shanghai]	115424252	query_economic_indicator_data	"{""question"":""N4381117"",""beginDate"":""20260717"",""endDate"":""20260831""}"	c3aa75ee5ea78d77d5e3477df8d271ae
2026-08-31T08:28:05.473+08:00[Asia/Shanghai]	143868192	query_economic_indicator_data	"{""question"":""M0000005"",""beginDate"":""2026-01-05"",""endDate"":""2026-08-28""}"	9be11c0fe76a2a5ac3b21d6ff1bee59f
2026-08-31T08:27:57.907+08:00[Asia/Shanghai]	144145140	query_economic_indicator_data	"{""question"":""M00100008100000"",""beginDate"":""20260616"",""endDate"":""20260831"",""targetFrequency"":""月""}"	748a329974dae41c866fd2f4c0b4e0f2
2026-08-31T08:27:51.996+08:00[Asia/Shanghai]	143941699	query_economic_indicator_data	"{""question"":""M0330172"",""beginDate"":""2014-01-01"",""endDate"":""2014-12-31""}"	c781a0454b76c6ec052327e350362c64
2026-08-31T08:27:46.639+08:00[Asia/Shanghai]	143868192	query_economic_indicator_data	"{""question"":""M0000005"",""beginDate"":""2026-08-27"",""endDate"":""2026-08-28""}"	303c20c296893d8c6f02770e11000d2d
2026-08-31T08:27:43.687+08:00[Asia/Shanghai]	144145140	query_economic_indicator_data	"{""question"":""M00100003100000"",""beginDate"":""20260616"",""endDate"":""20260831"",""targetFrequency"":""月""}"	9917907bd53541f54cecebd83ea6aea8
2026-08-31T08:27:42.862+08:00[Asia/Shanghai]	143941699	query_economic_indicator_data	"{""question"":""M0330172"",""beginDate"":""2012-01-01"",""endDate"":""2012-12-31""}"	669a8f5bc7c476f5de079b4e12b2c4fc
2026-08-31T08:27:41.824+08:00[Asia/Shanghai]	112048050	search_economic_indicator	"{""question"":""股指期货基差""}"	b611a1f8c83d254746ec4e45d148fd16
2026-08-31T08:27:37.264+08:00[Asia/Shanghai]	144145140	query_economic_indicator_data	"{""question"":""M0017129"",""beginDate"":""20260616"",""endDate"":""20260831"",""targetFrequency"":""月""}"	9658eda36aea4cad436c35943f5953d2
2026-08-31T08:27:32.175+08:00[Asia/Shanghai]	115424252	query_economic_indicator_data	"{""question"":""G0000891"",""beginDate"":""20260717"",""endDate"":""20260831""}"	4e902a85618adb735621ac05809a9f79
2026-08-31T08:27:26.454+08:00[Asia/Shanghai]	144145140	query_economic_indicator_data	"{""question"":""M00100009100000"",""beginDate"":""20260616"",""endDate"":""20260831"",""targetFrequency"":""月""}"	288886c382b8dd1db9bb5606699d06b1
2026-08-31T08:27:15.850+08:00[Asia/Shanghai]	143935228	query_economic_indicator_data	"{""question"":""中国进口金额当月同比"",""beginDate"":""2026-06-01"",""endDate"":""2026-08-31""}"	f14aea8268b11185d7feab762d97b182
2026-08-31T08:27:13.652+08:00[Asia/Shanghai]	143935228	search_economic_indicator	"{""question"":""中国社会融资规模增量当月值""}"	9844ef6bf29c53476cdba7732271b06b
2026-08-31T08:27:11.390+08:00[Asia/Shanghai]	144145140	query_economic_indicator_data	"{""question"":""中国:M2:同比"",""beginDate"":""20260616"",""endDate"":""20260831"",""targetFrequency"":""月""}"	0309ee060a9b1e8e1cac7eef2117fcb6
2026-08-31T08:27:04.493+08:00[Asia/Shanghai]	143935228	query_economic_indicator_data	"{""question"":""中国出口金额当月同比"",""beginDate"":""2026-06-01"",""endDate"":""2026-08-31""}"	84a4c4ccaba58a629fce1c6835ff30f7
2026-08-31T08:27:03.808+08:00[Asia/Shanghai]	144145140	query_economic_indicator_data	"{""question"":""M00100025100000"",""beginDate"":""20260616"",""endDate"":""20260831"",""targetFrequency"":""月""}"	4a759bc8e681a180dbbc84b5fd4ff7c1
2026-08-31T08:27:01.954+08:00[Asia/Shanghai]	143935228	query_economic_indicator_data	"{""question"":""中国社会融资规模增量"",""beginDate"":""2026-06-01"",""endDate"":""2026-08-31""}"	985db38a8add27a377ecab9cac0f3f0c
2026-08-31T08:27:00.364+08:00[Asia/Shanghai]	112048050	search_economic_indicator	"{""question"":""中国股指期货基差 沪深300 上证50 中证500 中证1000 IF IH IC IM""}"	957094f153a15647e916bc6029ed3c4d
2026-08-31T08:26:56.804+08:00[Asia/Shanghai]	144145140	query_economic_indicator_data	"{""question"":""M00107540100000"",""beginDate"":""20260616"",""endDate"":""20260831"",""targetFrequency"":""月""}"	0d14e83c180e0da8891232e506a43d07
2026-08-31T08:26:40.095+08:00[Asia/Shanghai]	144145140	query_economic_indicator_data	"{""question"":""中国:规模以上工业增加值:当月同比"",""beginDate"":""20260616"",""endDate"":""20260831"",""targetFrequency"":""月""}"	bca667f52971b20cdc4db0f4d918039a
2026-08-31T08:26:31.556+08:00[Asia/Shanghai]	144145140	query_economic_indicator_data	"{""question"":""M00100004100000"",""beginDate"":""20260616"",""endDate"":""20260831"",""targetFrequency"":""月""}"	66b94d3fa2dd3583be1f094974d0a252
2026-08-31T08:26:25.903+08:00[Asia/Shanghai]	143941699	query_economic_indicator_data	"{""question"":""M0330172"",""beginDate"":""2012-01-05"",""endDate"":""2012-01-12""}"	74aea1f38baff74dd4b5b95e9dbbaf65
2026-08-31T08:26:20.906+08:00[Asia/Shanghai]	144145140	query_economic_indicator_data	"{""question"":""M00147703100000"",""beginDate"":""20260616"",""endDate"":""20260831"",""targetFrequency"":""月""}"	b3e7e75495be14c3982121e963002911
2026-08-31T08:26:17.437+08:00[Asia/Shanghai]	144145140	query_economic_indicator_data	"{""question"":""中国:GDP:不变价:当季同比"",""beginDate"":""20260322"",""endDate"":""20260831"",""targetFrequency"":""月""}"	6593d41f9e162eb184de5e758415f680
2026-08-31T08:26:11.738+08:00[Asia/Shanghai]	143941699	query_economic_indicator_data	"{""question"":""M0330172"",""beginDate"":""2014-01-05"",""endDate"":""2014-01-12""}"	a7d7c42a6fe9c96f09b885afe8a2cd38
2026-08-31T08:26:09.794+08:00[Asia/Shanghai]	144145140	query_economic_indicator_data	"{""question"":""Q00100000100000"",""beginDate"":""20260322"",""endDate"":""20260831"",""targetFrequency"":""月""}"	5e85d9df1819792ed547d7a12efb1807
2026-08-31T08:26:08.173+08:00[Asia/Shanghai]	143941699	query_economic_indicator_data	"{""question"":""M0330172"",""beginDate"":""2012-01-05"",""endDate"":""2012-01-12""}"	167740cc413f0de7428c3e981b09449d
2026-08-31T08:26:02.860+08:00[Asia/Shanghai]	144145140	query_economic_indicator_data	"{""question"":""M5405502"",""beginDate"":""20260616"",""endDate"":""20260831"",""targetFrequency"":""月""}"	4d24c0cc33209c432605a5233a15ae1e
2026-08-31T08:25:33.157+08:00[Asia/Shanghai]	144145140	query_economic_indicator_data	"{""question"":""M0000607"",""beginDate"":""20260616"",""endDate"":""20260831"",""targetFrequency"":""月""}"	e6c6333c9d9b3f6aac1af7cfff22c530
2026-08-31T08:25:28.669+08:00[Asia/Shanghai]	143941699	query_economic_indicator_data	"{""question"":""M0330172"",""beginDate"":""2010-01-05"",""endDate"":""2010-01-12""}"	8a58efab3eb479a8986a707b38feaba3
2026-08-31T08:25:27.304+08:00[Asia/Shanghai]	144145140	query_economic_indicator_data	"{""question"":""M0000271"",""beginDate"":""20260814"",""endDate"":""20260831"",""targetFrequency"":""日""}"	a6afbbbf9eb6b84a83fee5753df8a253
2026-08-31T08:25:20.990+08:00[Asia/Shanghai]	143941699	query_economic_indicator_data	"{""question"":""M0330172"",""beginDate"":""2008-01-05"",""endDate"":""2008-01-12""}"	0e565c9ed02f42f41d2dd7e6f2b7cf23
2026-08-31T08:24:49.518+08:00[Asia/Shanghai]	144145140	query_economic_indicator_data	"{""question"":""M00100002100000"",""beginDate"":""20260616"",""endDate"":""20260831"",""targetFrequency"":""月""}"	e2b6284a4f8ce934d0604bebf5a53d34
2026-08-31T08:24:41.774+08:00[Asia/Shanghai]	144145140	query_economic_indicator_data	"{""question"":""M0085932"",""beginDate"":""20260616"",""endDate"":""20260831"",""targetFrequency"":""月""}"	655593b257d15054c626d6f31ec2f1d3
2026-08-31T08:24:30.307+08:00[Asia/Shanghai]	143941699	query_economic_indicator_data	"{""question"":""M0330172"",""beginDate"":""2023-01-05"",""endDate"":""2023-01-12""}"	bb5178923111ba24cfc3d3c46029ce25
2026-08-31T08:24:12.986+08:00[Asia/Shanghai]	143941699	query_economic_indicator_data	"{""question"":""M0330172"",""beginDate"":""2020-01-05"",""endDate"":""2020-01-12""}"	e7df3de9fc0ce47d01817546c861266d
2026-08-31T08:24:06.617+08:00[Asia/Shanghai]	143941699	query_economic_indicator_data	"{""question"":""M0330172"",""beginDate"":""2015-01-05"",""endDate"":""2015-01-12""}"	6e74f8c69a1c1ca39c2aa6efec482cb8
2026-08-31T08:23:43.660+08:00[Asia/Shanghai]	143941699	query_economic_indicator_data	"{""question"":""M0330172"",""beginDate"":""2005-04-01"",""endDate"":""2005-05-10""}"	a5cf3396ee025bb94afae8ab83432142
2026-08-31T08:22:54.566+08:00[Asia/Shanghai]	143844661	query_economic_indicator_data	"{""question"":""M0067855"",""beginDate"":""2026-08-20"",""endDate"":""2026-08-29""}"	1fefae576a199bf6626a7327598d9c21
2026-08-31T08:22:48.235+08:00[Asia/Shanghai]	143844661	search_economic_indicator	"{""question"":""美元兑人民币即期汇率""}"	e2abb86f0ec6c1a881d31b072caa10e2
2026-08-31T08:22:23.682+08:00[Asia/Shanghai]	111493499	query_economic_indicator_data	"{""question"":""M0043821"",""beginDate"":""2025-01-01"",""endDate"":""2026-08-31""}"	52f9ca0594946996af8dd66efe27b8c2
2026-08-31T08:21:33.619+08:00[Asia/Shanghai]	111493499	query_economic_indicator_data	"{""question"":""M0010290,M0043821,M0096870"",""beginDate"":""2024-01-01"",""endDate"":""2026-08-31""}"	50c6007ed6c036ecc3163dd9756e156c
2026-08-31T08:21:26.043+08:00[Asia/Shanghai]	143941699	search_economic_indicator	"{""question"":""沪深300 市盈率 PE""}"	ce4f5cbf6b3d1942c1fac47e8a35e675
2026-08-31T08:21:22.954+08:00[Asia/Shanghai]	144000453	query_economic_indicator_data	"{""question"":""Shibor隔夜 Shibor 1周"",""beginDate"":""20260827"",""endDate"":""20260828""}"	03b36d4ce73d3c8b58e13a2a191e9f6c
2026-08-31T08:19:24.970+08:00[Asia/Shanghai]	115108898	search_economic_indicator	"{""question"":""伦敦金 现货黄金 价格""}"	6c0fed9ba8f64583d48ef8bcf17d708f
2026-08-31T08:18:54.189+08:00[Asia/Shanghai]	131662477	query_economic_indicator_data	"{""question"":""M0061608,M0061613,M0075992"",""beginDate"":""2026-08-17"",""endDate"":""2026-08-29""}"	90b7639041cddf16f552301ef9758388
2026-08-31T08:18:33.451+08:00[Asia/Shanghai]	144294154	query_economic_indicator_data	"{""question"":""S5111903,G1122647"",""beginDate"":""2025-01-01"",""endDate"":""2026-08-31""}"	337429e7b2cd5aeb6ffa39b5c4f908de
2026-08-31T08:18:11.984+08:00[Asia/Shanghai]	143062070	query_economic_indicator_data	"{""question"":""G0003892,G1122645,S5111903,M1001791,M0000271,S0069669"",""observation"":""5""}"	d9beaf273c0955ae6a716dc36b7a38ef
2026-08-31T08:17:57.121+08:00[Asia/Shanghai]	131662477	search_economic_indicator	"{""question"":""两市融资融券余额""}"	c3304fb989c450e36ecd6fead047d2cf
2026-08-31T08:17:55.476+08:00[Asia/Shanghai]	115108898	query_economic_indicator_data	"{""question"":""G0000887,G0000891,G0000893"",""beginDate"":""2026-08-24"",""endDate"":""2026-08-29""}"	fb077668fc95440145a6cfa08cf67767
2026-08-31T08:17:11.213+08:00[Asia/Shanghai]	143941699	query_economic_indicator_data	"{""question"":""SHIBOR 3M 利率"",""beginDate"":""2026-06-01"",""endDate"":""2026-06-06""}"	5b26b4c57669f5d4ed1978733016b856
2026-08-31T08:17:05.158+08:00[Asia/Shanghai]	143941699	query_economic_indicator_data	"{""question"":""M1001654"",""beginDate"":""2026-07-14"",""endDate"":""2026-07-20""}"	aedb6e0bcad9f7d0f7fb639a10f28330
2026-08-31T08:16:52.032+08:00[Asia/Shanghai]	143941699	query_economic_indicator_data	"{""question"":""SHIBOR 3个月"",""beginDate"":""2026-07-14"",""endDate"":""2026-07-20""}"	424402a3016283e21a89a6f98282cfc0
2026-08-31T08:16:40.533+08:00[Asia/Shanghai]	143857778	search_economic_indicator	"{""question"":""欧洲央行 总资产""}"	000f114523874c01cc5b1a134e31db87
2026-08-31T08:16:18.464+08:00[Asia/Shanghai]	143857778	search_economic_indicator	"{""question"":""欧洲央行 资产 周""}"	600c35ab500d7e522c28495f753dea5b
2026-08-31T08:15:56.158+08:00[Asia/Shanghai]	143857778	search_economic_indicator	"{""question"":""欧元区 M2""}"	af8ed7529ea0d33a1366a46fe6dbccc4
2026-08-31T08:15:50.446+08:00[Asia/Shanghai]	144262349	query_economic_indicator_data	"{""question"":""万得管理期货私募指数 885309.WI 日收盘"",""beginDate"":""2026-01-01"",""endDate"":""20260831""}"	8cbcbbc9a811b17638e919781c73f610
2026-08-31T08:15:49.810+08:00[Asia/Shanghai]	143864303	search_economic_indicator	"{""question"":""WTI原油期货连续合约、布伦特原油期货连续合约、伦敦现货黄金价格""}"	a668c98d30104fa6146dcba3b3f4a020
2026-08-31T08:15:48.285+08:00[Asia/Shanghai]	144262349	query_economic_indicator_data	"{""question"":""NYMEX天然气期货价格"",""beginDate"":""2010-01-01"",""endDate"":""20260831""}"	c435baf5db5c380535aad5934688274f
2026-08-31T08:15:39.853+08:00[Asia/Shanghai]	143857778	search_economic_indicator	"{""question"":""ECB 总资产""}"	cda588336fae1c70baf946033f75cfd9
2026-08-31T08:15:37.780+08:00[Asia/Shanghai]	115082303	query_economic_indicator_data	"{""question"":""美国10年期国债收益率最新值"",""observation"":1}"	25c29a2bbf084724eaad94cc2cf753fe
2026-08-31T08:15:32.856+08:00[Asia/Shanghai]	115082303	query_economic_indicator_data	"{""question"":""美元兑人民币即期汇率最新值"",""observation"":1}"	cb49ddbf71d132ca530233d8cddfa104
2026-08-31T08:15:32.752+08:00[Asia/Shanghai]	144262349	query_economic_indicator_data	"{""question"":""纽约原糖期货价格"",""beginDate"":""2010-01-01"",""endDate"":""20260831""}"	742da4e9adf08a256056a23c6a29ed22
2026-08-31T08:15:24.999+08:00[Asia/Shanghai]	143857778	search_economic_indicator	"{""question"":""欧洲央行资产负债表""}"	58b7d5b9aa80e23f4e2fd1c34af37507
2026-08-31T08:15:18.979+08:00[Asia/Shanghai]	144262349	query_economic_indicator_data	"{""question"":""生猪期货价格"",""beginDate"":""2021-01-01"",""endDate"":""2026-08-31""}"	e916f0fdd477a9d18250617f3d0edf68
2026-08-31T08:15:09.158+08:00[Asia/Shanghai]	144262349	query_economic_indicator_data	"{""question"":""纯碱期货价格"",""beginDate"":""2010-01-01"",""endDate"":""2026-08-31""}"	4461cff5135eedebe380f7ce6c18c87c
2026-08-31T08:15:04.866+08:00[Asia/Shanghai]	144262349	query_economic_indicator_data	"{""question"":""甲醇期货价格"",""beginDate"":""2010-01-01"",""endDate"":""2026-08-31""}"	0cf7077d5319d9ed20004fe545821b73
2026-08-31T08:14:41.260+08:00[Asia/Shanghai]	144262349	query_economic_indicator_data	"{""question"":""多晶硅价格"",""beginDate"":""2022-01-01"",""endDate"":""2026-08-31""}"	c3939045e813c4ae6555621e3b5ff762
2026-08-31T08:14:15.927+08:00[Asia/Shanghai]	144262349	query_economic_indicator_data	"{""question"":""水泥价格指数"",""beginDate"":""2010-01-01"",""endDate"":""2026-08-31""}"	eb73bfc8260db0a76daf95683b921ca5
2026-08-31T08:14:14.854+08:00[Asia/Shanghai]	144262349	query_economic_indicator_data	"{""question"":""玻璃期货价格"",""beginDate"":""2010-01-01"",""endDate"":""2026-08-31""}"	3bd58fea9352afcbffc946cedaf349f3
2026-08-31T08:14:14.469+08:00[Asia/Shanghai]	143857778	search_economic_indicator	"{""question"":""欧洲央行 资产负债表 总资产""}"	90eeb686555018c3570e49aa42e1ab3d
2026-08-31T08:14:01.475+08:00[Asia/Shanghai]	144262349	query_economic_indicator_data	"{""question"":""Henry Hub天然气期货价格"",""beginDate"":""2010-01-01"",""endDate"":""2026-08-31""}"	fcb807835d890da31f90435b01946afe
2026-08-31T08:13:58.952+08:00[Asia/Shanghai]	144262349	query_economic_indicator_data	"{""question"":""WTI原油期货价格"",""beginDate"":""2010-01-01"",""endDate"":""2026-08-31""}"	cad3c144b550a7c111e58313ba33e815
2026-08-31T08:13:57.365+08:00[Asia/Shanghai]	144262349	query_economic_indicator_data	"{""question"":""布伦特原油期货价格"",""beginDate"":""2010-01-01"",""endDate"":""2026-08-31""}"	c3b7949a8edfb96e964b48b81d205f44
2026-08-31T08:13:43.710+08:00[Asia/Shanghai]	144262349	query_economic_indicator_data	"{""question"":""LME铝期货价格"",""beginDate"":""2010-01-01"",""endDate"":""2026-08-31""}"	a6af7a114c56284143633989d83e94b8
2026-08-31T08:13:30.094+08:00[Asia/Shanghai]	144262349	query_economic_indicator_data	"{""question"":""ICE咖啡期货价格"",""beginDate"":""2010-01-01"",""endDate"":""2026-08-31""}"	e66f60f059c35bfb920e0faa4a842fd7
2026-08-31T08:13:22.951+08:00[Asia/Shanghai]	111493499	query_economic_indicator_data	"{""question"":""S0164318,S0163601,S0182029,S0252534,S0182034,S0266297"",""beginDate"":""2026-08-17"",""endDate"":""2026-08-31""}"	8301f6cc2a94fa6b10f6f10f4868664b
2026-08-31T08:13:07.215+08:00[Asia/Shanghai]	144262349	query_economic_indicator_data	"{""question"":""ICE可可期货价格"",""beginDate"":""2010-01-01"",""endDate"":""2026-08-31""}"	4d0fa16f9853af4330161c869dba0614
2026-08-31T08:13:05.322+08:00[Asia/Shanghai]	144262349	query_economic_indicator_data	"{""question"":""LME铜期货价格"",""beginDate"":""2010-01-01"",""endDate"":""2026-08-31""}"	73d7580d4f91bac9165f3f58862943b7
2026-08-31T08:13:03.912+08:00[Asia/Shanghai]	144262349	query_economic_indicator_data	"{""question"":""COMEX白银期货价格"",""beginDate"":""2010-01-01"",""endDate"":""2026-08-31""}"	f078c6872918c3278ae431b2f6d623fd
2026-08-31T08:12:58.026+08:00[Asia/Shanghai]	144262349	query_economic_indicator_data	"{""question"":""中债城投债到期收益率(AA) 3年"",""beginDate"":""2015-01-01"",""endDate"":""20260831""}"	49be15465b09b574d5287986ee811ec2
2026-08-31T08:12:56.371+08:00[Asia/Shanghai]	144262349	query_economic_indicator_data	"{""question"":""中债城投债到期收益率(AAA) 3年"",""beginDate"":""2015-01-01"",""endDate"":""20260831""}"	ce9bdd25ac14628ff5f91e992b76a30f
2026-08-31T08:12:56.320+08:00[Asia/Shanghai]	116283006	search_economic_indicator	"{""question"":""美国10年期国债收益率""}"	bbe32dd50d2473e36a5515d9b8936094
2026-08-31T08:12:54.017+08:00[Asia/Shanghai]	144262349	query_economic_indicator_data	"{""question"":""中债产业债到期收益率(AA) 3年"",""beginDate"":""2015-01-01"",""endDate"":""20260831""}"	d09d9421cbe7a46bde8a601e4d481cd8
2026-08-31T08:12:45.473+08:00[Asia/Shanghai]	144262349	query_economic_indicator_data	"{""question"":""中国3年期国债收益率"",""beginDate"":""2015-01-01"",""endDate"":""20260831""}"	c014d8eb9cba09d77a87e2ca46b54d26
2026-08-31T08:12:42.694+08:00[Asia/Shanghai]	144262349	query_economic_indicator_data	"{""question"":""中债中短期票据到期收益率(AAA) 3年"",""beginDate"":""2015-01-01"",""endDate"":""20260831""}"	dfe33f8ef1bb9210802668c8f6c7b961
2026-08-31T08:12:35.151+08:00[Asia/Shanghai]	144262349	query_economic_indicator_data	"{""question"":""房屋竣工面积累计同比"",""beginDate"":""2025-01-01"",""endDate"":""20260831""}"	f9ec8d793d21cda1d29dc7c802128d84
2026-08-31T08:12:31.315+08:00[Asia/Shanghai]	144262349	query_economic_indicator_data	"{""question"":""房屋施工面积累计同比"",""beginDate"":""2025-01-01"",""endDate"":""20260831""}"	2c20d029e198122144037cb743f38606
2026-08-31T08:12:29.782+08:00[Asia/Shanghai]	115108898	query_economic_indicator_data	"{""question"":""G1166812,G1166811,G1166810"",""observation"":""1""}"	f297d02b57901ce175386b5c6cb34229
2026-08-31T08:12:27.708+08:00[Asia/Shanghai]	116283006	search_economic_indicator	"{""question"":""LME铜""}"	cff55fd8c3256023d874cc15d1435b9e
2026-08-31T08:12:24.327+08:00[Asia/Shanghai]	144262349	query_economic_indicator_data	"{""question"":""房屋新开工面积累计同比"",""beginDate"":""2025-01-01"",""endDate"":""20260831""}"	bc2ae96821e148955fae1dc1cc34976e
2026-08-31T08:12:23.357+08:00[Asia/Shanghai]	116283006	search_economic_indicator	"{""question"":""美元指数""}"	0fabf159b46a80a8faad57ecf9fba8de
2026-08-31T08:12:22.724+08:00[Asia/Shanghai]	143864303	query_economic_indicator_data	"{""question"":""G0005428"",""beginDate"":""2026-06-01"",""endDate"":""2026-08-31""}"	e777127a05ed4d22767baf3e59600b84
2026-08-31T08:12:20.721+08:00[Asia/Shanghai]	116283006	search_economic_indicator	"{""question"":""美元兑离岸人民币""}"	4b662555e1386368cdc7ce4238b5ba77
2026-08-31T08:12:20.003+08:00[Asia/Shanghai]	144262349	query_economic_indicator_data	"{""question"":""中国1年期国债收益率"",""beginDate"":""2010-01-01"",""endDate"":""20260831""}"	af230f10f022fd0915b47df5e5d2bd5c
2026-08-31T08:12:18.732+08:00[Asia/Shanghai]	144262349	query_economic_indicator_data	"{""question"":""中国30年期国债收益率"",""beginDate"":""2010-01-01"",""endDate"":""20260831""}"	552a6652881cdf5fca4f4b61530518cb
2026-08-31T08:12:12.959+08:00[Asia/Shanghai]	143864303	query_economic_indicator_data	"{""question"":""S0031645,S0069669,M0000271,G0000887,G0000891,G0005428,U0929600"",""beginDate"":""2026-06-01"",""endDate"":""2026-08-31""}"	1dc3ff1259f3703c8b378b75e3923fb1
2026-08-31T08:12:07.412+08:00[Asia/Shanghai]	143864303	search_economic_indicator	"{""question"":""美国10年期实际国债收益率每日数据和10年期盈亏平衡通胀率""}"	1ed771f5ad1f12866bb25333dd8c864b
2026-08-31T08:12:04.309+08:00[Asia/Shanghai]	144262349	query_economic_indicator_data	"{""question"":""央行公开市场逆回购操作金额"",""beginDate"":""20260101"",""endDate"":""20260831""}"	041a67c1d64e8eea738049be7234e017
2026-08-31T08:12:02.096+08:00[Asia/Shanghai]	144262349	query_economic_indicator_data	"{""question"":""美国2年期国债收益率"",""beginDate"":""20260101"",""endDate"":""20260831""}"	105b08372e177e0454f4cd9d4b571cd1
2026-08-31T08:12:00.849+08:00[Asia/Shanghai]	144262349	query_economic_indicator_data	"{""question"":""美国30年期国债收益率"",""beginDate"":""20260101"",""endDate"":""20260831""}"	d43d6653d39c2e2db8284e3036c9c97e
2026-08-31T08:12:00.811+08:00[Asia/Shanghai]	144262349	query_economic_indicator_data	"{""question"":""中国1年期国债收益率"",""beginDate"":""20260101"",""endDate"":""20260831""}"	4f33f77d1a3c01c04307a94e6a363780
2026-08-31T08:11:50.280+08:00[Asia/Shanghai]	143864303	search_economic_indicator	"{""question"":""伦敦现货黄金美元每盎司、COMEX黄金期货、美元指数DXY、美国10年期实际国债收益率、美国2年期和10年期名义国债收益率""}"	c0254bbf6194507cd5d868b4f51edf01
2026-08-31T08:10:48.793+08:00[Asia/Shanghai]	143908572	query_economic_indicator_data	"{""question"":""现货结算价LME铜"",""observation"":""200""}"	531321e760616637777be74945bd4b99
2026-08-31T08:10:34.757+08:00[Asia/Shanghai]	116648024	query_economic_indicator_data	"{""question"":""M1001654"",""beginDate"":""2026-08-27"",""endDate"":""2026-08-28""}"	933aec14cc19320b5b4a5fd899ae1ce7
2026-08-31T08:10:10.111+08:00[Asia/Shanghai]	116648024	query_economic_indicator_data	"{""question"":""G0000887,G0000891,G0000893,M0000271,M0000005,S0035819"",""beginDate"":""2026-08-27"",""endDate"":""2026-08-28""}"	0806ec99de75de6338ce707dd77a1dac
2026-08-31T08:10:07.209+08:00[Asia/Shanghai]	115515172	query_economic_indicator_data	"{""question"":""中国 最新一期 CPI PPI PMI LPR 1年期 LPR 5年期 社会融资规模 新增人民币贷款 M2同比"",""observation"":""3""}"	061223d5f456dbed66898b827d8a1a11
2026-08-31T08:09:45.108+08:00[Asia/Shanghai]	116648024	search_economic_indicator	"{""question"":""伦敦现货黄金美元价格日度指标""}"	105818072585f8e5e2f6c018790b10cf
2026-08-31T08:09:42.841+08:00[Asia/Shanghai]	144262349	query_economic_indicator_data	"{""question"":""沪股通:当日资金净流入(人民币)"",""beginDate"":""2024-07-01"",""endDate"":""2026-08-31""}"	77024fd5e7b428ba086f64e6860ba461
2026-08-31T08:09:37.580+08:00[Asia/Shanghai]	116648024	search_economic_indicator	"{""question"":""美元指数DXY日度收盘价""}"	74b9a85505095574e5ad401148f9e77d
2026-08-31T08:09:33.933+08:00[Asia/Shanghai]	144262349	query_economic_indicator_data	"{""question"":""A股两融余额"",""beginDate"":""2024-01-01"",""endDate"":""2026-08-31""}"	030237747df4f003895789cd54226ded
2026-08-31T08:09:29.492+08:00[Asia/Shanghai]	144262349	query_economic_indicator_data	"{""question"":""工业硅价格"",""beginDate"":""2020-01-01"",""endDate"":""2026-08-31""}"	1c2db9afcc65d79d0454600fdae3a2dd
2026-08-31T08:09:15.544+08:00[Asia/Shanghai]	144262349	query_economic_indicator_data	"{""question"":""LME铜期货价格"",""beginDate"":""2010-01-01"",""endDate"":""2026-08-31""}"	6470cfe64bb3ebedbd96f7b32bd311e3
2026-08-31T08:08:57.400+08:00[Asia/Shanghai]	144262349	query_economic_indicator_data	"{""question"":""ICE可可期货价格"",""beginDate"":""2010-01-01"",""endDate"":""2026-08-31""}"	74a8a397aaab33944dab4a9e312e3873
2026-08-31T08:08:53.423+08:00[Asia/Shanghai]	144262349	query_economic_indicator_data	"{""question"":""COMEX白银期货价格"",""beginDate"":""2010-01-01"",""endDate"":""2026-08-31""}"	22859a627bdadad980790a8fbff0c990
2026-08-31T08:08:51.609+08:00[Asia/Shanghai]	144262349	query_economic_indicator_data	"{""question"":""COMEX黄金期货价格"",""beginDate"":""2010-01-01"",""endDate"":""2026-08-31""}"	45836e8f7323be32bec6fb66b5742234
2026-08-31T08:08:50.516+08:00[Asia/Shanghai]	144262349	query_economic_indicator_data	"{""question"":""澳大利亚10年期国债收益率"",""beginDate"":""2010-01-01"",""endDate"":""2026-08-31""}"	b4a5544e99d7964019100a3a74be3593
2026-08-31T08:08:47.340+08:00[Asia/Shanghai]	144262349	query_economic_indicator_data	"{""question"":""德国10年期国债收益率"",""beginDate"":""2010-01-01"",""endDate"":""2026-08-31""}"	07ba0608bf9734babb40ba5fed6eb347
2026-08-31T08:08:31.724+08:00[Asia/Shanghai]	144262349	query_economic_indicator_data	"{""question"":""欧元区存款机制利率"",""beginDate"":""2010-01-01"",""endDate"":""2026-08-31""}"	c8fe4b10ac1c4972119172341fb098e7
2026-08-31T08:08:30.416+08:00[Asia/Shanghai]	144262349	query_economic_indicator_data	"{""question"":""日本10年期国债收益率"",""beginDate"":""2010-01-01"",""endDate"":""2026-08-31""}"	270ec069f498189d062205cb4186b4ea
2026-08-31T08:08:29.219+08:00[Asia/Shanghai]	144262349	query_economic_indicator_data	"{""question"":""日本央行政策利率"",""beginDate"":""2010-01-01"",""endDate"":""2026-08-31""}"	26a0634571360b72a2941cece8b60053
2026-08-31T08:08:27.258+08:00[Asia/Shanghai]	143584730	query_economic_indicator_data	"{""question"":""M0071605"",""observation"":""5""}"	077566ea835d8cfea156aeae60f740ad
2026-08-31T08:08:24.287+08:00[Asia/Shanghai]	144262349	query_economic_indicator_data	"{""question"":""中国7天逆回购利率"",""beginDate"":""2010-01-01"",""endDate"":""2026-08-31""}"	636bebbd85f90c90c454a4458cf3ad7d
2026-08-31T08:08:23.261+08:00[Asia/Shanghai]	144262349	query_economic_indicator_data	"{""question"":""中国1年期LPR"",""beginDate"":""2010-01-01"",""endDate"":""2026-08-31""}"	c7f316a0f445c26debebaa8e2c390a94
2026-08-31T08:08:22.138+08:00[Asia/Shanghai]	144262349	query_economic_indicator_data	"{""question"":""中国10年期国债收益率"",""beginDate"":""2010-01-01"",""endDate"":""2026-08-31""}"	2cf7eeb854f0a873d2202ba7d3825572
2026-08-31T08:08:20.491+08:00[Asia/Shanghai]	144262349	query_economic_indicator_data	"{""question"":""美国2年期国债收益率"",""beginDate"":""2010-01-01"",""endDate"":""2026-08-31""}"	9dfb4c8b283c357247ee23535e628f3b
2026-08-31T08:07:03.332+08:00[Asia/Shanghai]	143584730	query_economic_indicator_data	"{""question"":""M0329545"",""beginDate"":""2026-01-01"",""endDate"":""2026-08-31""}"	289a9a49fac7c2435e98026402e79d93
2026-08-31T08:06:47.681+08:00[Asia/Shanghai]	143648476	query_economic_indicator_data	"{""question"":""LME铜3个月期货收盘价 指标ID S0147010 和 LME铝3个月期货收盘价 指标ID S0147007"",""beginDate"":""2026-08-21"",""endDate"":""2026-08-31""}"	416b8c538b0c32e812ebd84c787f7b77
2026-08-31T08:06:33.830+08:00[Asia/Shanghai]	143584730	query_economic_indicator_data	"{""question"":""M1004899"",""beginDate"":""2026-08-24"",""endDate"":""2026-08-30""}"	f37ce4b9fbe3b5d98a44ef91eae46395
2026-08-31T08:06:07.802+08:00[Asia/Shanghai]	143584730	search_economic_indicator	"{""question"":""同业存单存量余额""}"	18c49801ec282aa220264d978ea6eb59
2026-08-31T08:06:00.411+08:00[Asia/Shanghai]	143584730	search_economic_indicator	"{""question"":""同业存单发行规模月度""}"	a9dcf277f0443b2cc3535a263b756371
2026-08-31T08:05:40.513+08:00[Asia/Shanghai]	143584730	query_economic_indicator_data	"{""question"":""M1010882"",""beginDate"":""2026-08-17"",""endDate"":""2026-08-23""}"	88530cb832714c5eda1767be7e193fa5
2026-08-31T08:05:36.049+08:00[Asia/Shanghai]	143584730	query_economic_indicator_data	"{""question"":""M1010882"",""beginDate"":""2026-08-24"",""endDate"":""2026-08-30""}"	aae88d2ce64360958e629eeab1913d83
2026-08-31T08:05:33.582+08:00[Asia/Shanghai]	143907768	query_economic_indicator_data	"{""question"":""M0041652"",""observation"":""5""}"	aa25bcbea823b27bc11e4698148586de
2026-08-31T08:05:30.965+08:00[Asia/Shanghai]	143584730	query_economic_indicator_data	"{""question"":""M1004898"",""beginDate"":""2026-08-17"",""endDate"":""2026-08-23""}"	5d77ea816fbe31e1662e33c3fb9d7d95
2026-08-31T08:05:06.928+08:00[Asia/Shanghai]	143584730	query_economic_indicator_data	"{""question"":""M1004898,M1010882,M1004902"",""beginDate"":""2026-08-24"",""endDate"":""2026-08-30""}"	9b1592d9911fd566fb2d5a78ff3b3d77
2026-08-31T08:05:05.432+08:00[Asia/Shanghai]	143907768	query_economic_indicator_data	"{""question"":""M1016205 M1016208 利率互换即期"",""observation"":""5""}"	5e6276c6756bf374d24e3f8a50ff77a6
2026-08-31T08:05:00.592+08:00[Asia/Shanghai]	116648024	search_economic_indicator	"{""question"":""中国人民银行7天期逆回购操作利率""}"	827130e4079a45bb4ab2fd87f943b296
2026-08-31T08:04:49.502+08:00[Asia/Shanghai]	143907768	query_economic_indicator_data	"{""question"":""成交量:R001"",""observation"":""5""}"	95ae3d015c38175767ff11982d791650
2026-08-31T08:04:28.756+08:00[Asia/Shanghai]	143584730	search_economic_indicator	"{""question"":""同业存单到期收益率AAA 3个月""}"	31c805ed199e0747c2ce941ef08d7a45
2026-08-31T08:04:14.091+08:00[Asia/Shanghai]	115082303	query_economic_indicator_data	"{""question"":""上海期货交易所阴极铜活跃合约结算价 2026年2月至8月的每日数据"",""beginDate"":""2026-02-15"",""endDate"":""2026-08-28""}"	275ba11c571270311d3e3175c93bd95e
2026-08-31T08:04:07.808+08:00[Asia/Shanghai]	143584730	search_economic_indicator	"{""question"":""同业存单到期收益率AAA 1个月 3个月""}"	9fe3da226e00c56426ac06a6fefe3c89
2026-08-31T08:04:07.308+08:00[Asia/Shanghai]	143952897	query_economic_indicator_data	"{""question"":""中国10年期国债收益率"",""beginDate"":""2026-08-24"",""endDate"":""2026-08-28""}"	7507c9cebd4cc3bb991b5a952fff59de
2026-08-31T08:03:57.590+08:00[Asia/Shanghai]	111377886	query_economic_indicator_data	"{""question"":""Wind EDB 指标 K7946808 波动率:1000指数期权 在 2026-08-14 至 2026-08-28 的日频数据"",""beginDate"":""2026-08-14"",""endDate"":""2026-08-28""}"	d4534ae95fa0b7747452182ed8cceb2b
2026-08-31T08:03:46.320+08:00[Asia/Shanghai]	143907768	query_economic_indicator_data	"{""question"":""隔夜逆回购数量"",""observation"":""8""}"	2b8ea0b81410454526ace247830ffbd6
2026-08-31T08:03:37.789+08:00[Asia/Shanghai]	143907768	query_economic_indicator_data	"{""question"":""回购定盘利率1天 FR001 回购定盘利率14天 FR014"",""observation"":""5""}"	2f0078406ddf8cccdafbee10e3ba3ae7
2026-08-31T08:03:31.446+08:00[Asia/Shanghai]	143584730	query_economic_indicator_data	"{""question"":""M5528818,M5596597"",""beginDate"":""2026-06-01"",""endDate"":""2026-08-31""}"	c51ad46ba1a7d5650ed2a4d99a543558
2026-08-31T08:03:26.076+08:00[Asia/Shanghai]	115082303	query_economic_indicator_data	"{""question"":""中国国债到期收益率10年2026年2月至8月的每日数据"",""beginDate"":""2026-02-15"",""endDate"":""2026-08-28""}"	168d8225adaad41195316e09afd940a4
2026-08-31T08:03:16.551+08:00[Asia/Shanghai]	133258158	query_economic_indicator_data	"{""question"":""M0067855,M0000271,M0000005,S0031525,S0180945,F6792781"",""observation"":""3""}"	58c87a8571be10bc0f47da4e65af2ef0
2026-08-31T08:03:15.331+08:00[Asia/Shanghai]	143584730	query_economic_indicator_data	"{""question"":""M0041372,M0041371,M0062600"",""beginDate"":""2026-08-24"",""endDate"":""2026-08-30""}"	6104c000ef1727d973158f825bac35f8
2026-08-31T08:03:04.196+08:00[Asia/Shanghai]	143907768	query_economic_indicator_data	"{""question"":""回购定盘利率FR014"",""observation"":""5""}"	acc279b2abba254dcc672fde4b61a74e
2026-08-31T08:03:02.882+08:00[Asia/Shanghai]	133258158	search_economic_indicator	"{""question"":""美元兑人民币即期汇率、美元指数、WTI原油、布伦特原油、黄金、铜最新行情指标及代码""}"	e2dafefdb18cef76262e874accf3497e
2026-08-31T08:02:55.045+08:00[Asia/Shanghai]	143907768	query_economic_indicator_data	"{""question"":""回购定盘利率FR001"",""observation"":""5""}"	37909d4827b50d25ba88c7efeebc291f
2026-08-31T08:02:41.252+08:00[Asia/Shanghai]	143584730	search_economic_indicator	"{""question"":""同业存单净融资额""}"	dbaaac71d0b299018c5ab8ca919e002a
2026-08-31T08:02:40.403+08:00[Asia/Shanghai]	115082303	query_economic_indicator_data	"{""question"":""美元兑离岸人民币(CNH)汇率最近一个月的每日数据"",""observation"":25}"	4ec4f251c0fc275a8b14710cc9393645
2026-08-31T08:02:38.814+08:00[Asia/Shanghai]	143907768	query_economic_indicator_data	"{""question"":""USDCNY即期汇率"",""observation"":""5""}"	86a4e437710b0a8ef88f1e093f871d4f
2026-08-31T08:02:28.991+08:00[Asia/Shanghai]	143584730	search_economic_indicator	"{""question"":""7天逆回购操作利率""}"	9772bc2bf42d83af4a97c62c65dacdb5
2026-08-31T08:02:19.471+08:00[Asia/Shanghai]	143907768	query_economic_indicator_data	"{""question"":""利率互换即期3个月 利率互换即期1年"",""observation"":""5""}"	9c7d094e677fa73980c1d03b1ae85e0b
2026-08-31T08:02:10.082+08:00[Asia/Shanghai]	143907768	query_economic_indicator_data	"{""question"":""银行间质押式回购成交量"",""observation"":""5""}"	8f297377927c4de2fb467df7bd9f1a2f
2026-08-31T08:02:02.894+08:00[Asia/Shanghai]	143907768	query_economic_indicator_data	"{""question"":""R001成交量"",""observation"":""5""}"	7c2663eb4005d5f93ccf74e1b41cb3aa
2026-08-31T08:01:52.350+08:00[Asia/Shanghai]	115082303	query_economic_indicator_data	"{""question"":""查询伦敦现货黄金价格最近一周的日度数据"",""observation"":7}"	3399bb94791befa01ea673a2b9dda888
2026-08-31T08:01:32.703+08:00[Asia/Shanghai]	143907768	query_economic_indicator_data	"{""question"":""质押式回购成交量 R001成交量 全市场成交量"",""observation"":""5""}"	182534a5eb8d1963b94cf79cc2a38192
2026-08-31T08:01:18.802+08:00[Asia/Shanghai]	115082303	query_economic_indicator_data	"{""question"":""中国10年期国债收益率最新值"",""observation"":5}"	5ebdf60c99d656d4db8cd5991f1c31c1
2026-08-31T08:01:18.486+08:00[Asia/Shanghai]	143907768	query_economic_indicator_data	"{""question"":""R001 R007 R014 银行间质押式回购加权利率"",""observation"":""5""}"	c4e4299a9c1b726331cde105a9906b61
2026-08-31T08:01:14.998+08:00[Asia/Shanghai]	115082303	query_economic_indicator_data	"{""question"":""美国10年期国债收益率最新值"",""observation"":5}"	1d9a82add3bf7f3e2523b7986eff685f
2026-08-31T08:01:12.817+08:00[Asia/Shanghai]	143584730	search_economic_indicator	"{""question"":""SHIBOR隔夜利率""}"	31b05958fcd0d1cb52331c898621b3b6
2026-08-31T08:01:12.393+08:00[Asia/Shanghai]	144283069	query_economic_indicator_data	"{""question"":""M0010048,S0183908"",""observation"":""6""}"	278dee4b476995a78bcb7b70b09ebaf9
2026-08-31T08:01:03.382+08:00[Asia/Shanghai]	144245688	query_economic_indicator_data	"{""beginDate"":""2026-08-28"",""endDate"":""2026-08-31"",""question"":""仅提数 M0000187""}"	5d68d8c13a7406c8dad74963cd014bf7
2026-08-31T08:01:00.977+08:00[Asia/Shanghai]	143584730	search_economic_indicator	"{""question"":""DR007存款类机构质押利率债的7天期回购加权利率""}"	a366bf9dde8b79f92cfaa846999cca86
2026-08-31T08:00:24.614+08:00[Asia/Shanghai]	137768516	query_economic_indicator_data	"{""question"":""M0061606,M0061610"",""beginDate"":""2026-08-28"",""endDate"":""2026-08-28""}"	8386d64646e34eaf26796088f9f20754
2026-08-31T07:58:41.720+08:00[Asia/Shanghai]	144245688	query_economic_indicator_data	"{""beginDate"":""2026-08-28"",""endDate"":""2026-08-31"",""question"":""仅提数 X2123323""}"	670a26d64b938836995f9a0478752f22
2026-08-31T07:58:41.699+08:00[Asia/Shanghai]	144245688	query_economic_indicator_data	"{""beginDate"":""2026-08-28"",""endDate"":""2026-08-31"",""question"":""仅提数 X8715752""}"	ae4f092bca18a5fd56a9753e9aa7ee73
2026-08-31T07:58:14.732+08:00[Asia/Shanghai]	144245688	query_economic_indicator_data	"{""beginDate"":""2026-08-28"",""endDate"":""2026-08-31"",""question"":""仅提数 M0041371""}"	0353ff171c5be3d73ad09f0106a308f8
2026-08-31T07:53:44.053+08:00[Asia/Shanghai]	143954008	query_economic_indicator_data	"{""question"":""中国:国债到期收益率:10年"",""beginDate"":""2015-01-01"",""endDate"":""2026-08-31""}"	f1407daa456a8709f43a15d1e685f004
2026-08-31T07:53:39.203+08:00[Asia/Shanghai]	143954008	query_economic_indicator_data	"{""question"":""中国:存款类机构质押式回购加权利率:7天"",""beginDate"":""2015-01-01"",""endDate"":""2026-08-31""}"	b7da855aff8734d435b37ac5556cb1b7
2026-08-31T07:53:38.747+08:00[Asia/Shanghai]	143954008	query_economic_indicator_data	"{""question"":""中国:货币和准货币(M2):同比"",""beginDate"":""2015-01-01"",""endDate"":""2026-08-31""}"	095f7ffecf3d4e26a05f6d7eb9b84ebe
2026-08-31T07:52:48.583+08:00[Asia/Shanghai]	101159309	query_economic_indicator_data	"{""question"":""S5133868,S5133418"",""observation"":""10""}"	04a320fdd545e12bbd04db94e620c383
2026-08-31T07:52:33.016+08:00[Asia/Shanghai]	101159309	search_economic_indicator	"{""question"":""焦煤 价格 库存 产量 进口""}"	b6aca55311bd904ee310ced8707b265c
2026-08-31T07:52:14.279+08:00[Asia/Shanghai]	143954008	query_economic_indicator_data	"{""question"":""中国:国债到期收益率:10年"",""beginDate"":""2015-01-01"",""endDate"":""2026-08-31""}"	4201f68a7b3732a4edf2fd96b91d0b0f
2026-08-31T07:52:13.081+08:00[Asia/Shanghai]	143954008	query_economic_indicator_data	"{""question"":""中国:存款类机构质押式回购加权利率:7天"",""beginDate"":""2015-01-01"",""endDate"":""2026-08-31""}"	42cb8c538ec7d665fb5653bef27b0ece
2026-08-31T07:52:05.242+08:00[Asia/Shanghai]	143954008	query_economic_indicator_data	"{""question"":""中国:货币和准货币(M2):同比"",""beginDate"":""2015-01-01"",""endDate"":""2026-08-31""}"	ce9b951a4de970cb4e19c5ddd4975517
2026-08-31T07:51:23.246+08:00[Asia/Shanghai]	143954008	query_economic_indicator_data	"{""question"":""M0001385"",""beginDate"":""2015-01-01"",""endDate"":""2026-08-31""}"	8b32764d6a6c795998bc962256637dd8
2026-08-31T07:51:16.335+08:00[Asia/Shanghai]	143954008	query_economic_indicator_data	"{""question"":""M0001383"",""beginDate"":""2015-01-01"",""endDate"":""2026-08-31""}"	8930836bd1f8425819adba713163cc1a
2026-08-31T07:50:13.656+08:00[Asia/Shanghai]	143954008	query_economic_indicator_data	"{""question"":""中国:国债到期收益率:10年"",""beginDate"":""2015-01-01"",""endDate"":""2026-08-31""}"	c4912cb98ee6c30e493821cfc59ddf1e
2026-08-31T07:50:12.025+08:00[Asia/Shanghai]	143954008	query_economic_indicator_data	"{""question"":""中国:存款类机构质押式回购加权利率:7天"",""beginDate"":""2015-01-01"",""endDate"":""2026-08-31""}"	c8dd450ed4075ff8addb7731333a59e7
2026-08-31T07:50:11.045+08:00[Asia/Shanghai]	143954008	query_economic_indicator_data	"{""question"":""中国:制造业采购经理指数"",""beginDate"":""2015-01-01"",""endDate"":""2026-08-31""}"	f25f806015942d69643ff2308cf2de2e
2026-08-31T07:50:10.027+08:00[Asia/Shanghai]	143954008	query_economic_indicator_data	"{""question"":""中国:社会融资规模存量:同比"",""beginDate"":""2015-01-01"",""endDate"":""2026-08-31""}"	470b514aadb6e7259bf3091ae3dc2b21
2026-08-31T07:50:06.705+08:00[Asia/Shanghai]	143954008	query_economic_indicator_data	"{""question"":""中国:货币和准货币(M2):同比"",""beginDate"":""2015-01-01"",""endDate"":""2026-08-31""}"	8f662eacfcacbfbcab8f00c5b11598b4
2026-08-31T07:49:42.450+08:00[Asia/Shanghai]	143954008	query_economic_indicator_data	"{""question"":""G0005428"",""beginDate"":""2015-01-01"",""endDate"":""2026-08-31""}"	63b17125aecbde035f06e3bcb8128b56
2026-08-31T07:49:42.087+08:00[Asia/Shanghai]	143954008	query_economic_indicator_data	"{""question"":""G1147403"",""beginDate"":""2015-01-01"",""endDate"":""2026-08-31""}"	4896665582a5308aa2bc0fa7775b9665
2026-08-31T07:49:30.600+08:00[Asia/Shanghai]	143954008	query_economic_indicator_data	"{""question"":""M1001791"",""beginDate"":""2015-01-01"",""endDate"":""2026-08-31""}"	bc0ab69e05c5a2d81514ed829cde7355
2026-08-31T07:49:13.117+08:00[Asia/Shanghai]	143954008	query_economic_indicator_data	"{""question"":""中国:货币(M1):同比"",""beginDate"":""2015-01-01"",""endDate"":""2026-08-31""}"	74c66770153a67f753e24bb7e337fc8d
2026-08-31T07:43:45.162+08:00[Asia/Shanghai]	143954008	query_economic_indicator_data	"{""question"":""M0051559"",""beginDate"":""2014-01-01"",""endDate"":""2026-08-30""}"	f807e8eb6cf5435459f8a1b9e2fd4b1b
2026-08-31T07:42:27.508+08:00[Asia/Shanghai]	143954008	query_economic_indicator_data	"{""question"":""M1006337,M0041653"",""beginDate"":""2014-01-01"",""endDate"":""2026-08-30""}"	0e3023bcefc7e921d0d2636b4f689a0a
2026-08-31T07:42:14.587+08:00[Asia/Shanghai]	143954008	query_economic_indicator_data	"{""question"":""M0265778"",""beginDate"":""2014-01-01"",""endDate"":""2026-08-30""}"	f9c90adc93a9551cf091192149d505d1
2026-08-31T07:42:07.819+08:00[Asia/Shanghai]	143954008	query_economic_indicator_data	"{""question"":""M0265758"",""beginDate"":""2014-01-01"",""endDate"":""2026-08-30""}"	5dfda7cad6d7f13b51800f2409e74939
2026-08-31T07:40:44.545+08:00[Asia/Shanghai]	110565349	query_economic_indicator_data	"{""question"":""G0145002"",""beginDate"":""2026-08-21"",""endDate"":""2026-08-28""}"	0a16cdf9a5b87be371b178daffcc9dee
2026-08-31T07:39:56.761+08:00[Asia/Shanghai]	143954008	query_economic_indicator_data	"{""question"":""G0005428"",""beginDate"":""2015-01-01"",""endDate"":""2026-08-31""}"	c7f02a15e2bc9c8e1a8da553c712a42e
2026-08-31T07:39:49.781+08:00[Asia/Shanghai]	143954008	query_economic_indicator_data	"{""question"":""M1001791"",""beginDate"":""2015-01-01"",""endDate"":""2026-08-31""}"	4c6c10d05e20a27235c9ffbdc4cbfa97
2026-08-31T07:38:47.689+08:00[Asia/Shanghai]	144027765	query_economic_indicator_data	"{""question"":""M0325601"",""observation"":""8""}"	92fc6b9db3a35ec42f74db1778511ef7
2026-08-31T07:36:50.086+08:00[Asia/Shanghai]	144124418	query_economic_indicator_data	"{""question"":""G1109246 美国:零售和食品服务销售额:零售:季调:当月同比"",""observation"":""10""}"	a8fbf3eff1a514c48e56c5ef787a50c3
2026-08-31T07:36:35.550+08:00[Asia/Shanghai]	144124418	query_economic_indicator_data	"{""question"":""G0002325 美国:密歇根大学消费者信心指数"",""observation"":""10""}"	5ec6f0b5718bbe7541676f7d6241558f
2026-08-31T07:36:28.276+08:00[Asia/Shanghai]	144124418	query_economic_indicator_data	"{""question"":""G0002323 美国:ISM:制造业PMI"",""observation"":""10""}"	96477125a3fed40777659d141396d8f0
2026-08-31T07:36:24.964+08:00[Asia/Shanghai]	144124418	query_economic_indicator_data	"{""question"":""Z0427835 美国:PPI:Wind季调"",""observation"":""10""}"	86a4d347714a5d82538c33d823ce4db6
2026-08-31T07:36:20.757+08:00[Asia/Shanghai]	144124418	query_economic_indicator_data	"{""question"":""G0000027 美国:CPI:非季调:同比 美国劳工部"",""observation"":""10""}"	1298e01f4bd2eb13fcd5181b3bebc1a3
2026-08-31T07:36:17.452+08:00[Asia/Shanghai]	144124418	query_economic_indicator_data	"{""question"":""G0000067 美国:失业率:季调"",""observation"":""10""}"	a19792303b8892b40731b5ffb2a7f167
2026-08-31T07:36:13.700+08:00[Asia/Shanghai]	137768516	query_economic_indicator_data	"{""question"":""M0061606,M0061610"",""beginDate"":""2024-08-31"",""endDate"":""2026-08-31""}"	c3d169e8f94a481634094c8e6f337b9e
2026-08-31T07:36:00.727+08:00[Asia/Shanghai]	144124418	query_economic_indicator_data	"{""question"":""M5650805 中国:城镇调查失业率 国家统计局"",""observation"":""10""}"	66358154d171876ec994b9f480f5a57c
2026-08-31T07:35:44.375+08:00[Asia/Shanghai]	144124418	query_economic_indicator_data	"{""question"":""M0000705 中国:CPI:环比 国家统计局"",""observation"":""10""}"	9e1e001232eb21a6fc20bae35e9f2b79
2026-08-31T07:35:41.320+08:00[Asia/Shanghai]	144124418	query_economic_indicator_data	"{""question"":""M0000273 中国:固定资产投资完成额:累计同比 国家统计局"",""observation"":""10""}"	3f2ef84fd7bd89d1e1cfa5e4d70b44a2
2026-08-31T07:35:40.388+08:00[Asia/Shanghai]	144124418	query_economic_indicator_data	"{""question"":""M0000612 中国:CPI:当月同比 国家统计局"",""observation"":""10""}"	8fd851547af30ea26a2847e93dc2debd
2026-08-31T07:35:29.605+08:00[Asia/Shanghai]	144124418	query_economic_indicator_data	"{""question"":""M0017126 中国:制造业PMI 国家统计局"",""observation"":""10""}"	3a904ca29af8dc28d1bcc1bab16c328e
2026-08-31T07:35:26.704+08:00[Asia/Shanghai]	144124418	query_economic_indicator_data	"{""question"":""M0075992 中国:融资融券余额"",""observation"":""10""}"	f490cf124949e6543bba3f90c1bf030e
2026-08-31T07:35:12.554+08:00[Asia/Shanghai]	144124418	query_economic_indicator_data	"{""question"":""M0075990 中国:融资余额"",""observation"":""10""}"	e61635cd8bc61fd27dd50eb73af8d0de
2026-08-31T07:33:54.599+08:00[Asia/Shanghai]	144388850	query_economic_indicator_data	"{""question"":""S0027012"",""beginDate"":""2025-01-01"",""endDate"":""2026-08-31""}"	0323da8f062c90821a9c7ba8a111afe3
2026-08-31T07:33:48.306+08:00[Asia/Shanghai]	144388850	search_economic_indicator	"{""question"":""中国发电量当月值 电力生产""}"	d38fda49b2637044ce4bc6ecbe1c400b
2026-08-31T07:33:14.952+08:00[Asia/Shanghai]	144388850	query_economic_indicator_data	"{""question"":""S5100021"",""beginDate"":""2025-01-01"",""endDate"":""2026-08-31""}"	420de2f458d8a8552e7d2cf20b0c4cc2
2026-08-31T07:33:11.236+08:00[Asia/Shanghai]	144388850	query_economic_indicator_data	"{""question"":""S6139212,S0243299"",""beginDate"":""2026-01-01"",""endDate"":""2026-08-31""}"	86e1216636189053970f80bb1170abd9
2026-08-31T07:32:57.294+08:00[Asia/Shanghai]	144388850	search_economic_indicator	"{""question"":""中国新能源汽车产销量月度数据""}"	3183c80049d1d0465f0d23d30392dcce
2026-08-31T07:32:43.555+08:00[Asia/Shanghai]	143168433	query_economic_indicator_data	"{""question"":""VIX波动率指数 近10期日频"",""observation"":""10""}"	5590cf4d74143db830219eb08716e738
2026-08-31T07:32:23.504+08:00[Asia/Shanghai]	143168433	query_economic_indicator_data	"{""question"":""美国10年期国债收益率 美元指数 最新收盘 近10期日频"",""beginDate"":""2026-08-21"",""endDate"":""2026-08-31""}"	360892b138ef46f65fef22a8bcf11171
2026-08-31T07:31:47.827+08:00[Asia/Shanghai]	144223302	query_economic_indicator_data	"{""question"":""M1001791,S0031645,S0031525"",""beginDate"":""2026-08-25"",""endDate"":""2026-08-29""}"	5652273807d285db76a9df7155cfe60a
2026-08-31T07:31:37.560+08:00[Asia/Shanghai]	144020839	query_economic_indicator_data	"{""question"":""M0017126,M0000545,M5525755,M0096870,M0331299,O2147044,S5112239,S5112225,C1925068,Y6907796,S5133399,S0029657,M5440435,M0000357,S0027375,S5132185,S5132186,S5103142,S5103140,S5103143"",""beginDate"":""2025-01-01"",""endDate"":""2026-08-30""}"	ac3467314b3756f668c7bae4c58b70bf
2026-08-31T07:31:08.343+08:00[Asia/Shanghai]	137768516	query_economic_indicator_data	"{""question"":""M0061606,M0061610"",""beginDate"":""2024-08-31"",""endDate"":""2026-08-31""}"	24284f408a2f6586f829c755fcb6921c
2026-08-31T07:30:16.472+08:00[Asia/Shanghai]	137768516	query_economic_indicator_data	"{""question"":""M0061606,M0061610"",""beginDate"":""2026-08-28"",""endDate"":""2026-08-28""}"	af91f5be9b283d6704dd894460035f4d
2026-08-31T07:30:09.515+08:00[Asia/Shanghai]	144020839	query_economic_indicator_data	"{""question"":""S0029752"",""beginDate"":""2026-08-14"",""endDate"":""2026-08-28""}"	cb5b60416cce3ff3325fa0b9bd6e1dac
2026-08-31T07:30:03.501+08:00[Asia/Shanghai]	137768516	query_economic_indicator_data	"{""question"":""M0061606,M0061610"",""beginDate"":""2024-08-31"",""endDate"":""2026-08-31""}"	39edaa70cda77281d6bfa064b32098cb
2026-08-31T07:27:48.873+08:00[Asia/Shanghai]	143843069	query_economic_indicator_data	"{""question"":""NYMEX原油期货结算价,伦敦现货黄金价格"",""beginDate"":""2026-08-27"",""endDate"":""2026-08-28""}"	f27c6b34cc01cbf67fe2a9581e8af861
2026-08-31T07:27:34.006+08:00[Asia/Shanghai]	143843069	query_economic_indicator_data	"{""question"":""美国国债收益率30年期,美国国债收益率10年期,美国国债收益率2年期"",""beginDate"":""2026-08-27"",""endDate"":""2026-08-28""}"	af2c2cc5ffcbf87db360bcf6ad8dea85
2026-08-31T07:23:36.621+08:00[Asia/Shanghai]	143907768	query_economic_indicator_data	"{""question"":""中国同业存单到期收益率(AAA):1年"",""beginDate"":""2026-08-27"",""endDate"":""2026-08-28""}"	4c58f3f7c79fe4cf5cae3bd4b0b3ed4c
2026-08-31T07:23:27.524+08:00[Asia/Shanghai]	143907768	query_economic_indicator_data	"{""question"":""中国同业存单到期收益率AAA1年"",""beginDate"":""2026-08-27"",""endDate"":""2026-08-28""}"	26d130774c219892b2bdab5e1348f5b8
2026-08-31T07:22:24.205+08:00[Asia/Shanghai]	143907768	query_economic_indicator_data	"{""question"":""M0000185"",""beginDate"":""2026-08-28"",""endDate"":""2026-08-28""}"	fbd1d95fcd960633d1263e1df5f92859
2026-08-31T07:22:13.921+08:00[Asia/Shanghai]	143907768	query_economic_indicator_data	"{""question"":""中国同业存单到期收益率(AAA):1年"",""beginDate"":""2026-08-27"",""endDate"":""2026-08-28""}"	80566fef3959acfe403addbdbea99b4d
2026-08-31T07:21:57.907+08:00[Asia/Shanghai]	115358457	query_economic_indicator_data	"{""question"":""美国国债收益率2年期"",""beginDate"":""2026-08-24"",""endDate"":""2026-08-31""}"	d53ab16c15f157a99e5823ee6740277c
2026-08-31T07:21:08.222+08:00[Asia/Shanghai]	115358457	query_economic_indicator_data	"{""question"":""美国10年期国债收益率, VIX恐慌指数, COMEX黄金期货收盘价, WTI原油期货收盘价, 美元兑人民币即期汇率"",""beginDate"":""2026-08-24"",""endDate"":""2026-08-31""}"	2f9040729744bd38123fa209d554ad74
2026-08-31T07:19:38.538+08:00[Asia/Shanghai]	144072820	query_economic_indicator_data	"{""question"":""上海市房屋管理局二手房成交套数（指标Q1535455）2026年7月1日至2026年8月31日的日度数据"",""beginDate"":""2026-07-01"",""endDate"":""2026-08-31""}"	6fdf81793f5bf431cf554968c1c1a681
2026-08-31T07:18:21.126+08:00[Asia/Shanghai]	143907768	query_economic_indicator_data	"{""question"":""M1004902"",""beginDate"":""2026-08-27"",""endDate"":""2026-08-28""}"	04a9c87ae40aa3d82ece7ef051760c1f
2026-08-31T07:18:14.797+08:00[Asia/Shanghai]	143907768	query_economic_indicator_data	"{""question"":""G0000891"",""beginDate"":""2026-08-27"",""endDate"":""2026-08-28""}"	5d2248b0856f69ed5c90605987744133
2026-08-31T07:18:10.309+08:00[Asia/Shanghai]	144072820	query_economic_indicator_data	"{""question"":""上海市房屋管理局二手房成交套数（指标Q1535455）2026年8月最近20个交易日的日度数据""}"	5541c8fea74159d2e6787ec4cc33b70d
2026-08-31T07:18:08.678+08:00[Asia/Shanghai]	144072820	query_economic_indicator_data	"{""question"":""中国上海二手住宅挂牌均价（指标S2773306）最近6个月的数据，包含2026年8月""}"	af1304265f9f597ce76c776c209f53eb
2026-08-31T07:18:07.644+08:00[Asia/Shanghai]	143907768	query_economic_indicator_data	"{""question"":""M1004902"",""beginDate"":""2026-08-27"",""endDate"":""2026-08-28""}"	63c6b9d258023a906c5a73425c2bf572
2026-08-31T07:18:05.258+08:00[Asia/Shanghai]	143907768	search_economic_indicator	"{""question"":""美元指数""}"	c7fd15507a9355bdb5130e33b3de5c2c
2026-08-31T07:18:00.160+08:00[Asia/Shanghai]	143907768	search_economic_indicator	"{""question"":""美元指数""}"	d93998f77eba91cef8074494362a4810
2026-08-31T07:17:40.256+08:00[Asia/Shanghai]	143907768	query_economic_indicator_data	"{""question"":""G0000891"",""beginDate"":""2026-08-27"",""endDate"":""2026-08-28""}"	7dfcd2cf29042b3cc1f2f0dfd9141df5
2026-08-31T07:17:38.484+08:00[Asia/Shanghai]	101090040	query_economic_indicator_data	"{""question"":""美元兑人民币即期汇率,美元兑港币"",""observation"":""1""}"	2bf3a46009e629f5ba815a8102afe63f
2026-08-31T07:17:35.374+08:00[Asia/Shanghai]	143907768	query_economic_indicator_data	"{""question"":""M0000271"",""beginDate"":""2026-08-27"",""endDate"":""2026-08-28""}"	f149adeb165c8b6789d111359c8faa98
2026-08-31T07:17:27.985+08:00[Asia/Shanghai]	143907768	query_economic_indicator_data	"{""question"":""S0031525"",""beginDate"":""2026-08-27"",""endDate"":""2026-08-28""}"	3e44550980d30871167aec83c70c47ee
2026-08-31T07:17:23.224+08:00[Asia/Shanghai]	101090040	query_economic_indicator_data	"{""question"":""M0000185"",""observation"":""3""}"	e91e04eda626488c71eaca0a343a38c9
2026-08-31T07:17:19.578+08:00[Asia/Shanghai]	143907768	query_economic_indicator_data	"{""question"":""M0000271,G0000891,G0000887,G0000893,M1001789,M0000185,M1004902"",""beginDate"":""2026-08-27"",""endDate"":""2026-08-28""}"	9f04b7f1b101a338eeaf7587b525482d
2026-08-31T07:17:12.195+08:00[Asia/Shanghai]	143907768	query_economic_indicator_data	"{""question"":""S0031525"",""beginDate"":""2026-08-27"",""endDate"":""2026-08-28""}"	529cc3796db20f7126beaf0e8977640e
2026-08-31T07:17:06.955+08:00[Asia/Shanghai]	101090040	query_economic_indicator_data	"{""question"":""M0075990"",""observation"":""6""}"	a16f55b7e1f7d31573afa5ff17046136
2026-08-31T07:16:54.336+08:00[Asia/Shanghai]	143907768	query_economic_indicator_data	"{""question"":""S0180945"",""observation"":""2""}"	e7cd62e7890a7b6d08d69fdb0a54ca2f
2026-08-31T07:15:21.751+08:00[Asia/Shanghai]	144026600	query_economic_indicator_data	"{""beginDate"":""2026-08-28"",""endDate"":""2026-08-28"",""question"":""银行间质押式回购加权利率:1天""}"	9902c7a5d2355a022bc95d833cff1f1b
2026-08-31T07:15:21.071+08:00[Asia/Shanghai]	144026600	query_economic_indicator_data	"{""beginDate"":""2026-08-28"",""endDate"":""2026-08-28"",""question"":""存款类机构质押式回购加权利率DR001、DR007""}"	dee1c48c5bbf82091956b7c3855678f5
2026-08-31T07:15:16.384+08:00[Asia/Shanghai]	111834456	query_economic_indicator_data	"{""question"":""M0067858"",""beginDate"":""2026-08-21"",""endDate"":""2026-08-31""}"	dd072809b9843869800e6d395fc517d7
2026-08-31T07:15:11.537+08:00[Asia/Shanghai]	137768516	query_economic_indicator_data	"{""question"":""M0061606,M0061610"",""beginDate"":""2026-08-28"",""endDate"":""2026-08-28""}"	ff04ef29df3098177942b405f2ff59b7
2026-08-31T07:15:07.741+08:00[Asia/Shanghai]	111834456	query_economic_indicator_data	"{""question"":""M0067855"",""beginDate"":""2026-08-21"",""endDate"":""2026-08-31""}"	31f779bc90c7e135d65b8d5721dd9c78
2026-08-31T07:15:07.551+08:00[Asia/Shanghai]	111834456	query_economic_indicator_data	"{""question"":""M0067857"",""beginDate"":""2026-08-21"",""endDate"":""2026-08-31""}"	69b3dcecd631d9d076d0d1a31d5d0fa6
2026-08-31T07:11:42.644+08:00[Asia/Shanghai]	143897050	query_economic_indicator_data	"{""question"":""M0331594"",""beginDate"":""2026-06-01"",""endDate"":""2026-09-30""}"	7e4fe7c1aaffaf471b8fa918c90b90db
2026-08-31T07:11:32.067+08:00[Asia/Shanghai]	143897050	query_economic_indicator_data	"{""question"":""M0048236,M0017126"",""beginDate"":""2026-06-01"",""endDate"":""2026-08-31""}"	f40e8fc1725eeb518fe6074eac968b81
2026-08-31T07:11:24.759+08:00[Asia/Shanghai]	143897050	search_economic_indicator	"{""question"":""中国非制造业PMI""}"	df2d3dd453f7d5c04742351870277f50
2026-08-31T07:11:14.302+08:00[Asia/Shanghai]	143897050	query_economic_indicator_data	"{""question"":""M0017126"",""beginDate"":""2026-01-01"",""endDate"":""2026-08-31""}"	0a968d6e74db5c19cb38260fbd03a998
2026-08-31T07:11:05.625+08:00[Asia/Shanghai]	143897050	search_economic_indicator	"{""question"":""中国制造业PMI""}"	6280e78ecba0d899a174281309d29760
2026-08-31T07:10:48.275+08:00[Asia/Shanghai]	143897050	query_economic_indicator_data	"{""question"":""中国官方制造业PMI"",""beginDate"":""2026-07-01"",""endDate"":""2026-08-31""}"	51c48d23237899caa9ab725d6a53f2e4
2026-08-31T07:09:35.716+08:00[Asia/Shanghai]	111493499	query_economic_indicator_data	"{""question"":""日经225指数,德国DAX指数,法国CAC40指数,富时100指数"",""beginDate"":""2026-08-26"",""endDate"":""2026-08-31""}"	c759ee1a677eb11f1adadc3f863c0e2c
2026-08-31T07:09:28.978+08:00[Asia/Shanghai]	111493499	query_economic_indicator_data	"{""question"":""M1001786"",""beginDate"":""2026-08-26"",""endDate"":""2026-08-31""}"	67839b176f467a7fae7d8a8ff6bf721d
2026-08-31T07:08:52.697+08:00[Asia/Shanghai]	111493499	query_economic_indicator_data	"{""question"":""M1001657"",""beginDate"":""2026-08-26"",""endDate"":""2026-08-31""}"	c662e550bf325f7c81b9fcd9be2e3776
2026-08-31T07:08:30.006+08:00[Asia/Shanghai]	143864303	search_economic_indicator	"{""question"":""美国高收益债指数期权调整利差 日度""}"	875248b5f14b2295d7a5e159acbb5a78
2026-08-31T07:08:15.716+08:00[Asia/Shanghai]	143864303	search_economic_indicator	"{""question"":""美国BBB级公司债期权调整利差 日度""}"	2f94953b6846bb0fd635313182dfee82
2026-08-31T07:08:14.170+08:00[Asia/Shanghai]	143864303	search_economic_indicator	"{""question"":""美国10年期TIPS实际收益率 日度""}"	324c45a9830d055e3a1900300c2beff4
2026-08-31T07:08:11.859+08:00[Asia/Shanghai]	143864303	search_economic_indicator	"{""question"":""美国国债实际收益率10年 日度""}"	350a3412f6368ef233a9286d9a00b312
2026-08-31T07:08:08.688+08:00[Asia/Shanghai]	111493499	query_economic_indicator_data	"{""question"":""M0066355,S0029749,S0147010,S0029752"",""beginDate"":""2026-08-26"",""endDate"":""2026-08-31""}"	76e50cd68d98989bdc8721e41c973011
2026-08-31T07:07:46.246+08:00[Asia/Shanghai]	143864303	query_economic_indicator_data	"{""question"":""G0000891"",""beginDate"":""2026-08-24"",""endDate"":""2026-08-29""}"	f06e5c5cbd75494242e8ad95ba52e6db
2026-08-31T07:07:35.047+08:00[Asia/Shanghai]	111493499	query_economic_indicator_data	"{""question"":""铜精矿加工费TC"",""beginDate"":""2026-06-01"",""endDate"":""2026-08-31""}"	d45706ae99c173a667cda6e054a9752b
2026-08-31T07:07:34.071+08:00[Asia/Shanghai]	143864303	query_economic_indicator_data	"{""question"":""G0000893"",""beginDate"":""2026-08-24"",""endDate"":""2026-08-29""}"	9df88eb48dac119e0583524916ad8262
2026-08-31T07:07:24.190+08:00[Asia/Shanghai]	143864303	query_economic_indicator_data	"{""question"":""G0000889"",""beginDate"":""2026-08-24"",""endDate"":""2026-08-29""}"	cb1d4a324a62ec7ca2a5695c931b46d6
2026-08-31T07:07:09.003+08:00[Asia/Shanghai]	143864303	query_economic_indicator_data	"{""question"":""G0000887"",""beginDate"":""2026-08-24"",""endDate"":""2026-08-29""}"	8c8439e38b8d7b9ca028280d50a89d91
2026-08-31T07:07:07.739+08:00[Asia/Shanghai]	144269957	query_economic_indicator_data	"{""question"":""G1100075,G1168931,G1100038,G0003383"",""beginDate"":""20250528"",""endDate"":""20260831""}"	6be29e6fd8279e37bd58168b16a63bd8
2026-08-31T07:06:59.490+08:00[Asia/Shanghai]	111493499	query_economic_indicator_data	"{""question"":""欧元兑美元,英镑兑美元,美元兑离岸人民币,美元兑人民币"",""beginDate"":""2026-08-26"",""endDate"":""2026-08-31""}"	9ebdce668d2549ad0000a10cc350091f
2026-08-31T07:06:58.151+08:00[Asia/Shanghai]	143864303	query_economic_indicator_data	"{""question"":""G1139858"",""beginDate"":""2026-08-24"",""endDate"":""2026-08-29""}"	6a813d18c46371931137fab320fbac51
2026-08-31T07:06:55.029+08:00[Asia/Shanghai]	111493499	query_economic_indicator_data	"{""question"":""美国10年国债收益率,美国2年国债收益率,美国3个月国债收益率,美国30年国债收益率,美元指数,美元兑日元,日本10年期国债收益率"",""beginDate"":""2026-08-26"",""endDate"":""2026-08-31""}"	6c4a5085c937d33c1e8232235be85b44
2026-08-31T07:06:54.901+08:00[Asia/Shanghai]	144269957	query_economic_indicator_data	"{""question"":""S5111905,M0000199,G1100001"",""beginDate"":""20250528"",""endDate"":""20260831""}"	d1e8ecd4b684ebe61cdaeb36c07e8185
2026-08-31T07:06:51.211+08:00[Asia/Shanghai]	144269957	query_economic_indicator_data	"{""question"":""G0001672,G0001677,S0031645"",""beginDate"":""20250528"",""endDate"":""20260831""}"	e82b28d744c9981fa00e05e469ae220c
2026-08-31T07:06:46.713+08:00[Asia/Shanghai]	144269957	query_economic_indicator_data	"{""question"":""A2055430,G0002341,G0001671"",""beginDate"":""20250528"",""endDate"":""20260831""}"	daa5456b40c0bb162ae24f637fe217b7
2026-08-31T07:06:42.637+08:00[Asia/Shanghai]	143864303	query_economic_indicator_data	"{""question"":""M1001787,M1001789,M1001791,G0000893"",""beginDate"":""2026-08-24"",""endDate"":""2026-08-29""}"	df2269699950a21558d72cd6bb28a9d5
2026-08-31T07:06:37.679+08:00[Asia/Shanghai]	144269957	query_economic_indicator_data	"{""question"":""G0005428,G0003892,M0000271"",""beginDate"":""20250528"",""endDate"":""20260831""}"	89338ac9a0c9037edf293c5d9054f69d
2026-08-31T07:06:20.027+08:00[Asia/Shanghai]	130227395	query_economic_indicator_data	"{""question"":""境外机构和个人持有境内人民币债券"",""observation"":""6""}"	abf59844e4849b36a3b42df183b6ec22
2026-08-31T07:06:16.795+08:00[Asia/Shanghai]	143864303	search_economic_indicator	"{""question"":""美国BBB企业债期权调整利差 高收益债期权调整利差 CCC及以下 日度指标""}"	3538bd39e93338ee4524126d07a41678
2026-08-31T07:06:12.283+08:00[Asia/Shanghai]	144269957	query_economic_indicator_data	"{""question"":""G1100075,G1168931,G1100038,G0003383"",""beginDate"":""20250528"",""endDate"":""20260831""}"	77bd696ed4bd1d5de4b9f7bc296675a5
2026-08-31T07:06:11.652+08:00[Asia/Shanghai]	130227395	query_economic_indicator_data	"{""question"":""美元指数"",""observation"":""10""}"	d4aa9ccf5b80771e6ac0254110e787f2
2026-08-31T07:06:09.441+08:00[Asia/Shanghai]	130227395	query_economic_indicator_data	"{""question"":""南华迷你综合指数"",""observation"":""20""}"	594b7bd75d23dfc69b582e132e9e2b53
2026-08-31T07:06:08.986+08:00[Asia/Shanghai]	111493499	query_economic_indicator_data	"{""question"":""中国10年国债收益率,DR007,R007,SHIBOR隔夜,中证全债指数"",""beginDate"":""2026-08-26"",""endDate"":""2026-08-31""}"	226733c29d0333b45431e3c8d6c80beb
2026-08-31T07:06:04.317+08:00[Asia/Shanghai]	144269957	query_economic_indicator_data	"{""question"":""S5111905,M0000199,G1100001"",""beginDate"":""20250528"",""endDate"":""20260831""}"	61c6f59c423e005fd3fa48b291b346f4
2026-08-31T07:06:02.223+08:00[Asia/Shanghai]	143864303	search_economic_indicator	"{""question"":""美国财政部通胀保值国债实际收益率 10年 30年 日度指标""}"	9f94849f554cc1c91be703bdb62ef77e
2026-08-31T07:05:58.003+08:00[Asia/Shanghai]	144269957	query_economic_indicator_data	"{""question"":""S0031645"",""beginDate"":""20250528"",""endDate"":""20260831""}"	402d6b4a24638cec1c83ae0bca8d3fa7
2026-08-31T07:05:43.669+08:00[Asia/Shanghai]	144269957	query_economic_indicator_data	"{""question"":""G0001672,G0001677,S0031645"",""beginDate"":""20250528"",""endDate"":""20260831""}"	639c71d11e0beb59ff94af974a4da70f
2026-08-31T07:05:43.035+08:00[Asia/Shanghai]	130227395	query_economic_indicator_data	"{""question"":""南华有色金属指数"",""observation"":""10""}"	f75399565c829ad2fef0cd8553307570
2026-08-31T07:05:28.879+08:00[Asia/Shanghai]	130227395	query_economic_indicator_data	"{""question"":""中国债券市场托管余额债券余额月度合计"",""observation"":""6""}"	2bd904772f81737f4edf00a831cde2cd
2026-08-31T07:05:18.514+08:00[Asia/Shanghai]	130227395	query_economic_indicator_data	"{""question"":""A股再融资规模"",""observation"":""6""}"	be0f1ff44502280b8152baec267c69c3
2026-08-31T07:05:12.284+08:00[Asia/Shanghai]	10606679	query_economic_indicator_data	"{""question"":""M0041653"",""beginDate"":""2026-08-28"",""endDate"":""2026-08-28""}"	b90421d97b200a6730b5dcc498307b7e
2026-08-31T07:05:09.534+08:00[Asia/Shanghai]	130227395	query_economic_indicator_data	"{""question"":""A股IPO融资规模"",""observation"":""6""}"	f1bc84116e1188df5ea6488af12e12ae
2026-08-31T07:05:06.798+08:00[Asia/Shanghai]	130227395	query_economic_indicator_data	"{""question"":""中国工业企业利润总额累计同比"",""observation"":""6""}"	0784dff2fbb4621730776c89189b174c
2026-08-31T07:05:03.250+08:00[Asia/Shanghai]	130227395	query_economic_indicator_data	"{""question"":""30大中城市商品房成交面积"",""observation"":""10""}"	17935c94a2755c8063a5e905de44cc5c
2026-08-31T07:04:28.887+08:00[Asia/Shanghai]	130227395	query_economic_indicator_data	"{""question"":""融资融券余额"",""observation"":""6""}"	537ffa2c53b167bec0ef747d9a1cd657
2026-08-31T07:04:23.561+08:00[Asia/Shanghai]	130227395	query_economic_indicator_data	"{""question"":""万得全A换手率成交量成交额"",""observation"":""20""}"	e3e56982a945a2aa4932bc056fc3732e
2026-08-31T07:04:06.443+08:00[Asia/Shanghai]	130227395	query_economic_indicator_data	"{""question"":""VIX指数"",""observation"":""20""}"	455b6f7c2c170291a6831e5feffe2a5b
2026-08-31T07:03:58.932+08:00[Asia/Shanghai]	130227395	query_economic_indicator_data	"{""question"":""70个大中城市二手住宅销售价格指数同比"",""observation"":""6""}"	7f7c6ef184d950f39b988b4ad63bb06c
2026-08-31T07:03:56.498+08:00[Asia/Shanghai]	144183518	query_economic_indicator_data	"{""question"":""融资余额"",""observation"":""8""}"	b5f7e35a2756d80c918166ab736b8fcb
2026-08-31T07:03:53.233+08:00[Asia/Shanghai]	144183518	query_economic_indicator_data	"{""question"":""公开市场操作货币净投放"",""observation"":""8""}"	554d72eecd838e9c06a904905baf0759
2026-08-31T07:03:48.844+08:00[Asia/Shanghai]	130227395	query_economic_indicator_data	"{""question"":""中国海关出口数量指数同比"",""observation"":""10""}"	57dea51d88429926ae6a99eec46cec53
2026-08-31T07:03:41.361+08:00[Asia/Shanghai]	144183518	query_economic_indicator_data	"{""question"":""DR007银行间存款类机构质押式回购加权利率"",""observation"":""6""}"	c6f176b9a0c6986de344a02ebc652a63
2026-08-31T07:03:36.546+08:00[Asia/Shanghai]	130227395	query_economic_indicator_data	"{""question"":""欧元区经济景气指数"",""observation"":""6""}"	3f57d21613389744e65612d97ab4d7f0
2026-08-31T07:03:33.762+08:00[Asia/Shanghai]	144183518	query_economic_indicator_data	"{""question"":""R007银行间质押式回购加权利率"",""observation"":""6""}"	b0de7cbdb4936665e7d56dd6ca0f3f3b
2026-08-31T07:03:24.107+08:00[Asia/Shanghai]	130227395	query_economic_indicator_data	"{""question"":""美国经济景气指数"",""observation"":""6""}"	a431e7c70e62aee1ac2452f5d66358d1
2026-08-31T07:03:15.768+08:00[Asia/Shanghai]	130227395	query_economic_indicator_data	"{""question"":""中国城镇调查失业率31个大城市城镇调查失业率"",""observation"":""6""}"	987f1b93174af26de1047084d9cdf6ef
2026-08-31T07:03:10.585+08:00[Asia/Shanghai]	143584730	query_economic_indicator_data	"{""question"":""S0059752,G0000891,G0000893,M0000005"",""observation"":""10""}"	45e78f832afef3f22eba3d2290f84d29
2026-08-31T07:03:03.894+08:00[Asia/Shanghai]	130227395	query_economic_indicator_data	"{""question"":""中国快递业务量同比增速"",""observation"":""10""}"	0006d035a340282128c1889f851179c1
2026-08-31T07:02:56.578+08:00[Asia/Shanghai]	143584730	search_economic_indicator	"{""question"":""WTI原油价格,布伦特原油价格""}"	999b05cad08f5155358f7df48123c5b5
2026-08-31T07:02:52.041+08:00[Asia/Shanghai]	143584730	search_economic_indicator	"{""question"":""中国30年期国债收益率,美国10年期国债收益率,美国30年期国债收益率""}"	40b9b880744335bb863dd798910bf035
2026-08-31T07:02:42.719+08:00[Asia/Shanghai]	143584730	query_economic_indicator_data	"{""question"":""M1001654"",""observation"":""10""}"	8f9b35f0bf0333c296b151094366f37a
2026-08-31T07:02:30.659+08:00[Asia/Shanghai]	143584730	search_economic_indicator	"{""question"":""中国10年期国债收益率""}"	fa34bd656a6011f1f557ed11b74955d4
2026-08-31T07:02:21.778+08:00[Asia/Shanghai]	144302316	query_economic_indicator_data	"{""question"":""M0331372,N9001993,P7064322"",""observation"":""5""}"	753cc621d2d39cfbe878a8a90a0516f4
2026-08-31T07:01:58.073+08:00[Asia/Shanghai]	143584730	query_economic_indicator_data	"{""question"":""中国10年期国债收益率,中国30年期国债收益率,美国10年期国债收益率,美国30年期国债收益率"",""observation"":""5""}"	8a2e450a3c909a8c9dee2d8b37ec82bb
2026-08-31T07:01:26.739+08:00[Asia/Shanghai]	110679148	search_economic_indicator	"{""question"":""不锈钢排产 产量 200系 300系 400系""}"	f6258d233635b02e4773d6555e764c1b
2026-08-31T07:01:23.008+08:00[Asia/Shanghai]	101398745	query_economic_indicator_data	"{""question"":""L4833392、Z1766159"",""beginDate"":""2026-08-01"",""endDate"":""2026-08-31""}"	9908daa89f54ff8b49f5ad185791eb2e
2026-08-31T07:01:20.161+08:00[Asia/Shanghai]	101398745	query_economic_indicator_data	"{""question"":""M5525763"",""beginDate"":""2024-01-01"",""endDate"":""2026-08-31""}"	b3d19eb13de529ef7d996ca802a1923f
2026-08-31T07:01:16.632+08:00[Asia/Shanghai]	110679148	search_economic_indicator	"{""question"":""不锈钢库存 200系 300系 400系 社会库存""}"	ae234da28fa5b0d07432764f3370a5ab
2026-08-31T07:01:11.500+08:00[Asia/Shanghai]	101398745	query_economic_indicator_data	"{""question"":""V6997741、Z8206246"",""beginDate"":""2015-01-01"",""endDate"":""2026-08-31""}"	5ae4b38b4dabd222fb9cc0b1d968fe63
2026-08-31T07:01:08.999+08:00[Asia/Shanghai]	110679148	search_economic_indicator	"{""question"":""304不锈钢 316不锈钢 价格 废不锈钢 不锈废钢""}"	0210170f36495aa00b8437fc4739e8a2
2026-08-31T07:01:02.609+08:00[Asia/Shanghai]	110679148	search_economic_indicator	"{""question"":""水淬镍 价格""}"	32a7274f6bf8d904b4b7975b161bc265
2026-08-31T07:00:58.836+08:00[Asia/Shanghai]	101398745	query_economic_indicator_data	"{""question"":""S0029751、S0069669、S5111926、S0105896、M1002759、M1001791"",""beginDate"":""2026-08-01"",""endDate"":""2026-08-31""}"	26a320d896d00459dd37619ce8a76005
2026-08-31T07:00:50.327+08:00[Asia/Shanghai]	101398745	query_economic_indicator_data	"{""question"":""M5567876"",""beginDate"":""2015-01-01"",""endDate"":""2026-08-31""}"	0fcdeecb331846ad1d4787f7ccba9c16
2026-08-31T07:00:44.343+08:00[Asia/Shanghai]	101398745	query_economic_indicator_data	"{""question"":""G8324464、G8324477、L3410739"",""beginDate"":""2018-01-01"",""endDate"":""2026-08-31""}"	476b688ffda03d417453ac382f57158d
2026-08-31T07:00:43.763+08:00[Asia/Shanghai]	110679148	search_economic_indicator	"{""question"":""镍生铁 NPI 价格 高镍铁 中镍铁""}"	4205edaac36f874e1ccd341b1ba5f982
2026-08-31T07:00:30.102+08:00[Asia/Shanghai]	110679148	search_economic_indicator	"{""question"":""镍矿价格 进口镍矿 菲律宾镍矿""}"	90d2190ffebb40c9acf259bfa2495618
2026-08-31T07:00:26.879+08:00[Asia/Shanghai]	110565349	search_economic_indicator	"{""question"":""德国、日本、英国、韩国10年期国债基准收益率的日频指标""}"	3ff6aa5f509367e4643664da6b2b02fe
2026-08-31T07:00:19.394+08:00[Asia/Shanghai]	137768516	query_economic_indicator_data	"{""question"":""M0000271"",""beginDate"":""2026-08-28"",""endDate"":""2026-08-31""}"	c9ca547843128436bd8867a90ba4d801
2026-08-31T07:00:15.290+08:00[Asia/Shanghai]	101398745	query_economic_indicator_data	"{""question"":""M5525763"",""beginDate"":""2024-01-01"",""endDate"":""2026-08-31""}"	a7a2ad762527674720aa5d2b81cd734e
2026-08-31T07:00:01.521+08:00[Asia/Shanghai]	137768516	query_economic_indicator_data	"{""question"":""M0061606,M0061610"",""beginDate"":""2026-08-28"",""endDate"":""2026-08-28""}"	b9d36ab98e2d3df944d3077f3e5eb8f1
2026-08-31T06:53:46.143+08:00[Asia/Shanghai]	110801013	query_economic_indicator_data	"{""question"":""美国10年期国债收益率"",""observation"":""2""}"	1080453a97cddfa3b73984bb440e1a68
2026-08-31T06:40:27.170+08:00[Asia/Shanghai]	144183518	query_economic_indicator_data	"{""question"":""M1001657"",""beginDate"":""2025-12-24"",""endDate"":""2026-08-31""}"	221ab292eecb476e65145588d4df2b08
2026-08-31T06:40:04.298+08:00[Asia/Shanghai]	110565349	search_economic_indicator	"{""question"":""日频即期汇率：美元兑人民币、美元兑日元、欧元兑美元、美元兑港元、美元兑新台币、美元兑韩元""}"	fe8a68c1e02ce5cccf7663c52b331125
2026-08-31T06:35:00.411+08:00[Asia/Shanghai]	140340387	query_economic_indicator_data	"{""question"":""M1001654,M1001657"",""beginDate"":""2025-07-27"",""endDate"":""2026-08-31""}"	6d00aa5856f2a3139fdc82774e53ff27
2026-08-31T06:34:36.744+08:00[Asia/Shanghai]	140340387	query_economic_indicator_data	"{""question"":""M0041371,M1006337,M1005158,M0000612,M0001227,M0017126,M5525763,M0001383,M0000271,M0341940,M5201622,M1001654,M1001657,M0041371,M0041653"",""beginDate"":""2023-08-27"",""endDate"":""2026-08-31""}"	408dc257d7d3ea45b04fa7db30f033e6
2026-08-31T06:33:29.991+08:00[Asia/Shanghai]	115082303	query_economic_indicator_data	"{""question"":""2026年8月28日 美元兑日元USDJPY汇率、美国10年期国债收益率、日本10年期国债收益率、WTI原油期货价格、伦敦现货黄金价格"",""endDate"":""2026-08-28"",""beginDate"":""2026-08-28""}"	2dfbb35fa7219af61cdb6e4fad17f472
2026-08-31T06:31:51.376+08:00[Asia/Shanghai]	144297336	query_economic_indicator_data	"{""question"":""M0325686"",""beginDate"":""2026-08-03"",""endDate"":""2026-08-28""}"	7e9a5b4a2cf114d28a4b022c37ee9d33
2026-08-31T06:31:50.812+08:00[Asia/Shanghai]	143967023	query_economic_indicator_data	"{""beginDate"":""2026-08-20"",""endDate"":""2026-08-31"",""question"":""G0001677,S0179733,G0003892,M0000271,S0180896,S0069669,S0029749""}"	176e075377ee6ad96d709044104ba1aa
2026-08-31T06:31:41.962+08:00[Asia/Shanghai]	144297336	query_economic_indicator_data	"{""question"":""M1001657"",""beginDate"":""2026-08-03"",""endDate"":""2026-08-28""}"	961c1609aebfcfc8602a6e0ea808d8a4
2026-08-31T06:31:39.927+08:00[Asia/Shanghai]	143967023	query_economic_indicator_data	"{""question"":""G0001677,S0179733,G0003892,M0000271,S0180896,S0069669,S0029749"",""observation"":3}"	fc5e1b5ede8a4c39c0b524a64e63a963
2026-08-31T06:26:01.664+08:00[Asia/Shanghai]	144269957	query_economic_indicator_data	"{""question"":""G1100075,G1168931,G1100038,G0003383"",""beginDate"":""20250528"",""endDate"":""20260831""}"	3dacd38d6ec89bd92852035faf8fb493
2026-08-31T06:25:39.003+08:00[Asia/Shanghai]	144269957	query_economic_indicator_data	"{""question"":""G0001672,G0001677,S0031645"",""beginDate"":""20250528"",""endDate"":""20260831""}"	8e6fc84f0184361096b6c6a44de43b23
2026-08-31T06:25:30.383+08:00[Asia/Shanghai]	144269957	query_economic_indicator_data	"{""question"":""A2055430"",""beginDate"":""20250528"",""endDate"":""20260831""}"	d143cfeb5af482eb1d396121befbd654
2026-08-31T06:25:23.346+08:00[Asia/Shanghai]	144269957	query_economic_indicator_data	"{""question"":""A2055430,G0002341,G0001671"",""beginDate"":""20250528"",""endDate"":""20260831""}"	4157573c4e0d549b69691776c8a23de7
2026-08-31T06:25:01.656+08:00[Asia/Shanghai]	101159309	search_economic_indicator	"{""question"":""光纤光缆价格 散纤价格 光纤预制棒""}"	678448115ff82788ad02764e345c7079
2026-08-31T06:24:30.711+08:00[Asia/Shanghai]	143922247	query_economic_indicator_data	"{""question"":""M1004902"",""beginDate"":""2015-01-01"",""endDate"":""2026-08-31""}"	565be1b8507fb9b9136709bc6b2850ac
2026-08-31T06:24:03.296+08:00[Asia/Shanghai]	143922247	query_economic_indicator_data	"{""question"":""M1010885"",""beginDate"":""2015-01-01"",""endDate"":""2026-08-31""}"	f1cda22245b2f6096f22e68d087fdcaa
2026-08-31T06:23:50.770+08:00[Asia/Shanghai]	143922247	query_economic_indicator_data	"{""question"":""M0325687,M0325686,M1006337,M0041653,M0041371"",""beginDate"":""2015-01-01"",""endDate"":""2026-08-31""}"	34ff1c0ddc70e529c21d96916e7eeab4
2026-08-31T06:23:08.285+08:00[Asia/Shanghai]	143922247	query_economic_indicator_data	"{""question"":""M0325686"",""beginDate"":""2026-08-20"",""endDate"":""2026-08-31""}"	194d793183bc1ab383ef1c83498d9081
2026-08-31T06:22:15.396+08:00[Asia/Shanghai]	143922247	query_economic_indicator_data	"{""question"":""M1006337,M0041739,M0041371"",""beginDate"":""2026-08-01"",""endDate"":""2026-08-31""}"	725c489bc10adeb2daf82bc270fc93cb
2026-08-31T06:21:42.072+08:00[Asia/Shanghai]	143922247	query_economic_indicator_data	"{""question"":""提取中债国债到期收益率10年数据"",""beginDate"":""2026-07-01"",""endDate"":""2026-08-31""}"	becf118f7ee08c2fa4294332741f8371
2026-08-31T06:21:01.068+08:00[Asia/Shanghai]	143922247	query_economic_indicator_data	"{""question"":""S0059749,S0059744,S0059752,M1004271"",""beginDate"":""2015-01-01"",""endDate"":""2026-08-31""}"	adbc8908b0543d0a9b54b172b1a5518a
2026-08-31T06:20:11.540+08:00[Asia/Shanghai]	143922247	search_economic_indicator	"{""question"":""7天逆回购操作利率""}"	ddaffea918db8e68774993e2e5ce4163
2026-08-31T06:18:19.942+08:00[Asia/Shanghai]	143922247	search_economic_indicator	"{""question"":""银行间质押式回购成交量""}"	5a737434905800760ff0f8991f822406
2026-08-31T06:18:14.931+08:00[Asia/Shanghai]	143922247	search_economic_indicator	"{""question"":""中债国债到期收益率30年""}"	25e4cb01896d121ef424db9d9b99c4de
2026-08-31T06:18:13.358+08:00[Asia/Shanghai]	143922247	search_economic_indicator	"{""question"":""M1货币供应量同比""}"	147189fb7398eb4d037466097290bab6
2026-08-31T06:18:10.076+08:00[Asia/Shanghai]	143922247	search_economic_indicator	"{""question"":""美国国债到期收益率10年""}"	ead542e566a6078ae3b7a36e7b54602b
2026-08-31T06:17:53.411+08:00[Asia/Shanghai]	143922247	search_economic_indicator	"{""question"":""1年期AAA同业存单到期收益率""}"	6e5988e23a6c03deddca35504839344b
2026-08-31T06:17:48.556+08:00[Asia/Shanghai]	143922247	search_economic_indicator	"{""question"":""社会融资规模存量同比增速""}"	1a345fd0b70bb6ada438763c707fc26d
2026-08-31T06:17:47.524+08:00[Asia/Shanghai]	143922247	search_economic_indicator	"{""question"":""中国制造业PMI""}"	5d140a4bf77a260eacdf5e07c56963d9
2026-08-31T06:17:32.984+08:00[Asia/Shanghai]	143922247	search_economic_indicator	"{""question"":""中债国债到期收益率1年""}"	85fe529dc2a42c333f696c6a8ef0aff0
2026-08-31T06:10:14.468+08:00[Asia/Shanghai]	143922247	search_economic_indicator	"{""question"":""中国制造业PMI""}"	b8d411b58b65813ce050c7653ef727b8
2026-08-31T06:09:43.352+08:00[Asia/Shanghai]	143922247	search_economic_indicator	"{""question"":""中债国债到期收益率10年期""}"	a0a8a311e7d93a300464d0c170742ee3
2026-08-31T06:07:27.410+08:00[Asia/Shanghai]	114987280	query_economic_indicator_data	"{""question"":""中国制造业PMI当月值"",""observation"":""6""}"	10d7d00a1df35d9d8ecfa9e28e6218b0
2026-08-31T06:07:27.361+08:00[Asia/Shanghai]	114987280	query_economic_indicator_data	"{""question"":""中国CPI当月同比"",""observation"":""4""}"	69a6bf61fc94d6cd9cab262559b024cf
2026-08-31T06:02:03.243+08:00[Asia/Shanghai]	143599764	query_economic_indicator_data	"{""question"":""伦敦金"",""observation"":""80""}"	05cfcedacd43a1faffc1616f06d004bc
2026-08-31T06:01:59.863+08:00[Asia/Shanghai]	143599764	query_economic_indicator_data	"{""question"":""美元指数"",""observation"":""80""}"	2fb35c53df3ec99a4438a68f57385f16
2026-08-31T06:01:52.894+08:00[Asia/Shanghai]	143599764	query_economic_indicator_data	"{""question"":""美国国债收益率10年"",""observation"":""80""}"	7d23aba990a9862f5733e6c6cc68e7ed
2026-08-31T06:01:49.606+08:00[Asia/Shanghai]	143599764	query_economic_indicator_data	"{""question"":""中国制造业PMI"",""observation"":""80""}"	eb9599862494843088d3bf79efe52eda
2026-08-31T06:01:44.452+08:00[Asia/Shanghai]	143599764	query_economic_indicator_data	"{""question"":""沪深300市盈率"",""observation"":""80""}"	6fa2143fb4bf11fbe2b5205d989b27aa
2026-08-31T06:01:37.237+08:00[Asia/Shanghai]	143599764	query_economic_indicator_data	"{""question"":""VIX指数"",""observation"":""80""}"	c8edf71bedc8bdb07bb71941d2e1dc09
2026-08-31T06:01:33.236+08:00[Asia/Shanghai]	143599764	query_economic_indicator_data	"{""question"":""美国ISM制造业PMI"",""observation"":""80""}"	3d2f804327fe02d87dae1458e0795790
2026-08-31T06:01:30.167+08:00[Asia/Shanghai]	143599764	query_economic_indicator_data	"{""question"":""标普500市盈率"",""observation"":""80""}"	d50d6b040107e513c3a657364aed629b
2026-08-31T06:01:09.462+08:00[Asia/Shanghai]	143599764	query_economic_indicator_data	"{""question"":""英国CPI环比同比"",""observation"":""60""}"	08b058acdfdc118bd6bc3765d40d83bd
2026-08-31T06:01:06.093+08:00[Asia/Shanghai]	143599764	query_economic_indicator_data	"{""question"":""日本CPI环比同比"",""observation"":""60""}"	325b7c02b16e23a31dca7afbbdf63328
2026-08-31T06:00:57.306+08:00[Asia/Shanghai]	143599764	query_economic_indicator_data	"{""question"":""中国CPI环比同比"",""observation"":""60""}"	6aec023432a6288b6fbb9792fa28203a
2026-08-31T06:00:24.579+08:00[Asia/Shanghai]	143551526	query_economic_indicator_data	"{""question"":""美元指数"",""observation"":""5""}"	5e49dfc4773e60bdc71dcccb9dd91753
2026-08-31T05:58:12.455+08:00[Asia/Shanghai]	143599764	query_economic_indicator_data	"{""question"":""伦敦金"",""observation"":""80""}"	5cf50cf2b143431f4cbcc44233b32280
2026-08-31T05:58:05.343+08:00[Asia/Shanghai]	143599764	query_economic_indicator_data	"{""question"":""布伦特原油期货收盘价"",""observation"":""80""}"	9f82e160eb4afcb75dcf0c6dec0415df
2026-08-31T05:58:01.911+08:00[Asia/Shanghai]	143599764	query_economic_indicator_data	"{""question"":""美国国债收益率10年"",""observation"":""80""}"	2e344ab6c87dbea1d525d092c973ec87
2026-08-31T05:57:58.605+08:00[Asia/Shanghai]	143599764	query_economic_indicator_data	"{""question"":""中国制造业PMI"",""observation"":""80""}"	fa4431d378e714baaf77a7ba0ae01a5e
2026-08-31T05:57:36.976+08:00[Asia/Shanghai]	143599764	query_economic_indicator_data	"{""question"":""标普500市盈率"",""observation"":""80""}"	055ad0eb715bd88ac90689e7e4d0e3c2
2026-08-31T05:57:12.968+08:00[Asia/Shanghai]	143599764	query_economic_indicator_data	"{""question"":""英国CPI环比同比"",""observation"":""60""}"	3d46d87d65da0830ccc09c0632572f2d
2026-08-31T05:57:07.779+08:00[Asia/Shanghai]	143599764	query_economic_indicator_data	"{""question"":""欧元区HICP环比同比"",""observation"":""60""}"	5cc034bd2aefeb0ef096ad51a10c4b71
2026-08-31T05:57:05.170+08:00[Asia/Shanghai]	143599764	query_economic_indicator_data	"{""question"":""美国CPI环比同比"",""observation"":""60""}"	bbb017b952fce9815fc498e37a74d0e4
2026-08-31T05:57:01.232+08:00[Asia/Shanghai]	143599764	query_economic_indicator_data	"{""question"":""中国CPI环比同比"",""observation"":""60""}"	c3bbd798ff40bf3c81ace8a45001a1be
2026-08-31T05:43:05.706+08:00[Asia/Shanghai]	144271678	search_economic_indicator	"{""question"":""涨停家数 跌停家数 全部A股""}"	4021d3ba1dc615f5a39045a56a30eb97
2026-08-31T05:42:53.449+08:00[Asia/Shanghai]	144271678	search_economic_indicator	"{""question"":""市场宽度 均线上方个股占比""}"	0dfd9a490e618e31df5c06b6f4d0e0da
2026-08-31T05:42:36.956+08:00[Asia/Shanghai]	144271678	search_economic_indicator	"{""question"":""A股上涨家数下跌家数""}"	62d2580322c8c4c1e845570a26a780d7
2026-08-31T05:37:55.532+08:00[Asia/Shanghai]	144297336	query_economic_indicator_data	"{""question"":""M0325686"",""beginDate"":""2026-08-24"",""endDate"":""2026-08-28""}"	9d5e67847d150c246005569ae711daa2
2026-08-31T05:37:09.909+08:00[Asia/Shanghai]	110565349	query_economic_indicator_data	"{""question"":""S0069669,S0180896,S0035819"",""beginDate"":""2026-08-01"",""endDate"":""2026-08-31""}"	2d569d9f198c80c568ae451d475a9113
2026-08-31T05:31:34.297+08:00[Asia/Shanghai]	144287588	query_economic_indicator_data	"{""observation"":6,""question"":""氧化镨钕最低价（稀土）S5809362 最近6期数据""}"	38e466c5344aa4dbb6bf20505982c4fd
2026-08-31T05:30:54.824+08:00[Asia/Shanghai]	144024978	query_economic_indicator_data	"{""question"":""港元兑人民币、美元兑人民币、欧元兑人民币、英镑兑人民币、澳元兑人民币、日元兑人民币即期汇率"",""beginDate"":""2026-08-28"",""endDate"":""2026-08-28""}"	d11c692bcc037c749a07c3ac60f201a6
2026-08-31T05:22:44.464+08:00[Asia/Shanghai]	110565349	search_economic_indicator	"{""question"":""伦敦金现货或COMEX黄金期货连续合约的日频收盘价指标""}"	6c2eea171d2fcc09d20ec3ffccd66909
2026-08-31T05:19:33.923+08:00[Asia/Shanghai]	110565349	query_economic_indicator_data	"{""question"":""S0029749,N7988382,S0260036"",""beginDate"":""2026-08-01"",""endDate"":""2026-08-31""}"	c20923965048eb0e3992f099a9c4e16f
2026-08-31T05:14:49.812+08:00[Asia/Shanghai]	110565349	query_economic_indicator_data	"{""question"":""S0059749"",""beginDate"":""2026-08-01"",""endDate"":""2026-08-31""}"	f083a07b47368657d709b7828b6bf36e
2026-08-31T05:12:18.724+08:00[Asia/Shanghai]	110565349	query_economic_indicator_data	"{""question"":""G1139859,G1139858,G1139856,G1139857,G1139851,G1139852,G1139853,G1139854"",""beginDate"":""2026-08-01"",""endDate"":""2026-08-31""}"	757f87faa372b3012dbc70e492c5cd22
2026-08-31T05:05:31.408+08:00[Asia/Shanghai]	110565349	query_economic_indicator_data	"{""question"":""M1001791,M1001787,G0001699"",""beginDate"":""2026-08-01"",""endDate"":""2026-08-31""}"	1d0068e8c635df0d41df84f25ca4b98c
2026-08-31T05:01:35.786+08:00[Asia/Shanghai]	110565349	search_economic_indicator	"{""question"":""伦敦金现货、WTI原油、布伦特原油、LME铜现货、碳酸锂期货主力连续的日频收盘价指标""}"	597cff3570743824454e2171e5d9bc17
2026-08-31T05:01:00.638+08:00[Asia/Shanghai]	110565349	search_economic_indicator	"{""question"":""美国 ISM 制造业 PMI 新订单指数""}"	ae8d70133c9484cf4e8a0c550a6587ef
2026-08-31T04:59:30.114+08:00[Asia/Shanghai]	110565349	search_economic_indicator	"{""question"":""中国10年期国债到期收益率、中国1年期国债到期收益率的日频指标""}"	1090b39399dbc179ed302a5f2a5ca250
2026-08-31T04:53:51.780+08:00[Asia/Shanghai]	110565349	query_economic_indicator_data	"{""question"":""G0001733,K4923171"",""beginDate"":""2024-01-01"",""endDate"":""2026-08-31""}"	c50a2fad69ca054b6f0dcc8db0451140
2026-08-31T04:53:51.105+08:00[Asia/Shanghai]	110565349	search_economic_indicator	"{""question"":""美国10年期国债收益率、2年期国债收益率、10年期通胀保值国债实际收益率、有效联邦基金利率的日频指标""}"	3c4f9736131bd1d815d6a195b6cec324
2026-08-31T04:49:25.789+08:00[Asia/Shanghai]	110565349	search_economic_indicator	"{""question"":""美国 私人固定投资 不变价 设备 非住宅 季调 折年数""}"	064e70c8f3ab7865b8299976e74e3960
2026-08-31T04:46:29.067+08:00[Asia/Shanghai]	110565349	search_economic_indicator	"{""question"":""美国 GDP 不变价 私人固定投资 非住宅 建筑结构 环比折年率""}"	a1fff00b69535304d2c647f95470fac7
2026-08-31T04:42:03.141+08:00[Asia/Shanghai]	110565349	search_economic_indicator	"{""question"":""美国 实际私人非住宅设备投资 季调折年数""}"	02060650c9d05ddb86765383739177ed
2026-08-31T04:39:06.910+08:00[Asia/Shanghai]	110565349	search_economic_indicator	"{""question"":""美国 GDP 不变价 国内私人固定投资 非住宅 设备 季调 环比折年率""}"	cc71bb6b40e7f3f99a9d5e80f74429e3
2026-08-31T04:29:25.840+08:00[Asia/Shanghai]	110565349	search_economic_indicator	"{""question"":""美国 实际私人非住宅固定投资 设备 知识产权产品 结构 环比折年率""}"	c10600ce8d0f433faac9499899101a2e
2026-08-31T04:21:51.104+08:00[Asia/Shanghai]	144257706	query_economic_indicator_data	"{""question"":""S0031645,M0000271"",""beginDate"":""2010-01-01"",""endDate"":""2010-12-31""}"	6c3fc5a48be80193424c596ba9a9f1ba
2026-08-31T04:20:31.147+08:00[Asia/Shanghai]	110565349	search_economic_indicator	"{""question"":""美国 核心资本品新订单 剔除国防和飞机 季调 金额""}"	b36dbd6fde0299eb88e0d945eab84467
2026-08-31T04:16:17.668+08:00[Asia/Shanghai]	110565349	search_economic_indicator	"{""question"":""美国 耐用品新订单 剔除运输 季调 环比""}"	2cec18da26cefdf4b21d547046b56992
2026-08-31T04:13:49.100+08:00[Asia/Shanghai]	110565349	search_economic_indicator	"{""question"":""美国 核心资本品 新订单 非国防资本品除飞机""}"	3c6f1d5a21f313d3373776e7d91e3885
2026-08-31T04:10:45.016+08:00[Asia/Shanghai]	110565349	search_economic_indicator	"{""question"":""美国 非国防资本品 不包括飞机 新订单 季调""}"	72c528621a63c7bbd771f8edd5b9c95a
2026-08-31T04:05:20.735+08:00[Asia/Shanghai]	144369109	query_economic_indicator_data	"{""question"":""S0031714"",""beginDate"":""2026-01-01"",""endDate"":""2026-06-30""}"	7b1f094a300381d99629c34e520c6dba
2026-08-31T04:05:12.968+08:00[Asia/Shanghai]	144369109	query_economic_indicator_data	"{""question"":""S0031714"",""beginDate"":""2026-01-01"",""endDate"":""2026-08-28""}"	862d23cc09a99ccc71b74f706efbb1a2
2026-08-31T04:05:08.127+08:00[Asia/Shanghai]	144369109	query_economic_indicator_data	"{""question"":""S0031714"",""beginDate"":""2025-01-01"",""endDate"":""2025-12-31""}"	f282060cb5f5c1d034c5d3e4846b2336
2026-08-31T04:05:01.898+08:00[Asia/Shanghai]	144369109	query_economic_indicator_data	"{""question"":""S0031714"",""beginDate"":""2024-01-01"",""endDate"":""2024-12-31""}"	6f4a14794f0701c571cc940d7ed5c9bc
2026-08-31T04:04:50.399+08:00[Asia/Shanghai]	144369109	query_economic_indicator_data	"{""question"":""S0031714"",""beginDate"":""2021-01-01"",""endDate"":""2021-12-31""}"	e8d45f62b008bfadebb9a32206528ebe
2026-08-31T04:04:34.401+08:00[Asia/Shanghai]	144369109	query_economic_indicator_data	"{""question"":""S0031714"",""beginDate"":""2025-01-01"",""endDate"":""2025-12-31""}"	382f296879ecd149dea76c0afab3ec2b
2026-08-31T04:04:15.961+08:00[Asia/Shanghai]	144369109	query_economic_indicator_data	"{""question"":""S0031714"",""beginDate"":""2026-08-01"",""endDate"":""2026-08-28""}"	163335096162b66b70d22d447cc9e0b1
2026-08-31T04:03:54.873+08:00[Asia/Shanghai]	144369109	search_economic_indicator	"{""question"":""国内棉花现货价格""}"	d4dae5447bf19c04c7524230a7aaee63
2026-08-31T04:03:50.076+08:00[Asia/Shanghai]	144369109	search_economic_indicator	"{""question"":""中国棉花价格指数328""}"	38f1a7ab7a1e848ce172b1c3e9ba81d2
2026-08-31T04:03:27.982+08:00[Asia/Shanghai]	144369109	search_economic_indicator	"{""question"":""中国棉花价格指数 CCIndex 3128B 月度""}"	0898bd95e419c9e4caf3ad65022e483e
2026-08-31T04:00:26.001+08:00[Asia/Shanghai]	144458479	query_economic_indicator_data	"{""question"":""M0265860"",""beginDate"":""2010-01-01"",""endDate"":""2026-08-31""}"	3477b3c010582efebebc5db04b1d8366
2026-08-31T03:57:41.685+08:00[Asia/Shanghai]	144458479	search_economic_indicator	"{""question"":""中债新综合净价指数 M0265860""}"	813d7a91f56a1806bab1addc326569ef
2026-08-31T03:57:04.872+08:00[Asia/Shanghai]	110565349	search_economic_indicator	"{""question"":""美国 制造业 非农就业 存量 总人数 CES""}"	e07ff362a36ae1e1400e190b171241a5
2026-08-31T03:55:27.425+08:00[Asia/Shanghai]	110565349	search_economic_indicator	"{""question"":""美国 非农就业人数 制造业""}"	73357c938530cc1849b5c1d3b1687a91
2026-08-31T03:53:29.168+08:00[Asia/Shanghai]	110565349	search_economic_indicator	"{""question"":""美国 制造业 就业人数 所有雇员 季调 千人""}"	ebbbb1454d74e0e573bd39c6e7cda8e8
2026-08-31T03:51:56.955+08:00[Asia/Shanghai]	110565349	query_economic_indicator_data	"{""question"":""G1131020,Q7534217,V4607457,U2749190"",""beginDate"":""2025-01-01"",""endDate"":""2026-08-31""}"	a59ce611fc1f1472b4281dac3b297510
2026-08-31T03:50:14.919+08:00[Asia/Shanghai]	110565349	search_economic_indicator	"{""question"":""美国 制造业 非农就业人数 平均时薪 总工时指数 劳动生产率""}"	13dd81726a60b056d0cae34be7f0c28f
2026-08-31T03:46:10.078+08:00[Asia/Shanghai]	110565349	query_economic_indicator_data	"{""question"":""G0003557,G0003571"",""beginDate"":""2024-01-01"",""endDate"":""2026-08-31""}"	9916dccef701fe87c332a688cbdc0f55
2026-08-31T03:44:55.118+08:00[Asia/Shanghai]	144257706	query_economic_indicator_data	"{""question"":""S0031645,M0000271"",""beginDate"":""2026-08-24"",""endDate"":""2026-08-29""}"	06ce26e0864dc0b604dd91f849216af4
2026-08-31T03:44:35.129+08:00[Asia/Shanghai]	144257706	search_economic_indicator	"{""question"":""美国美元指数日频指标""}"	d21adb21665a14252d1ebafbf391be73
2026-08-31T03:44:25.676+08:00[Asia/Shanghai]	144257706	search_economic_indicator	"{""question"":""伦敦金现货价格""}"	318ffd4cf00ecee33dba9ab8d5bfcc74
2026-08-31T03:44:05.174+08:00[Asia/Shanghai]	144257706	search_economic_indicator	"{""question"":""伦敦金现货美元/盎司日频价格指标""}"	34110782dd40af899faa4c1cadfa94df
2026-08-31T03:41:41.797+08:00[Asia/Shanghai]	144257706	query_economic_indicator_data	"{""question"":""美国10年期国债收益率日度"",""observation"":""10""}"	f5f360c85a2329f96f37a1fcf388cc8e
2026-08-31T03:41:39.071+08:00[Asia/Shanghai]	144257706	query_economic_indicator_data	"{""question"":""中国制造业采购经理指数PMI月度"",""observation"":""5""}"	fa8af3bc350f83ae10ba0a06cc132d9b
2026-08-31T03:41:24.006+08:00[Asia/Shanghai]	144378782	query_economic_indicator_data	"{""question"":""M0000612"",""beginDate"":""2026-01-01"",""endDate"":""2026-07-01""}"	8113bd4c433f9669e325162be2caa0b5
2026-08-31T03:41:07.493+08:00[Asia/Shanghai]	144257706	query_economic_indicator_data	"{""question"":""S0031645"",""beginDate"":""2025-05-01"",""endDate"":""2026-08-31""}"	5e6cfc2c85227e05ca0f99d0a99425ff
2026-08-31T03:40:48.713+08:00[Asia/Shanghai]	110565349	search_economic_indicator	"{""question"":""美国制造业建筑支出 季调折年率 总额 同比""}"	f923abb6ed813917776a2c7a71c84e11
2026-08-31T03:34:51.837+08:00[Asia/Shanghai]	110565349	query_economic_indicator_data	"{""question"":""G1120948,G1110601"",""beginDate"":""2025-01-01"",""endDate"":""2026-08-31""}"	db18d7068a74ef128e2f3a6849773846
2026-08-31T03:31:22.332+08:00[Asia/Shanghai]	110565349	search_economic_indicator	"{""question"":""美国制造业工业生产指数和制造业产能利用率指标""}"	abd49557088ebb1eb6924f592e95afde
2026-08-31T03:31:04.004+08:00[Asia/Shanghai]	143841933	search_economic_indicator	"{""question"":""中国M2同比""}"	fd79a78a9b476247f44f8c705a57a815
2026-08-31T03:31:03.447+08:00[Asia/Shanghai]	143841933	search_economic_indicator	"{""question"":""中国M2同比""}"	9d181151776b469b09b8ef4fe9bd68b9
2026-08-31T03:30:48.457+08:00[Asia/Shanghai]	143841933	search_economic_indicator	"{""question"":""中国M2同比""}"	8a169824798dde35253e4a02b1226c3b
2026-08-31T03:30:44.253+08:00[Asia/Shanghai]	143841933	search_economic_indicator	"{""question"":""中国M2同比""}"	05978376fe98638b1e5e892256978549
2026-08-31T03:30:29.783+08:00[Asia/Shanghai]	143841933	search_economic_indicator	"{""question"":""中国M2同比""}"	cd5ac345785a9d00251ba58ec673adb8
2026-08-31T03:30:29.193+08:00[Asia/Shanghai]	143841933	search_economic_indicator	"{""question"":""中国M2同比""}"	4716e6a5eaf078a6deb5f3c74a4c625b
2026-08-31T03:30:24.581+08:00[Asia/Shanghai]	143841933	search_economic_indicator	"{""question"":""中国M2同比""}"	c7d8107567a4b47e5452dc71fca9f796
2026-08-31T03:30:23.992+08:00[Asia/Shanghai]	143841933	search_economic_indicator	"{""question"":""中国M2同比""}"	4af3f1dd73676475c545e1855dc155da
2026-08-31T03:30:16.472+08:00[Asia/Shanghai]	143841933	search_economic_indicator	"{""question"":""中国M2同比""}"	a7ca1343112632a31df262565d6189b0
2026-08-31T03:30:12.274+08:00[Asia/Shanghai]	143841933	search_economic_indicator	"{""question"":""中国M2同比""}"	a2eefbbf2eebbb04b9ad3b5375117703
2026-08-31T03:29:46.453+08:00[Asia/Shanghai]	143841933	search_economic_indicator	"{""question"":""中国M2同比""}"	dc60cad9a23beb82abb1a4b711cb542d
2026-08-31T03:29:45.945+08:00[Asia/Shanghai]	143841933	search_economic_indicator	"{""question"":""中国M2同比""}"	2205e13f0c355bbdb6f34f6631b0e5d2
2026-08-31T03:14:37.334+08:00[Asia/Shanghai]	143864303	search_economic_indicator	"{""question"":""人民币兑港币汇率 即期中间价 港币兑人民币""}"	3d675c816f4e3a21973da465efa6d34d
2026-08-31T02:58:14.177+08:00[Asia/Shanghai]	143841933	query_economic_indicator_data	"{""question"":""S0148009"",""beginDate"":""2026-07-01"",""endDate"":""2026-08-31""}"	62ea8540488130e78bacdd69c3bfe23e
2026-08-31T02:58:13.628+08:00[Asia/Shanghai]	143841933	query_economic_indicator_data	"{""question"":""S0147309"",""beginDate"":""2026-07-01"",""endDate"":""2026-08-31""}"	a17babe3b65d7b6761551edbe46bede2
2026-08-31T02:58:12.645+08:00[Asia/Shanghai]	143841933	query_economic_indicator_data	"{""question"":""S0147297"",""beginDate"":""2026-07-01"",""endDate"":""2026-08-31""}"	0a692dda7058388e3e149d8a6cc6342a
2026-08-31T02:58:12.125+08:00[Asia/Shanghai]	143841933	query_economic_indicator_data	"{""question"":""S0148016"",""beginDate"":""2026-07-01"",""endDate"":""2026-08-31""}"	7a47dc298f0f56a17fca27dade07b508
2026-08-31T02:58:11.576+08:00[Asia/Shanghai]	143841933	query_economic_indicator_data	"{""question"":""S0147316"",""beginDate"":""2026-07-01"",""endDate"":""2026-08-31""}"	ee7fa5d01db6e3e2cc7346cb944b2150
2026-08-31T02:58:10.572+08:00[Asia/Shanghai]	143841933	query_economic_indicator_data	"{""question"":""S0147306"",""beginDate"":""2026-07-01"",""endDate"":""2026-08-31""}"	cea65a6495e0cf3046f3aa91d5334f3a
2026-08-31T02:58:10.002+08:00[Asia/Shanghai]	143841933	query_economic_indicator_data	"{""question"":""S0148012"",""beginDate"":""2026-07-01"",""endDate"":""2026-08-31""}"	874fe0fb7826d13bfc8c364b99995aa0
2026-08-31T02:58:09.465+08:00[Asia/Shanghai]	143841933	query_economic_indicator_data	"{""question"":""S0147997"",""beginDate"":""2026-07-01"",""endDate"":""2026-08-31""}"	e2d7700bf94c95444d747d2b5e2f730f
2026-08-31T02:58:09.045+08:00[Asia/Shanghai]	143841933	query_economic_indicator_data	"{""question"":""S0148015"",""beginDate"":""2026-07-01"",""endDate"":""2026-08-31""}"	58ed00ad387a64abcb5741b91e9f7948
2026-08-31T02:58:08.583+08:00[Asia/Shanghai]	143841933	query_economic_indicator_data	"{""question"":""S0147315"",""beginDate"":""2026-07-01"",""endDate"":""2026-08-31""}"	5c94814003d4aef1249eab4ff8525115
2026-08-31T02:58:07.402+08:00[Asia/Shanghai]	143841933	query_economic_indicator_data	"{""question"":""S0148006"",""beginDate"":""2026-07-01"",""endDate"":""2026-08-31""}"	d9b68c00aa85425912cb6bbb4ed1fa8a
2026-08-31T02:58:05.819+08:00[Asia/Shanghai]	143841933	query_economic_indicator_data	"{""question"":""S0147312"",""beginDate"":""2026-07-01"",""endDate"":""2026-08-31""}"	825cd4b10b6cbcc560ba52f4d546428d
2026-08-31T02:58:04.391+08:00[Asia/Shanghai]	143841933	query_economic_indicator_data	"{""question"":""M0001385"",""beginDate"":""2026-07-01"",""endDate"":""2026-08-31""}"	f071d69c10fc2218b34413ed14b59583
2026-08-31T02:57:14.901+08:00[Asia/Shanghai]	143841933	query_economic_indicator_data	"{""question"":""M0001385"",""beginDate"":""2026-07-01"",""endDate"":""2026-08-31""}"	4b97497144df96e80bf52a6b00fb32cb
2026-08-31T02:55:05.688+08:00[Asia/Shanghai]	143841933	query_economic_indicator_data	"{""question"":""S0148009"",""beginDate"":""2026-06-01"",""endDate"":""2026-08-31""}"	69b8a7350e125d8cce667fafd753f74e
2026-08-31T02:55:05.242+08:00[Asia/Shanghai]	143841933	query_economic_indicator_data	"{""question"":""S0147309"",""beginDate"":""2026-06-01"",""endDate"":""2026-08-31""}"	6c454223f1b3b8590923975b1c3d0540
2026-08-31T02:55:04.786+08:00[Asia/Shanghai]	143841933	query_economic_indicator_data	"{""question"":""S0147997"",""beginDate"":""2026-06-01"",""endDate"":""2026-08-31""}"	788e6d5c344fb2b92e1ba10fb0f4c235
2026-08-31T02:55:04.252+08:00[Asia/Shanghai]	143841933	query_economic_indicator_data	"{""question"":""S0147297"",""beginDate"":""2026-06-01"",""endDate"":""2026-08-31""}"	f47bee57d803c84ba366487f7cbbf23a
2026-08-31T02:55:03.776+08:00[Asia/Shanghai]	143841933	query_economic_indicator_data	"{""question"":""S0148016"",""beginDate"":""2026-06-01"",""endDate"":""2026-08-31""}"	c2a6b21787a209bd88f99a0027676f04
2026-08-31T02:55:02.809+08:00[Asia/Shanghai]	143841933	query_economic_indicator_data	"{""question"":""S0148006"",""beginDate"":""2026-06-01"",""endDate"":""2026-08-31""}"	515913720f775164c44718d9dd7a788e
2026-08-31T02:55:02.341+08:00[Asia/Shanghai]	143841933	query_economic_indicator_data	"{""question"":""S0147306"",""beginDate"":""2026-06-01"",""endDate"":""2026-08-31""}"	938b0c72639dfa9335f0cab729260071
2026-08-31T02:55:01.806+08:00[Asia/Shanghai]	143841933	query_economic_indicator_data	"{""question"":""S0148012"",""beginDate"":""2026-06-01"",""endDate"":""2026-08-31""}"	8e32ceb5dd0e35a58940989fa7209c0c
2026-08-31T02:55:01.314+08:00[Asia/Shanghai]	143841933	query_economic_indicator_data	"{""question"":""S0147312"",""beginDate"":""2026-06-01"",""endDate"":""2026-08-31""}"	07210a56fbdf6b0345764cb2792984b1
2026-08-31T02:55:00.790+08:00[Asia/Shanghai]	143841933	query_economic_indicator_data	"{""question"":""S0148015"",""beginDate"":""2026-06-01"",""endDate"":""2026-08-31""}"	e94044396b56d4984a239f21ab182d29
2026-08-31T02:55:00.283+08:00[Asia/Shanghai]	143841933	query_economic_indicator_data	"{""question"":""S0147315"",""beginDate"":""2026-06-01"",""endDate"":""2026-08-31""}"	8f1069df0528ef8daf9d3e6bac478e02
2026-08-31T02:54:59.752+08:00[Asia/Shanghai]	143841933	query_economic_indicator_data	"{""question"":""M0001385"",""beginDate"":""2026-06-01"",""endDate"":""2026-08-31""}"	9bf46b1c8ea1ea0c169ec41a226d04a6
2026-08-31T02:54:59.617+08:00[Asia/Shanghai]	143841933	query_economic_indicator_data	"{""question"":""S0147316"",""beginDate"":""2026-06-01"",""endDate"":""2026-08-31""}"	081014e51b8bfad056143e1835e82f52
2026-08-31T02:54:42.880+08:00[Asia/Shanghai]	143841933	query_economic_indicator_data	"{""question"":""S0148009"",""beginDate"":""2026-06-01"",""endDate"":""2026-08-31""}"	259e2aa12e05a142c39646073cece8b9
2026-08-31T02:54:42.371+08:00[Asia/Shanghai]	143841933	query_economic_indicator_data	"{""question"":""S0147309"",""beginDate"":""2026-06-01"",""endDate"":""2026-08-31""}"	7d74ad11e12ef944fdbf61fc0d495334
2026-08-31T02:54:41.858+08:00[Asia/Shanghai]	143841933	query_economic_indicator_data	"{""question"":""S0147997"",""beginDate"":""2026-06-01"",""endDate"":""2026-08-31""}"	17d010c8b84393f489bbb1b8807dcf45
2026-08-31T02:54:41.344+08:00[Asia/Shanghai]	143841933	query_economic_indicator_data	"{""question"":""S0147297"",""beginDate"":""2026-06-01"",""endDate"":""2026-08-31""}"	d0ff4f04cbe2ca4438ef6f5ad4a95c21
2026-08-31T02:54:40.852+08:00[Asia/Shanghai]	143841933	query_economic_indicator_data	"{""question"":""S0148016"",""beginDate"":""2026-06-01"",""endDate"":""2026-08-31""}"	f06dd01f330e425e40e5cf2fe46c7b2e
2026-08-31T02:54:40.308+08:00[Asia/Shanghai]	143841933	query_economic_indicator_data	"{""question"":""S0147316"",""beginDate"":""2026-06-01"",""endDate"":""2026-08-31""}"	5f12b157b691e6d53800d36b7f8a9ec3
2026-08-31T02:54:39.794+08:00[Asia/Shanghai]	143841933	query_economic_indicator_data	"{""question"":""S0148006"",""beginDate"":""2026-06-01"",""endDate"":""2026-08-31""}"	fac0f9f100ace54dd3a703c6c4162cf6
2026-08-31T02:54:35.588+08:00[Asia/Shanghai]	143841933	query_economic_indicator_data	"{""question"":""S0147306"",""beginDate"":""2026-06-01"",""endDate"":""2026-08-31""}"	418f7ff7ce10696ea90ca0bc9cce4a69
2026-08-31T02:54:25.674+08:00[Asia/Shanghai]	143841933	query_economic_indicator_data	"{""question"":""S0148012"",""beginDate"":""2026-06-01"",""endDate"":""2026-08-31""}"	85f532a792eee1d63ddc8f460ee5a88d
2026-08-31T02:54:25.177+08:00[Asia/Shanghai]	143841933	query_economic_indicator_data	"{""question"":""S0147312"",""beginDate"":""2026-06-01"",""endDate"":""2026-08-31""}"	52c67695ec304666f5f1bff5124fa710
2026-08-31T02:54:24.173+08:00[Asia/Shanghai]	143841933	query_economic_indicator_data	"{""question"":""S0147315"",""beginDate"":""2026-06-01"",""endDate"":""2026-08-31""}"	1aab817fbecf33db8699e73efbaae444
2026-08-31T02:54:23.652+08:00[Asia/Shanghai]	143841933	query_economic_indicator_data	"{""question"":""M0001385"",""beginDate"":""2026-06-01"",""endDate"":""2026-08-31""}"	8df62a8628ded5c9af90a7821e0a1ea4
2026-08-31T02:54:22.108+08:00[Asia/Shanghai]	143841933	query_economic_indicator_data	"{""question"":""S0148009"",""beginDate"":""2026-06-01"",""endDate"":""2026-08-31""}"	0bcfa9255063cc9d7a3002308c289367
2026-08-31T02:54:21.555+08:00[Asia/Shanghai]	143841933	query_economic_indicator_data	"{""question"":""S0147309"",""beginDate"":""2026-06-01"",""endDate"":""2026-08-31""}"	79fd771dd6dcf02f9290fbeafc340b28
2026-08-31T02:54:21.065+08:00[Asia/Shanghai]	143841933	query_economic_indicator_data	"{""question"":""S0147997"",""beginDate"":""2026-06-01"",""endDate"":""2026-08-31""}"	98274ac0181a4733888ad44ce675ab76
2026-08-31T02:54:21.015+08:00[Asia/Shanghai]	143841933	query_economic_indicator_data	"{""question"":""S0148015"",""beginDate"":""2026-06-01"",""endDate"":""2026-08-31""}"	4cacc529350031a07f5a16bf9102845b
2026-08-31T02:54:20.480+08:00[Asia/Shanghai]	143841933	query_economic_indicator_data	"{""question"":""S0147297"",""beginDate"":""2026-06-01"",""endDate"":""2026-08-31""}"	cb5ce71e7ec103f583144a5200c730d1
2026-08-31T02:54:20.029+08:00[Asia/Shanghai]	143841933	query_economic_indicator_data	"{""question"":""S0148016"",""beginDate"":""2026-06-01"",""endDate"":""2026-08-31""}"	626edfa38f14f75777a1bc93845c2586
2026-08-31T02:54:19.516+08:00[Asia/Shanghai]	143841933	query_economic_indicator_data	"{""question"":""S0147316"",""beginDate"":""2026-06-01"",""endDate"":""2026-08-31""}"	ef3c39b3bea92feb22a1ffde46ff1bec
2026-08-31T02:54:19.036+08:00[Asia/Shanghai]	143841933	query_economic_indicator_data	"{""question"":""S0148006"",""beginDate"":""2026-06-01"",""endDate"":""2026-08-31""}"	9c43fbbffaecde2d9f58a30e0d2b351d
2026-08-31T02:54:18.496+08:00[Asia/Shanghai]	143841933	query_economic_indicator_data	"{""question"":""S0147306"",""beginDate"":""2026-06-01"",""endDate"":""2026-08-31""}"	6153772614c8e78b762cf071d06bb955
2026-08-31T02:54:17.971+08:00[Asia/Shanghai]	143841933	query_economic_indicator_data	"{""question"":""S0148012"",""beginDate"":""2026-06-01"",""endDate"":""2026-08-31""}"	967f60c780719052ac014c707495f2cf
2026-08-31T02:54:17.455+08:00[Asia/Shanghai]	143841933	query_economic_indicator_data	"{""question"":""S0147312"",""beginDate"":""2026-06-01"",""endDate"":""2026-08-31""}"	5ff6b184352171870a67599b8d25f08c
2026-08-31T02:54:16.914+08:00[Asia/Shanghai]	143841933	query_economic_indicator_data	"{""question"":""S0148015"",""beginDate"":""2026-06-01"",""endDate"":""2026-08-31""}"	24e9ca0b671ace0150abe774073eb5f3
2026-08-31T02:54:15.929+08:00[Asia/Shanghai]	143841933	query_economic_indicator_data	"{""question"":""M0001385"",""beginDate"":""2026-06-01"",""endDate"":""2026-08-31""}"	e400b2267dbdbbfe6d48d00022e6bf4e
2026-08-31T02:54:12.736+08:00[Asia/Shanghai]	143841933	query_economic_indicator_data	"{""question"":""S0147315"",""beginDate"":""2026-06-01"",""endDate"":""2026-08-31""}"	863eeadaddbe6f6ae247314909aabf5d
2026-08-31T02:53:41.361+08:00[Asia/Shanghai]	144214557	query_economic_indicator_data	"{""question"":""产成品存货"",""beginDate"":""2010-01-01"",""endDate"":""2010-12-31""}"	b33fc142189e06651c918b1fad44a8ca
2026-08-31T02:53:34.649+08:00[Asia/Shanghai]	143841933	query_economic_indicator_data	"{""question"":""S0148009"",""beginDate"":""2026-06-01"",""endDate"":""2026-08-31""}"	e01138648bbbe68833f172322b8d78b9
2026-08-31T02:53:34.160+08:00[Asia/Shanghai]	143841933	query_economic_indicator_data	"{""question"":""S0147309"",""beginDate"":""2026-06-01"",""endDate"":""2026-08-31""}"	0daf54394f300ee73ceaca3e6176b1c7
2026-08-31T02:53:33.601+08:00[Asia/Shanghai]	143841933	query_economic_indicator_data	"{""question"":""S0147997"",""beginDate"":""2026-06-01"",""endDate"":""2026-08-31""}"	c6614bfbd875f23f8cac7c168ad1bde4
2026-08-31T02:53:33.055+08:00[Asia/Shanghai]	143841933	query_economic_indicator_data	"{""question"":""S0147297"",""beginDate"":""2026-06-01"",""endDate"":""2026-08-31""}"	fa303a81c5d8eb95e4d78d96a2e6ffee
2026-08-31T02:53:32.560+08:00[Asia/Shanghai]	143841933	query_economic_indicator_data	"{""question"":""S0148016"",""beginDate"":""2026-06-01"",""endDate"":""2026-08-31""}"	abff177727e5aa20cc1cf8473220b3d8
2026-08-31T02:53:32.008+08:00[Asia/Shanghai]	143841933	query_economic_indicator_data	"{""question"":""S0147316"",""beginDate"":""2026-06-01"",""endDate"":""2026-08-31""}"	9044cd17c5ef92b855408eafc1a2880b
2026-08-31T02:53:31.565+08:00[Asia/Shanghai]	143841933	query_economic_indicator_data	"{""question"":""S0148006"",""beginDate"":""2026-06-01"",""endDate"":""2026-08-31""}"	d8f6efa631448de057997e26e026abef
2026-08-31T02:53:31.076+08:00[Asia/Shanghai]	143841933	query_economic_indicator_data	"{""question"":""S0147306"",""beginDate"":""2026-06-01"",""endDate"":""2026-08-31""}"	d350eed31b55660d0bbb1bc249fc751f
2026-08-31T02:53:30.591+08:00[Asia/Shanghai]	143841933	query_economic_indicator_data	"{""question"":""S0148012"",""beginDate"":""2026-06-01"",""endDate"":""2026-08-31""}"	1c8096ca765f7316c035bddb933ff794
2026-08-31T02:53:30.135+08:00[Asia/Shanghai]	143841933	query_economic_indicator_data	"{""question"":""S0147312"",""beginDate"":""2026-06-01"",""endDate"":""2026-08-31""}"	9c7399b4e15c94a649f0d6bf5f37a93a
2026-08-31T02:53:29.582+08:00[Asia/Shanghai]	143841933	query_economic_indicator_data	"{""question"":""S0148015"",""beginDate"":""2026-06-01"",""endDate"":""2026-08-31""}"	922137ab0b735ed3ce148c78a731fc3d
2026-08-31T02:53:29.052+08:00[Asia/Shanghai]	143841933	query_economic_indicator_data	"{""question"":""S0147315"",""beginDate"":""2026-06-01"",""endDate"":""2026-08-31""}"	dbca972a74b0b3a500d8816a2cb7d613
2026-08-31T02:53:28.568+08:00[Asia/Shanghai]	143841933	query_economic_indicator_data	"{""question"":""M0001385"",""beginDate"":""2026-06-01"",""endDate"":""2026-08-31""}"	abb651bf409390e488b091f9617474b3
2026-08-31T02:53:21.532+08:00[Asia/Shanghai]	144214557	query_economic_indicator_data	"{""question"":""S0044751"",""beginDate"":""2022-01-01"",""endDate"":""2026-08-31""}"	be18b87c1d88a4d70985e7af536d5bf1
2026-08-31T02:53:15.328+08:00[Asia/Shanghai]	143841933	search_economic_indicator	"{""question"":""中国M2同比""}"	955926deebf00b462cf465991059b5f4
2026-08-31T02:53:12.165+08:00[Asia/Shanghai]	143841933	query_economic_indicator_data	"{""question"":""M0001385"",""beginDate"":""2026-01-01"",""endDate"":""2026-08-31""}"	5ce648ae82adb083d5bb97b64f0505c5
2026-08-31T02:53:03.977+08:00[Asia/Shanghai]	144214557	query_economic_indicator_data	"{""question"":""中国:CPI:不包括食品和能源(核心CPI)"",""beginDate"":""2013-01-01"",""endDate"":""2013-06-30""}"	f3137c17727e93b55325cdc65b47062f
2026-08-31T02:52:58.486+08:00[Asia/Shanghai]	144214557	query_economic_indicator_data	"{""question"":""中国中小企业发展指数"",""beginDate"":""2010-01-01"",""endDate"":""2012-12-31""}"	0243a4ed9a9c3598ec239cc1fc4b25e9
2026-08-31T02:52:57.313+08:00[Asia/Shanghai]	144214557	query_economic_indicator_data	"{""question"":""金融机构人民币贷款加权平均利率"",""beginDate"":""2008-01-01"",""endDate"":""2011-12-31""}"	fb698a634b1747c356eb597b7fdecf80
2026-08-31T02:52:56.037+08:00[Asia/Shanghai]	144214557	query_economic_indicator_data	"{""question"":""平板玻璃产量"",""beginDate"":""2010-01-01"",""endDate"":""2011-06-30""}"	80fa722a6f9d4a765726f35099031a6b
2026-08-31T02:52:55.854+08:00[Asia/Shanghai]	144214557	query_economic_indicator_data	"{""question"":""中国进口干散货运价指数综合指数"",""beginDate"":""2011-01-01"",""endDate"":""2014-06-30""}"	ffd971f6199eda889747022171dceef0
2026-08-31T02:52:51.982+08:00[Asia/Shanghai]	144214557	query_economic_indicator_data	"{""question"":""S0044751"",""beginDate"":""2019-01-01"",""endDate"":""2021-12-31""}"	d2dd38c02ae9fb2647ee4fba68fe5903
2026-08-31T02:52:21.233+08:00[Asia/Shanghai]	143841933	query_economic_indicator_data	"{""question"":""S0148009"",""beginDate"":""2026-06-01"",""endDate"":""2026-08-31""}"	b179e2a71298069e25916cff52e7a30e
2026-08-31T02:52:20.785+08:00[Asia/Shanghai]	143841933	query_economic_indicator_data	"{""question"":""S0147309"",""beginDate"":""2026-06-01"",""endDate"":""2026-08-31""}"	a1173c287d044a6d0428262f270f69a4
2026-08-31T02:52:20.229+08:00[Asia/Shanghai]	143841933	query_economic_indicator_data	"{""question"":""S0147997"",""beginDate"":""2026-06-01"",""endDate"":""2026-08-31""}"	ddc712d19a929a2a9b568759093ed219
2026-08-31T02:52:19.734+08:00[Asia/Shanghai]	143841933	query_economic_indicator_data	"{""question"":""S0147297"",""beginDate"":""2026-06-01"",""endDate"":""2026-08-31""}"	6d46dd27afccd250afc08827d55626bc
2026-08-31T02:52:19.219+08:00[Asia/Shanghai]	143841933	query_economic_indicator_data	"{""question"":""S0148016"",""beginDate"":""2026-06-01"",""endDate"":""2026-08-31""}"	cbaf202cbedf15bf2a5a1851f74c21f7
2026-08-31T02:52:18.700+08:00[Asia/Shanghai]	143841933	query_economic_indicator_data	"{""question"":""S0147316"",""beginDate"":""2026-06-01"",""endDate"":""2026-08-31""}"	5bd8dce6edfcf5a62e920c45512ed7c4
2026-08-31T02:52:18.181+08:00[Asia/Shanghai]	143841933	query_economic_indicator_data	"{""question"":""S0148006"",""beginDate"":""2026-06-01"",""endDate"":""2026-08-31""}"	8c78c2fbec11bbc1ae944a98c4f62dfe
2026-08-31T02:52:17.647+08:00[Asia/Shanghai]	143841933	query_economic_indicator_data	"{""question"":""S0147306"",""beginDate"":""2026-06-01"",""endDate"":""2026-08-31""}"	b7d8546f51db940742220294e7d9a02d
2026-08-31T02:52:17.157+08:00[Asia/Shanghai]	143841933	query_economic_indicator_data	"{""question"":""S0148012"",""beginDate"":""2026-06-01"",""endDate"":""2026-08-31""}"	211b3d53a03b475fb4821127b834cd9f
2026-08-31T02:52:16.720+08:00[Asia/Shanghai]	143841933	query_economic_indicator_data	"{""question"":""S0147312"",""beginDate"":""2026-06-01"",""endDate"":""2026-08-31""}"	3e85a918ea8f13d191eaca36c4b6c2ac
2026-08-31T02:52:15.690+08:00[Asia/Shanghai]	143841933	query_economic_indicator_data	"{""question"":""S0147315"",""beginDate"":""2026-06-01"",""endDate"":""2026-08-31""}"	a3ec46c1b958b6081bd475980cc19a0e
2026-08-31T02:52:15.177+08:00[Asia/Shanghai]	143841933	query_economic_indicator_data	"{""question"":""S0148009"",""beginDate"":""2026-06-01"",""endDate"":""2026-08-31""}"	c4bb163b66569a88fb30a21ed1bcf161
2026-08-31T02:52:14.687+08:00[Asia/Shanghai]	143841933	query_economic_indicator_data	"{""question"":""S0147309"",""beginDate"":""2026-06-01"",""endDate"":""2026-08-31""}"	4533d8b1f4357e2bf73ffb40d3fe8a1f
2026-08-31T02:52:14.172+08:00[Asia/Shanghai]	143841933	query_economic_indicator_data	"{""question"":""S0147997"",""beginDate"":""2026-06-01"",""endDate"":""2026-08-31""}"	ce0bc81b0bc5fca072eb5778a8b28246
2026-08-31T02:52:13.639+08:00[Asia/Shanghai]	143841933	query_economic_indicator_data	"{""question"":""S0147297"",""beginDate"":""2026-06-01"",""endDate"":""2026-08-31""}"	452a6946dcbf12279b2388500d4296c6
2026-08-31T02:52:13.150+08:00[Asia/Shanghai]	143841933	query_economic_indicator_data	"{""question"":""S0148016"",""beginDate"":""2026-06-01"",""endDate"":""2026-08-31""}"	fa74625fee7d0d6118ea7e59be2d12dd
2026-08-31T02:52:12.516+08:00[Asia/Shanghai]	143841933	query_economic_indicator_data	"{""question"":""S0148015"",""beginDate"":""2026-06-01"",""endDate"":""2026-08-31""}"	0d58bd0bf1b3c30910230a5311655852
2026-08-31T02:52:12.192+08:00[Asia/Shanghai]	143841933	query_economic_indicator_data	"{""question"":""S0148006"",""beginDate"":""2026-06-01"",""endDate"":""2026-08-31""}"	eebea2a758e5a778dab797d213c51d70
2026-08-31T02:52:11.732+08:00[Asia/Shanghai]	143841933	query_economic_indicator_data	"{""question"":""S0147306"",""beginDate"":""2026-06-01"",""endDate"":""2026-08-31""}"	e5e4e5d4f87e8dc4e64accc3b93bb1b5
2026-08-31T02:52:11.164+08:00[Asia/Shanghai]	143841933	query_economic_indicator_data	"{""question"":""S0148012"",""beginDate"":""2026-06-01"",""endDate"":""2026-08-31""}"	fa85ff7c1926dd91573d1fd5cfc0da89
2026-08-31T02:52:10.206+08:00[Asia/Shanghai]	143841933	query_economic_indicator_data	"{""question"":""S0148015"",""beginDate"":""2026-06-01"",""endDate"":""2026-08-31""}"	3074dae48c587f6f040a658d0cdbe2b6
2026-08-31T02:52:09.663+08:00[Asia/Shanghai]	143841933	query_economic_indicator_data	"{""question"":""S0147315"",""beginDate"":""2026-06-01"",""endDate"":""2026-08-31""}"	31b974df7b14246264f772e0f4048dcb
2026-08-31T02:52:09.117+08:00[Asia/Shanghai]	143841933	query_economic_indicator_data	"{""question"":""M1001654"",""beginDate"":""2026-06-01"",""endDate"":""2026-08-31""}"	5c670325547958249a91af5bf918bdc6
2026-08-31T02:52:08.987+08:00[Asia/Shanghai]	143841933	query_economic_indicator_data	"{""question"":""S0147316"",""beginDate"":""2026-06-01"",""endDate"":""2026-08-31""}"	54c5e9b1e1db1a22161b7dbb2a3c7426
2026-08-31T02:52:08.598+08:00[Asia/Shanghai]	143841933	query_economic_indicator_data	"{""question"":""M0058005"",""beginDate"":""2026-06-01"",""endDate"":""2026-08-31""}"	b22718d2c0fecb81fda4c6f4c6301f1c
2026-08-31T02:52:07.602+08:00[Asia/Shanghai]	143841933	query_economic_indicator_data	"{""question"":""M5525763"",""beginDate"":""2026-06-01"",""endDate"":""2026-08-31""}"	3af06f41ebf4eeadefbe2480b1976f37
2026-08-31T02:52:07+08:00[Asia/Shanghai]	143841933	query_economic_indicator_data	"{""question"":""S0147312"",""beginDate"":""2026-06-01"",""endDate"":""2026-08-31""}"	7aae0dcdfbbb4d25013187c6d7b23b5b
2026-08-31T02:52:06.404+08:00[Asia/Shanghai]	143841933	query_economic_indicator_data	"{""question"":""M0001385"",""beginDate"":""2026-06-01"",""endDate"":""2026-08-31""}"	5e0df80f059e940bdd7d857689299c1b
2026-08-31T02:52:05.939+08:00[Asia/Shanghai]	143841933	query_economic_indicator_data	"{""question"":""M0039354"",""beginDate"":""2026-06-01"",""endDate"":""2026-08-31""}"	7af605bfd121b41d674f175be6c80265
2026-08-31T02:52:04.388+08:00[Asia/Shanghai]	143841933	query_economic_indicator_data	"{""question"":""S0029657"",""beginDate"":""2026-06-01"",""endDate"":""2026-08-31""}"	06a029702701b9894280fd4086ee9fe8
2026-08-31T02:52:03.151+08:00[Asia/Shanghai]	143841933	query_economic_indicator_data	"{""question"":""M0001383"",""beginDate"":""2026-06-01"",""endDate"":""2026-08-31""}"	ad1175342807e169252522d92df9c7b0
2026-08-31T02:51:47.701+08:00[Asia/Shanghai]	143841933	query_economic_indicator_data	"{""question"":""S0148009"",""beginDate"":""2026-06-01"",""endDate"":""2026-08-31""}"	3eb3481f1c924088139d742fc0b3164a
2026-08-31T02:51:47.258+08:00[Asia/Shanghai]	143841933	query_economic_indicator_data	"{""question"":""S0147309"",""beginDate"":""2026-06-01"",""endDate"":""2026-08-31""}"	c1c377fadaee0cf680d1a1e269cb776e
2026-08-31T02:51:46.698+08:00[Asia/Shanghai]	143841933	query_economic_indicator_data	"{""question"":""S0147997"",""beginDate"":""2026-06-01"",""endDate"":""2026-08-31""}"	0b1ee1649af6b79b170ed77d147831de
2026-08-31T02:51:46.194+08:00[Asia/Shanghai]	143841933	query_economic_indicator_data	"{""question"":""S0147297"",""beginDate"":""2026-06-01"",""endDate"":""2026-08-31""}"	4d0365fa70d500b78d91d9da9e0013e5
2026-08-31T02:51:45.636+08:00[Asia/Shanghai]	143841933	query_economic_indicator_data	"{""question"":""S0148016"",""beginDate"":""2026-06-01"",""endDate"":""2026-08-31""}"	5892fd01c853630c5d088df462ec639c
2026-08-31T02:51:45.184+08:00[Asia/Shanghai]	143841933	query_economic_indicator_data	"{""question"":""S0147316"",""beginDate"":""2026-06-01"",""endDate"":""2026-08-31""}"	ca424327a8e55febc5bad5231f839a05
2026-08-31T02:51:44.636+08:00[Asia/Shanghai]	143841933	query_economic_indicator_data	"{""question"":""S0148006"",""beginDate"":""2026-06-01"",""endDate"":""2026-08-31""}"	c90f2dfce14cc07bdf3bf9696414821e
2026-08-31T02:51:44.096+08:00[Asia/Shanghai]	143841933	query_economic_indicator_data	"{""question"":""S0147306"",""beginDate"":""2026-06-01"",""endDate"":""2026-08-31""}"	b9fceaaa8f5df250f545d2cea0b46591
2026-08-31T02:51:43.635+08:00[Asia/Shanghai]	143841933	query_economic_indicator_data	"{""question"":""S0148012"",""beginDate"":""2026-06-01"",""endDate"":""2026-08-31""}"	b1fe3f2980d597065d07bb84dec24937
2026-08-31T02:51:43.114+08:00[Asia/Shanghai]	143841933	query_economic_indicator_data	"{""question"":""S0147312"",""beginDate"":""2026-06-01"",""endDate"":""2026-08-31""}"	d85819986115ee6d730577328fd2fe53
2026-08-31T02:51:42.591+08:00[Asia/Shanghai]	143841933	query_economic_indicator_data	"{""question"":""S0148015"",""beginDate"":""2026-06-01"",""endDate"":""2026-08-31""}"	6fcd805dc627b90d7ae934e5f8f869ed
2026-08-31T02:51:42.151+08:00[Asia/Shanghai]	143841933	query_economic_indicator_data	"{""question"":""S0147315"",""beginDate"":""2026-06-01"",""endDate"":""2026-08-31""}"	ec0c8ca72887546a17eddc1bcfb8b979
2026-08-31T02:51:41.658+08:00[Asia/Shanghai]	143841933	query_economic_indicator_data	"{""question"":""S0148009"",""beginDate"":""2026-06-01"",""endDate"":""2026-08-31""}"	77bd71860859adb6d16a9ed694f0f441
2026-08-31T02:51:41.119+08:00[Asia/Shanghai]	143841933	query_economic_indicator_data	"{""question"":""S0147309"",""beginDate"":""2026-06-01"",""endDate"":""2026-08-31""}"	af3ad13225ad73a62fbbb9392d6c0ff9
2026-08-31T02:51:40.121+08:00[Asia/Shanghai]	143841933	query_economic_indicator_data	"{""question"":""S0147297"",""beginDate"":""2026-06-01"",""endDate"":""2026-08-31""}"	06dae01cd1b999f14f1ce39e9f85016e
2026-08-31T02:51:39.558+08:00[Asia/Shanghai]	143841933	query_economic_indicator_data	"{""question"":""S0148016"",""beginDate"":""2026-06-01"",""endDate"":""2026-08-31""}"	90972da0c078ecf00885eb410de43be3
2026-08-31T02:51:39.013+08:00[Asia/Shanghai]	143841933	query_economic_indicator_data	"{""question"":""S0147316"",""beginDate"":""2026-06-01"",""endDate"":""2026-08-31""}"	e6fa9ed585cc031414c5e0a7d8ad79e2
2026-08-31T02:51:38.500+08:00[Asia/Shanghai]	143841933	query_economic_indicator_data	"{""question"":""S0148006"",""beginDate"":""2026-06-01"",""endDate"":""2026-08-31""}"	d07295ba7f1ec0f8724f18d88045e3f0
2026-08-31T02:51:38.026+08:00[Asia/Shanghai]	143841933	query_economic_indicator_data	"{""question"":""S0147306"",""beginDate"":""2026-06-01"",""endDate"":""2026-08-31""}"	392e1294ced29aca9a26b4ee9ad99bbc
2026-08-31T02:51:37.525+08:00[Asia/Shanghai]	143841933	query_economic_indicator_data	"{""question"":""S0148012"",""beginDate"":""2026-06-01"",""endDate"":""2026-08-31""}"	b487e40b3b1c21540807b9d17b4beae1
2026-08-31T02:51:37.467+08:00[Asia/Shanghai]	144214557	query_economic_indicator_data	"{""question"":""M5650810"",""beginDate"":""2016-01-01"",""endDate"":""2020-12-31""}"	771fed05e2b4f56900da33e368899e82
2026-08-31T02:51:36.962+08:00[Asia/Shanghai]	143841933	query_economic_indicator_data	"{""question"":""S0147312"",""beginDate"":""2026-06-01"",""endDate"":""2026-08-31""}"	21b5d97477150c9d25cec73e331afa55
2026-08-31T02:51:36.953+08:00[Asia/Shanghai]	143841933	query_economic_indicator_data	"{""question"":""S0147997"",""beginDate"":""2026-06-01"",""endDate"":""2026-08-31""}"	332ef6dcff6d6da330680910a017cf9f
2026-08-31T02:51:36.505+08:00[Asia/Shanghai]	143841933	query_economic_indicator_data	"{""question"":""S0148015"",""beginDate"":""2026-06-01"",""endDate"":""2026-08-31""}"	b457b71a393cb7ebed3c8561a3352655
2026-08-31T02:51:34.509+08:00[Asia/Shanghai]	143841933	query_economic_indicator_data	"{""question"":""S0029657"",""beginDate"":""2026-06-01"",""endDate"":""2026-08-31""}"	5010628d08a836cf45ebee97cebc44a4
2026-08-31T02:51:33.941+08:00[Asia/Shanghai]	143841933	query_economic_indicator_data	"{""question"":""M5525763"",""beginDate"":""2026-06-01"",""endDate"":""2026-08-31""}"	f279efb2cdcee08f39e4e961ea6b2822
2026-08-31T02:51:33.465+08:00[Asia/Shanghai]	143841933	query_economic_indicator_data	"{""question"":""M0001383"",""beginDate"":""2026-06-01"",""endDate"":""2026-08-31""}"	70832797a879b8ed0332632a4ef1b40b
2026-08-31T02:51:32.926+08:00[Asia/Shanghai]	143841933	query_economic_indicator_data	"{""question"":""M0001385"",""beginDate"":""2026-06-01"",""endDate"":""2026-08-31""}"	4a6a25273ba51851d66b0197bebf1b50
2026-08-31T02:51:32.615+08:00[Asia/Shanghai]	144214557	query_economic_indicator_data	"{""question"":""M0011456"",""beginDate"":""2008-01-01"",""endDate"":""2011-12-31""}"	6293a769351e4b3971f72b94e0a96528
2026-08-31T02:51:32.406+08:00[Asia/Shanghai]	143841933	query_economic_indicator_data	"{""question"":""M0039354"",""beginDate"":""2026-06-01"",""endDate"":""2026-08-31""}"	032be00423f91ed380b0ba5180483730
2026-08-31T02:51:32.274+08:00[Asia/Shanghai]	143841933	query_economic_indicator_data	"{""question"":""S0147315"",""beginDate"":""2026-06-01"",""endDate"":""2026-08-31""}"	faec7b714a6f43233401b59aee7958d1
2026-08-31T02:51:31.786+08:00[Asia/Shanghai]	143841933	query_economic_indicator_data	"{""question"":""M1001654"",""beginDate"":""2026-06-01"",""endDate"":""2026-08-31""}"	ceed678d6da686f7efb85a74e793bc5a
2026-08-31T02:51:31.303+08:00[Asia/Shanghai]	143841933	query_economic_indicator_data	"{""question"":""M0058005"",""beginDate"":""2026-06-01"",""endDate"":""2026-08-31""}"	cc81a5f84b6abc3198afdb411e5baf99
2026-08-31T02:51:29.894+08:00[Asia/Shanghai]	144214557	query_economic_indicator_data	"{""question"":""S6001312"",""beginDate"":""2009-01-01"",""endDate"":""2011-12-31""}"	42edaee977bfa882670e3bf376a9e4f0
2026-08-31T02:50:30.688+08:00[Asia/Shanghai]	143841933	query_economic_indicator_data	"{""question"":""M0001385"",""beginDate"":""2025-01-01"",""endDate"":""2026-08-31""}"	82af5a945b070020f83407737e465efe
2026-08-31T02:50:25.499+08:00[Asia/Shanghai]	143841933	search_economic_indicator	"{""question"":""中国M2同比""}"	a57081c04769aaf6ee5f84520583f48c
2026-08-31T02:49:34.639+08:00[Asia/Shanghai]	144214557	search_economic_indicator	"{""question"":""实体经济部门杠杆率""}"	1bb2dc7740426814c98625f928d30e37
2026-08-31T02:49:28.706+08:00[Asia/Shanghai]	144214557	search_economic_indicator	"{""question"":""新发放贷款加权平均利率""}"	282fcc13349b7281a21a60e3e159860a
2026-08-31T02:49:25.391+08:00[Asia/Shanghai]	143841933	search_economic_indicator	"{""question"":""中国M2同比""}"	13ace76cacb0a92f794de1c7f2924c2a
2026-08-31T02:49:19.655+08:00[Asia/Shanghai]	144214557	search_economic_indicator	"{""question"":""银行家问卷调查贷款需求""}"	0f02e01eeb72b13f1096a396d0381ffd
2026-08-31T02:49:12.918+08:00[Asia/Shanghai]	144214557	search_economic_indicator	"{""question"":""挖掘机销量""}"	5bf99ab76c4b9e0a9657ce7133f00d91
2026-08-31T02:49:04.598+08:00[Asia/Shanghai]	144214557	search_economic_indicator	"{""question"":""扣除食品和能源CPI""}"	b9c9c58629f2eda8f39fe0a176009d8f
2026-08-31T02:48:49.162+08:00[Asia/Shanghai]	144214557	search_economic_indicator	"{""question"":""中国财新制造业PMI""}"	96f57e5cd2576fc3a1fbcb2f2dda0766
2026-08-31T02:48:40.248+08:00[Asia/Shanghai]	144214557	search_economic_indicator	"{""question"":""城镇调查失业率16-24岁""}"	d131de35b26833566d5c8f77e4d828b1
2026-08-31T02:48:19.184+08:00[Asia/Shanghai]	144214557	query_economic_indicator_data	"{""question"":""U5017761"",""beginDate"":""2010-01-01"",""endDate"":""2012-12-31""}"	368824e827d76c1a0a644c097d4044d9
2026-08-31T02:48:03.099+08:00[Asia/Shanghai]	144214557	query_economic_indicator_data	"{""question"":""S0000066"",""beginDate"":""2010-01-01"",""endDate"":""2010-03-31""}"	548749161556b4188412ded7681c6a3b
2026-08-31T02:47:54.790+08:00[Asia/Shanghai]	144214557	query_economic_indicator_data	"{""question"":""G1000116"",""beginDate"":""2010-01-01"",""endDate"":""2011-12-31""}"	1c07bb6a32b151e135c6b1d8fd56f0f8
2026-08-31T02:47:41.481+08:00[Asia/Shanghai]	144214557	query_economic_indicator_data	"{""question"":""S0205030"",""beginDate"":""2011-01-01"",""endDate"":""2013-12-31""}"	3add0c9eccd8715ab76b30b9ee1ed610
2026-08-31T02:45:45.383+08:00[Asia/Shanghai]	144214557	search_economic_indicator	"{""question"":""外来农业户籍劳动力调查失业率""}"	210e038350927cb994e48c79d41e35d0
2026-08-31T02:45:30.068+08:00[Asia/Shanghai]	144214557	search_economic_indicator	"{""question"":""城镇调查失业率""}"	78b98995f7a1e5cc5965f519e91802ab
2026-08-31T02:45:30.063+08:00[Asia/Shanghai]	144214557	search_economic_indicator	"{""question"":""16-24岁人口失业率""}"	678b7002aa5559195dbe452c8205ccb2
2026-08-31T02:45:23.105+08:00[Asia/Shanghai]	144214557	search_economic_indicator	"{""question"":""工业产能利用率""}"	59042cbe497e1f9d6b2bffe5b0d9b09a
2026-08-31T02:45:19.029+08:00[Asia/Shanghai]	144214557	search_economic_indicator	"{""question"":""OECD综合领先指标中国""}"	c93e3e69e0fd2c85eb86b0717218e681
2026-08-31T02:45:17.395+08:00[Asia/Shanghai]	144214557	search_economic_indicator	"{""question"":""中国出口集装箱运价指数""}"	62b90ab153f7e2372d3cbbd2e34c5a67
2026-08-31T02:44:36.806+08:00[Asia/Shanghai]	144214557	search_economic_indicator	"{""question"":""花旗通胀意外""}"	12d90ed5ac48e6224bae9bb77ce9cda4
2026-08-31T02:44:23.491+08:00[Asia/Shanghai]	144214557	query_economic_indicator_data	"{""question"":""M5462896"",""beginDate"":""2003-01-01"",""endDate"":""2006-12-31""}"	121c9e6f3f1c87709efd42f8e0f6c638
2026-08-31T02:44:16.326+08:00[Asia/Shanghai]	144028604	search_economic_indicator	"{""question"":""北京二手住宅成交量 挂牌量 房价指数""}"	ffc80fafea24b72955e412bc33d80d6e
2026-08-31T02:43:56.340+08:00[Asia/Shanghai]	144214557	search_economic_indicator	"{""question"":""花旗中国通胀意外指数""}"	8be5bbbe4a1c4c56be36b9dd897efce0
2026-08-31T02:38:53.260+08:00[Asia/Shanghai]	143841933	query_economic_indicator_data	"{""question"":""M0001385"",""beginDate"":""2026-08-01"",""endDate"":""2026-08-31""}"	a686417f8eb8c8bb3a8940ba17b83f52
2026-08-31T02:37:45.545+08:00[Asia/Shanghai]	143841933	query_economic_indicator_data	"{""question"":""S0147315"",""beginDate"":""2026-06-01"",""endDate"":""2026-08-31""}"	a9bd2ff96871f5bb9fd6185ddef13904
2026-08-31T02:37:02.828+08:00[Asia/Shanghai]	144028604	search_economic_indicator	"{""question"":""北京二手房挂牌量 挂牌指数 出售挂牌量""}"	e0b379ee2735ac841f2f5e993aed76b1
2026-08-31T02:36:59.013+08:00[Asia/Shanghai]	144028604	query_economic_indicator_data	"{""question"":""S2745731"",""beginDate"":""2024-10-01"",""endDate"":""2025-12-31""}"	ea336389c6f36c66b846facf64cfb89c
2026-08-31T02:33:07.859+08:00[Asia/Shanghai]	144028604	query_economic_indicator_data	"{""question"":""S2745734"",""beginDate"":""2025-10-01"",""endDate"":""2025-11-30""}"	4942d04e9a3d2fdf7b97c9f46d924f40
2026-08-31T02:32:07.793+08:00[Asia/Shanghai]	143841933	query_economic_indicator_data	"{""question"":""S0147315"",""beginDate"":""2026-06-01"",""endDate"":""2026-08-31""}"	ec77f7b53af217232fdc2df3b4fba28c
2026-08-31T02:31:48.579+08:00[Asia/Shanghai]	144028604	query_economic_indicator_data	"{""question"":""S2773305"",""beginDate"":""2025-06-01"",""endDate"":""2025-12-31""}"	fb6217ad500fcf2f3812bbc88cac7e85
2026-08-31T02:31:10.639+08:00[Asia/Shanghai]	144028604	query_economic_indicator_data	"{""question"":""S0147986"",""beginDate"":""2025-01-01"",""endDate"":""2025-12-31""}"	da3f03f50194af7e9efcc09ebf5d1e45
2026-08-31T02:29:45.890+08:00[Asia/Shanghai]	143841933	query_economic_indicator_data	"{""question"":""M1001654"",""beginDate"":""2026-08-01"",""endDate"":""2026-08-31""}"	d25e54229edeec79f0f7dd237088e476
2026-08-31T02:28:27.556+08:00[Asia/Shanghai]	143841933	query_economic_indicator_data	"{""question"":""M0001385"",""beginDate"":""2025-06-01"",""endDate"":""2026-08-31""}"	f81172bfcc51333284e13c3ddf32f167
2026-08-31T02:28:09.098+08:00[Asia/Shanghai]	144028604	search_economic_indicator	"{""question"":""北京 新建商品住宅 成交套数 网签""}"	67d201bf914623d3e8b25249171cc47b
2026-08-31T02:27:55.201+08:00[Asia/Shanghai]	144028604	query_economic_indicator_data	"{""question"":""S2745733"",""beginDate"":""2024-01-01"",""endDate"":""2024-10-31""}"	b4df43104272960578b12ce5d115526a
2026-08-31T02:27:41.906+08:00[Asia/Shanghai]	143841933	query_economic_indicator_data	"{""question"":""S0147315"",""beginDate"":""2015-01-01"",""endDate"":""2026-08-31""}"	5312d201b48e53e49730e59a4d1e8bf9
2026-08-31T02:27:19.725+08:00[Asia/Shanghai]	143841933	query_economic_indicator_data	"{""question"":""S0148009"",""beginDate"":""2010-01-01"",""endDate"":""2026-08-31""}"	1af66d20aae6300624ddfb9ebe9b200e
2026-08-31T02:27:19.507+08:00[Asia/Shanghai]	144028604	query_economic_indicator_data	"{""question"":""S0030589"",""beginDate"":""2025-05-01"",""endDate"":""2025-12-31""}"	7b3e5de4a3da05c86b8b29e0fd238af0
2026-08-31T02:27:19.159+08:00[Asia/Shanghai]	143841933	query_economic_indicator_data	"{""question"":""S0147309"",""beginDate"":""2010-01-01"",""endDate"":""2026-08-31""}"	b1aa2180e9f1afb9c7a0badcd828a29e
2026-08-31T02:27:18.206+08:00[Asia/Shanghai]	143841933	query_economic_indicator_data	"{""question"":""S0147297"",""beginDate"":""2010-01-01"",""endDate"":""2026-08-31""}"	f5c949cb30eccecc990c761d5eeba88b
2026-08-31T02:27:17.683+08:00[Asia/Shanghai]	143841933	query_economic_indicator_data	"{""question"":""S0148016"",""beginDate"":""2010-01-01"",""endDate"":""2026-08-31""}"	d3a7ff57e05f2c3f4e9fecadaa8cfa3a
2026-08-31T02:27:17.182+08:00[Asia/Shanghai]	143841933	query_economic_indicator_data	"{""question"":""S0147316"",""beginDate"":""2010-01-01"",""endDate"":""2026-08-31""}"	52a3b0ca8616280b24283f1ad1f52c67
2026-08-31T02:27:15.753+08:00[Asia/Shanghai]	143841933	query_economic_indicator_data	"{""question"":""S0148012"",""beginDate"":""2010-01-01"",""endDate"":""2026-08-31""}"	f9cf241cf908b6c0f82e843b47b4bb28
2026-08-31T02:27:15.307+08:00[Asia/Shanghai]	143841933	query_economic_indicator_data	"{""question"":""S0147312"",""beginDate"":""2010-01-01"",""endDate"":""2026-08-31""}"	c5c62e145de6ef6b844edeed560bd67e
2026-08-31T02:27:14.992+08:00[Asia/Shanghai]	143841933	query_economic_indicator_data	"{""question"":""S0147997"",""beginDate"":""2010-01-01"",""endDate"":""2026-08-31""}"	143415d9cda6e6bb28fcd0efeb5a2ced
2026-08-31T02:27:14.818+08:00[Asia/Shanghai]	143841933	query_economic_indicator_data	"{""question"":""S0148015"",""beginDate"":""2010-01-01"",""endDate"":""2026-08-31""}"	63f9fda1290d6951494a426a6c493fe2
2026-08-31T02:27:13.810+08:00[Asia/Shanghai]	143841933	query_economic_indicator_data	"{""question"":""S0148009"",""beginDate"":""2010-01-01"",""endDate"":""2026-08-31""}"	6fd1871b2a9ed7023644aaf22b8f2281
2026-08-31T02:27:13.287+08:00[Asia/Shanghai]	143841933	query_economic_indicator_data	"{""question"":""S0147309"",""beginDate"":""2010-01-01"",""endDate"":""2026-08-31""}"	58fcafad7503bba78caa3d15486a1a99
2026-08-31T02:27:12.975+08:00[Asia/Shanghai]	143841933	query_economic_indicator_data	"{""question"":""S0148006"",""beginDate"":""2010-01-01"",""endDate"":""2026-08-31""}"	2d3aae259247b758d79df8c8d3907114
2026-08-31T02:27:12.515+08:00[Asia/Shanghai]	143841933	query_economic_indicator_data	"{""question"":""S0147306"",""beginDate"":""2010-01-01"",""endDate"":""2026-08-31""}"	f530e6e69757a45968ff61f7a21e1a00
2026-08-31T02:27:12.224+08:00[Asia/Shanghai]	143841933	query_economic_indicator_data	"{""question"":""S0147297"",""beginDate"":""2010-01-01"",""endDate"":""2026-08-31""}"	a8a9e5cac80fc3e57df36602927721dd
2026-08-31T02:27:11.726+08:00[Asia/Shanghai]	143841933	query_economic_indicator_data	"{""question"":""S0148016"",""beginDate"":""2010-01-01"",""endDate"":""2026-08-31""}"	41bbf27f15156f89158049c547927c65
2026-08-31T02:27:11.209+08:00[Asia/Shanghai]	143841933	query_economic_indicator_data	"{""question"":""S0147316"",""beginDate"":""2010-01-01"",""endDate"":""2026-08-31""}"	f9cdcaef55362a86f032c8c28c8dbba0
2026-08-31T02:27:10.660+08:00[Asia/Shanghai]	143841933	query_economic_indicator_data	"{""question"":""S0148006"",""beginDate"":""2010-01-01"",""endDate"":""2026-08-31""}"	e883e7db540d3c7c45804d8700d2afac
2026-08-31T02:27:10.615+08:00[Asia/Shanghai]	143841933	query_economic_indicator_data	"{""question"":""S0147315"",""beginDate"":""2010-01-01"",""endDate"":""2026-08-31""}"	f2799c9bbcd0fd80556cdf3089dc1afb
2026-08-31T02:27:10.157+08:00[Asia/Shanghai]	143841933	query_economic_indicator_data	"{""question"":""S0147306"",""beginDate"":""2010-01-01"",""endDate"":""2026-08-31""}"	d4712cac9ce1fcf54174f93e7260d762
2026-08-31T02:27:09.699+08:00[Asia/Shanghai]	143841933	query_economic_indicator_data	"{""question"":""S0148012"",""beginDate"":""2010-01-01"",""endDate"":""2026-08-31""}"	3807abaafb337876f50848678cb52fce
2026-08-31T02:27:09.214+08:00[Asia/Shanghai]	143841933	query_economic_indicator_data	"{""question"":""S0147312"",""beginDate"":""2010-01-01"",""endDate"":""2026-08-31""}"	344e1800c83217d219b007ef84699b2c
2026-08-31T02:27:09.066+08:00[Asia/Shanghai]	143841933	query_economic_indicator_data	"{""question"":""S0147997"",""beginDate"":""2010-01-01"",""endDate"":""2026-08-31""}"	ad9ede42b74c9a0e1633261d86b55221
2026-08-31T02:27:08.660+08:00[Asia/Shanghai]	143841933	query_economic_indicator_data	"{""question"":""S0148015"",""beginDate"":""2010-01-01"",""endDate"":""2026-08-31""}"	60113d0ad3f1f6d5e4f8d5d9215108b9
2026-08-31T02:27:08.152+08:00[Asia/Shanghai]	143841933	query_economic_indicator_data	"{""question"":""S0147315"",""beginDate"":""2010-01-01"",""endDate"":""2026-08-31""}"	aa3b80980bde49f0b34e183b8ece403d
2026-08-31T02:27:07.621+08:00[Asia/Shanghai]	143841933	query_economic_indicator_data	"{""question"":""M1001654"",""beginDate"":""2010-01-01"",""endDate"":""2026-08-31""}"	f8b0a89717aaafb653abaffd798d8d01
2026-08-31T02:27:05.108+08:00[Asia/Shanghai]	144028604	search_economic_indicator	"{""question"":""北京 房屋销售价格指数 二手住宅 同比""}"	09449715c49d411c2c333aa52f441343
2026-08-31T02:27:00.516+08:00[Asia/Shanghai]	143841933	query_economic_indicator_data	"{""question"":""M0058005"",""beginDate"":""2010-01-01"",""endDate"":""2026-08-31""}"	1222e4e672be9526494961af57ff9703
2026-08-31T02:26:57.238+08:00[Asia/Shanghai]	143841933	query_economic_indicator_data	"{""question"":""S0029657"",""beginDate"":""2010-01-01"",""endDate"":""2026-08-31""}"	7847de0eebb593bb15aaac3174fa746f
2026-08-31T02:26:53.453+08:00[Asia/Shanghai]	143841933	query_economic_indicator_data	"{""question"":""M5525763"",""beginDate"":""2010-01-01"",""endDate"":""2026-08-31""}"	fd27eb766a1e24651c5f3ff2c0f4b248
2026-08-31T02:26:43.879+08:00[Asia/Shanghai]	144028604	search_economic_indicator	"{""question"":""北京二手房挂牌量 挂牌出售 住宅""}"	b252101e94846f383655022bc450aa97
2026-08-31T02:26:36.337+08:00[Asia/Shanghai]	143841933	query_economic_indicator_data	"{""question"":""M0001385"",""beginDate"":""2010-01-01"",""endDate"":""2026-08-31""}"	927cf7b6869a9053c8f6314221345d68
2026-08-31T02:26:18.231+08:00[Asia/Shanghai]	144028604	search_economic_indicator	"{""question"":""70个大中城市二手住宅价格指数 北京 环比""}"	95ec165aa3fb4d0d4a01bf3e6a9e5182
2026-08-31T02:26:17.876+08:00[Asia/Shanghai]	144028604	search_economic_indicator	"{""question"":""北京二手住宅挂牌量挂牌出售""}"	07aad52269d7c877f0e9fb779393e7bc
2026-08-31T02:25:19.734+08:00[Asia/Shanghai]	144214557	search_economic_indicator	"{""question"":""中债商业银行次级债收益率 企业债信用利差""}"	1e9de182fc72f02b6464727fd3e1077b
2026-08-31T02:25:13.040+08:00[Asia/Shanghai]	144214557	search_economic_indicator	"{""question"":""中国30年期国债到期收益率""}"	11943f1f27d9a86fe12cbdbb4286ff47
2026-08-31T02:24:49.162+08:00[Asia/Shanghai]	144028604	search_economic_indicator	"{""question"":""70个大中城市二手住宅价格指数 北京""}"	c90d5c6b675744dddbd652f020705440
2026-08-31T02:24:06.377+08:00[Asia/Shanghai]	144028604	search_economic_indicator	"{""question"":""北京二手房挂牌量 住宅 可售""}"	0bbaedf64aa12ca0e89b1af278352cae
2026-08-31T02:23:52.149+08:00[Asia/Shanghai]	144028604	query_economic_indicator_data	"{""question"":""S2745731"",""beginDate"":""2025-08-01"",""endDate"":""2025-12-31""}"	8c052d0b1db3304f178c43535db887f9
2026-08-31T02:23:22.006+08:00[Asia/Shanghai]	144028604	search_economic_indicator	"{""question"":""北京二手房成交套数 挂牌量 住宅销售价格指数""}"	b4ba421c905eb6859d1c25759e48d587
2026-08-31T02:21:43.976+08:00[Asia/Shanghai]	110565349	search_economic_indicator	"{""question"":""美元兑新台币 USD/TWD 日频即期汇率或中间价，表示1美元兑换多少新台币""}"	99dde097990406ba533e5277cc2fcf5c
2026-08-31T02:21:37.946+08:00[Asia/Shanghai]	143841933	query_economic_indicator_data	"{""question"":""S0147312,S0148012,S0147306,S0148006,S0147286,S0147986"",""beginDate"":""2011-01-01"",""endDate"":""2026-08-31""}"	c2f96b9df1796adb68ec1f2952c9bbe3
2026-08-31T02:21:19.300+08:00[Asia/Shanghai]	143841933	search_economic_indicator	"{""question"":""成都 二手住宅价格指数""}"	42f193bd297d63204f316b28f82f98fd
2026-08-31T02:20:48.960+08:00[Asia/Shanghai]	143841933	search_economic_indicator	"{""question"":""武汉 房屋销售价格指数 二手住宅 上年同期=100""}"	a53ce55cc7c597100908b490d2163ab2
2026-08-31T02:20:41.158+08:00[Asia/Shanghai]	143841933	search_economic_indicator	"{""question"":""武汉 房屋销售价格指数 新建商品住宅 上年同期=100""}"	918d0f09084bac040e1732dd6ec611ac
2026-08-31T02:20:34.647+08:00[Asia/Shanghai]	143841933	search_economic_indicator	"{""question"":""成都 房屋销售价格指数 二手住宅 上年同期=100""}"	ccbbabd52aaebf1eb621b870283c5a37
2026-08-31T02:20:25.007+08:00[Asia/Shanghai]	143841933	search_economic_indicator	"{""question"":""成都 房屋销售价格指数 新建商品住宅 上年同期=100""}"	dba27ab02280091fb1f098a2738a32a9
2026-08-31T02:20:11.974+08:00[Asia/Shanghai]	143841933	search_economic_indicator	"{""question"":""杭州 房屋销售价格指数 二手住宅""}"	0e8cc57755c90b9c91f843a63754c13e
2026-08-31T02:20:06.513+08:00[Asia/Shanghai]	143841933	search_economic_indicator	"{""question"":""西安 房屋销售价格指数 二手住宅""}"	5cb9866c47b6c6256fd1771ba98acf53
2026-08-31T02:20:01.130+08:00[Asia/Shanghai]	143841933	search_economic_indicator	"{""question"":""北京 房屋销售价格指数 新建商品住宅""}"	efe50a7fbee907dc85d65e6e29743c7b
2026-08-31T02:16:16.565+08:00[Asia/Shanghai]	143841933	search_economic_indicator	"{""question"":""杭州 新建商品住宅价格指数""}"	5417227d8d0e23344796b532109510c7
2026-08-31T02:16:15.423+08:00[Asia/Shanghai]	143841933	search_economic_indicator	"{""question"":""西安 新建商品住宅价格指数""}"	e7749a74ee64afce3c4742818490a3f8
2026-08-31T02:15:33.796+08:00[Asia/Shanghai]	136003255	query_economic_indicator_data	"{""question"":""M0000271"",""beginDate"":""2026-07-21"",""endDate"":""2026-08-28""}"	a54de4615fdadaed972e624d49f39bb4
2026-08-31T02:14:35.946+08:00[Asia/Shanghai]	143841933	search_economic_indicator	"{""question"":""70个大中城市新建商品住宅价格指数 环比 上海""}"	f01e13183b9dd847e92f42145893ce61
2026-08-31T02:14:14.632+08:00[Asia/Shanghai]	143841933	search_economic_indicator	"{""question"":""70个大中城市新建商品住宅价格指数 北京""}"	03ecaf023cbf78292566064a5b918796
2026-08-31T02:13:54.064+08:00[Asia/Shanghai]	143841933	search_economic_indicator	"{""question"":""70个大中城市新建商品住宅价格指数 重庆""}"	f59a177eb599aacc2fe65d7a6ec09466
2026-08-31T02:00:08.277+08:00[Asia/Shanghai]	143586750	query_economic_indicator_data	"{""question"":""中国PPI当月同比"",""beginDate"":""2025-02-01"",""endDate"":""2026-08-31""}"	8a5d9d3a38a31085f7ea4adb9c7fa0e9
2026-08-31T02:00:06.340+08:00[Asia/Shanghai]	143586750	query_economic_indicator_data	"{""question"":""中国CPI食品烟酒畜肉类猪肉当月同比"",""beginDate"":""2025-02-01"",""endDate"":""2026-08-31""}"	9c752d32a0f65a62a9f48b7b6bba9115
2026-08-31T01:51:08.962+08:00[Asia/Shanghai]	143841933	query_economic_indicator_data	"{""question"":""M1001654"",""beginDate"":""2015-01-01"",""endDate"":""2026-08-31""}"	c7f4df2e7e71e898adc11ad97c07ff84
2026-08-31T01:51:06.762+08:00[Asia/Shanghai]	143841933	query_economic_indicator_data	"{""question"":""M0058005"",""beginDate"":""2015-01-01"",""endDate"":""2026-08-31""}"	c3fd66c7e529955571e5f72500e4763b
2026-08-31T01:51:03.017+08:00[Asia/Shanghai]	143841933	query_economic_indicator_data	"{""question"":""S0029657"",""beginDate"":""2015-01-01"",""endDate"":""2026-08-31""}"	c6b5c8a912ff20af0ac1dc08bbd66af9
2026-08-31T01:50:57.968+08:00[Asia/Shanghai]	143841933	query_economic_indicator_data	"{""question"":""M0001383"",""beginDate"":""2015-01-01"",""endDate"":""2026-08-31""}"	c4a369d0dd541b6704b5ce5c2a9da5af
2026-08-31T01:50:51.522+08:00[Asia/Shanghai]	143841933	query_economic_indicator_data	"{""question"":""M0001385"",""beginDate"":""2015-01-01"",""endDate"":""2026-08-31""}"	1b1e9a7064bdb351a72f64139b559957
2026-08-31T01:50:38.962+08:00[Asia/Shanghai]	114151384	search_economic_indicator	"{""question"":""美国美元零息通胀互换利率1年、5年、10年、5年后5年远期通胀互换（inflation swap），不要TIPS盈亏平衡通胀率，有哪些指标？""}"	338e65a0256d01bbfc1a4b29b2f7f656
2026-08-31T01:50:10.095+08:00[Asia/Shanghai]	114151384	search_economic_indicator	"{""question"":""美国标普500指数盈利同比增速、每股收益EPS、净利润率、未来12个月盈利预期增长率、资本开支预期增长率有哪些指标？""}"	9270029ffa26b68cfa015da70b228b6d
2026-08-31T01:49:08.109+08:00[Asia/Shanghai]	143841933	search_economic_indicator	"{""question"":""中国M2同比""}"	dc8b08eb08e957b11a9e667b47eb478a
2026-08-31T01:49:01.892+08:00[Asia/Shanghai]	114151384	search_economic_indicator	"{""question"":""美国杠杆贷款指数利差（S&P UBS Leveraged Loan Index spread、折现利差或OAS），以及美国杠杆贷款发行规模有哪些指标？""}"	2d9a4bd0b32f4fedc1d025e42c25800e
2026-08-31T01:45:56.389+08:00[Asia/Shanghai]	143841933	query_economic_indicator_data	"{""question"":""M0001385"",""beginDate"":""2023-01-01"",""endDate"":""2023-12-31""}"	f02958b5f73c2b757d9567f2626cd2f4
2026-08-31T01:45:33.016+08:00[Asia/Shanghai]	143841933	query_economic_indicator_data	"{""question"":""M0001385"",""beginDate"":""2023-01-01"",""endDate"":""2023-12-31""}"	f2e025ab1f77bc7b76b4f7589eaae27e
2026-08-31T01:45:19.037+08:00[Asia/Shanghai]	143841933	query_economic_indicator_data	"{""question"":""M0001385"",""beginDate"":""2023-01-01"",""endDate"":""2023-12-31""}"	d580742a4a9e720f71166ec78ea9a38d
2026-08-31T01:45:12.264+08:00[Asia/Shanghai]	143841933	query_economic_indicator_data	"{""question"":""M0001385"",""beginDate"":""2023-01-01"",""endDate"":""2023-12-31""}"	8b91aeb42c8760d29f86f7869b2f29be
2026-08-31T01:45:08.260+08:00[Asia/Shanghai]	143841933	query_economic_indicator_data	"{""question"":""M0001385"",""beginDate"":""2023-01-01"",""endDate"":""2023-12-31""}"	8add7f601583239618e0132a32dbe5b6
2026-08-31T01:44:57.932+08:00[Asia/Shanghai]	143841933	query_economic_indicator_data	"{""question"":""M0001385"",""beginDate"":""2023-01-01"",""endDate"":""2023-12-31""}"	b642e0273edae9ac29d2a9c9baf84dca
2026-08-31T01:44:54.665+08:00[Asia/Shanghai]	143841933	query_economic_indicator_data	"{""question"":""M0001385"",""beginDate"":""2024-01-01"",""endDate"":""2024-12-31""}"	7988c0b7c3c82a78ead69736c52242de
2026-08-31T01:44:18.207+08:00[Asia/Shanghai]	143841933	query_economic_indicator_data	"{""question"":""M0001385"",""beginDate"":""2023-01-01"",""endDate"":""2023-12-31""}"	78225aebcfcca85407f2fd2d8d5e529a
2026-08-31T01:44:14.478+08:00[Asia/Shanghai]	143841933	query_economic_indicator_data	"{""question"":""M0001385"",""beginDate"":""2023-01-01"",""endDate"":""2023-12-31""}"	7159a6ac76fd57a0e340dddfbfa4e4fa
2026-08-31T01:44:05.657+08:00[Asia/Shanghai]	143841933	query_economic_indicator_data	"{""question"":""M0001385"",""beginDate"":""2023-01-01"",""endDate"":""2023-12-31""}"	1702c8ebb211e3e72f0bf91f0452bc0c
2026-08-31T01:44:02.401+08:00[Asia/Shanghai]	143841933	query_economic_indicator_data	"{""question"":""M0001385"",""beginDate"":""2023-01-01"",""endDate"":""2023-12-31""}"	522334e8375b83a9052e075b3a8f1452
2026-08-31T01:43:59.059+08:00[Asia/Shanghai]	143841933	query_economic_indicator_data	"{""question"":""M0001385"",""beginDate"":""2023-01-01"",""endDate"":""2023-12-31""}"	1444f1cf986ec7cc8fe4745e9362aeed
2026-08-31T01:43:52.234+08:00[Asia/Shanghai]	143841933	query_economic_indicator_data	"{""question"":""M0001385"",""beginDate"":""2023-01-01"",""endDate"":""2023-12-31""}"	4f85a6d55db0f122463d4afa36f9803d
2026-08-31T01:43:29.008+08:00[Asia/Shanghai]	143841933	query_economic_indicator_data	"{""question"":""M0001385"",""beginDate"":""2023-01-01"",""endDate"":""2023-12-31""}"	6ca3257600e6de206d0e8364fb533646
2026-08-31T01:43:20.873+08:00[Asia/Shanghai]	143841933	query_economic_indicator_data	"{""question"":""M0001385"",""beginDate"":""2023-01-01"",""endDate"":""2023-12-31""}"	12a80b480779e0c728b3dffbc8d4e164
2026-08-31T01:43:08.199+08:00[Asia/Shanghai]	116648024	query_economic_indicator_data	"{""question"":""M0000557"",""beginDate"":""2026-01-01"",""endDate"":""2026-08-27""}"	c83361299c8b891a8a9e035e0277b53d
2026-08-31T01:43:01.896+08:00[Asia/Shanghai]	143841933	query_economic_indicator_data	"{""question"":""M0001385"",""beginDate"":""2023-01-01"",""endDate"":""2023-12-31""}"	d37840141bc02b90cfc7c2bb15d01a8e
2026-08-31T01:42:51.471+08:00[Asia/Shanghai]	143841933	query_economic_indicator_data	"{""question"":""M0001385"",""beginDate"":""2024-01-01"",""endDate"":""2024-12-31""}"	530eec59b81fcf6d9017bd42fa80a9aa
2026-08-31T01:38:44.408+08:00[Asia/Shanghai]	143841933	search_economic_indicator	"{""question"":""中国M2同比""}"	e3d2b4ca0ccd06d215ab3e9b1d7957eb
2026-08-31T01:38:26.696+08:00[Asia/Shanghai]	143841933	query_economic_indicator_data	"{""question"":""M1001654"",""beginDate"":""2015-01-01"",""endDate"":""2026-08-31""}"	5f4f85f4681f3236947416344247d72e
2026-08-31T01:38:17.674+08:00[Asia/Shanghai]	143841933	query_economic_indicator_data	"{""question"":""S0029657"",""beginDate"":""2015-01-01"",""endDate"":""2026-08-31""}"	28b0d9946faf3ce2cfa30f682f60bb4d
2026-08-31T01:38:14.857+08:00[Asia/Shanghai]	143841933	query_economic_indicator_data	"{""question"":""M5525763"",""beginDate"":""2015-01-01"",""endDate"":""2026-08-31""}"	c6f565107a922de3142cecdde40f9de8
2026-08-31T01:38:02.846+08:00[Asia/Shanghai]	143841933	query_economic_indicator_data	"{""question"":""M0039354"",""beginDate"":""2015-01-01"",""endDate"":""2026-08-31""}"	9979bb300bb1cedfdccaea4615e5c1c6
2026-08-31T01:35:07.888+08:00[Asia/Shanghai]	144208222	search_economic_indicator	"{""question"":""美国CPI同比 非季调 所有项目 月度""}"	14c71ee2719c916f28e02323d8c9703d
2026-08-31T01:34:42.221+08:00[Asia/Shanghai]	144208222	query_economic_indicator_data	"{""question"":""G0000028,G1138496"",""beginDate"":""2025-08-01"",""endDate"":""2026-07-31""}"	593b3e1dccbad52b15f479a609b7a4e4
2026-08-31T01:34:13.343+08:00[Asia/Shanghai]	144208222	search_economic_indicator	"{""question"":""美国生产者价格指数PPI最终需求同比 月度""}"	0f4b61480073fb9c55aba461a79b60c9
2026-08-31T01:33:05.007+08:00[Asia/Shanghai]	143841933	query_economic_indicator_data	"{""question"":""M1001654"",""beginDate"":""2026-08-01"",""endDate"":""2026-08-31""}"	85405183ce46aa0b01f491690106ceb4
2026-08-31T01:32:59.635+08:00[Asia/Shanghai]	143841933	query_economic_indicator_data	"{""question"":""M0058005,M1001654"",""beginDate"":""2015-01-01"",""endDate"":""2026-08-31""}"	d76f55400f048cc7c64ca2c7ba37c7b7
2026-08-31T01:32:46.924+08:00[Asia/Shanghai]	144208222	search_economic_indicator	"{""question"":""美国消费者价格指数CPI，城市消费者，所有项目，季调，月度指数，1982至1984年等于100""}"	c51e7da8c79042a5c40a1dd6d411d60f
2026-08-31T01:32:35.581+08:00[Asia/Shanghai]	143841933	query_economic_indicator_data	"{""question"":""M0001385,M0001383,M5525763,S0029657,M0039354"",""beginDate"":""2015-01-01"",""endDate"":""2026-08-31""}"	8efcea237c064fbafaa0be93fbc4e77a
2026-08-31T01:32:18.261+08:00[Asia/Shanghai]	143841933	search_economic_indicator	"{""question"":""中国GDP不变价同比增长率 季度""}"	07979e8acc751d40d975b18f731477f9
2026-08-31T01:32:17.314+08:00[Asia/Shanghai]	143841933	search_economic_indicator	"{""question"":""中国10年期国债到期收益率 日度""}"	9161583e0b0db4f11734b2cc77c05465
2026-08-31T01:32:14.957+08:00[Asia/Shanghai]	143841933	search_economic_indicator	"{""question"":""中国个人住房贷款加权平均利率 季度""}"	ef39379dc93206f38a3d1b46353d270a
2026-08-31T01:32:12.685+08:00[Asia/Shanghai]	144208222	search_economic_indicator	"{""question"":""美国总体消费者价格指数CPI季调月度指数，以及美国最终需求生产者价格指数PPI季调月度指数""}"	d86d2faba7a738f1a0e05d65d03c53bb
2026-08-31T01:32:10.320+08:00[Asia/Shanghai]	143841933	search_economic_indicator	"{""question"":""中国社会融资规模存量同比增长率 月度""}"	8028a4f992a0552f4b87bae976334dea
2026-08-31T01:32:08.114+08:00[Asia/Shanghai]	143841933	search_economic_indicator	"{""question"":""中国M1货币供应量同比增长率 月度""}"	a8ac2410a2955d990f7334e867ea8c2f
2026-08-31T01:09:46.494+08:00[Asia/Shanghai]	144259095	query_economic_indicator_data	"{""question"":""L5471360"",""beginDate"":""2026-08-27"",""endDate"":""2026-08-31""}"	28d4aa70b78734313a24657c84b3ba4c
2026-08-31T01:09:33.428+08:00[Asia/Shanghai]	144259095	query_economic_indicator_data	"{""question"":""M0290205"",""beginDate"":""2026-08-27"",""endDate"":""2026-08-31""}"	df6b8ed306654df00338c7aad79d34b9
2026-08-31T01:08:54.028+08:00[Asia/Shanghai]	144259095	query_economic_indicator_data	"{""question"":""S0270980"",""beginDate"":""2026-08-27"",""endDate"":""2026-08-31""}"	3cef14288da26b1c787aff31b4faddcb
2026-08-31T01:08:48.483+08:00[Asia/Shanghai]	144162568	query_economic_indicator_data	"{""question"":""M0058003,M0058005,M5201618,M0061672,M0002004"",""beginDate"":""2025-01-01"",""endDate"":""2026-08-28""}"	d9565d9ebda4af81daf138168709618a
2026-08-31T00:58:47.123+08:00[Asia/Shanghai]	144162568	search_economic_indicator	"{""question"":""中国 房地产贷款 个人住房 不良贷款率""}"	f73d275bff681bd0c4c76bbed0cf02c9
2026-08-31T00:58:44.874+08:00[Asia/Shanghai]	144162568	query_economic_indicator_data	"{""question"":""M0325686,M0048267,M0048269,M0325687,M0048274,M1004902,M1005173,M1005177,M1005182,M1016212"",""beginDate"":""2026-08-27"",""endDate"":""2026-08-28""}"	f6063ec54d9bc106ee6d01a55a29e4e1
2026-08-31T00:58:17.200+08:00[Asia/Shanghai]	144162568	search_economic_indicator	"{""question"":""中国 个人住房贷款 不良率""}"	7442b4bf599643070fb664864b4244b2
2026-08-31T00:58:10.982+08:00[Asia/Shanghai]	116633687	query_economic_indicator_data	"{""question"":""M0041652,M1004902,G0000891"",""beginDate"":""2026-08-20"",""endDate"":""2026-08-28""}"	e07dd620a3167f9597a879f247aaeea4
2026-08-31T00:57:47.600+08:00[Asia/Shanghai]	144162568	search_economic_indicator	"{""question"":""中国 商业银行 不良贷款率 一般贷款 个人住房贷款""}"	ae1da07d371d14d84c868814cdbf1229
2026-08-31T00:57:42.962+08:00[Asia/Shanghai]	144162568	query_economic_indicator_data	"{""question"":""M0061672,M5201618"",""beginDate"":""2025-01-01"",""endDate"":""2026-08-28""}"	ac27bcdf677660d2326d76e4a8b4068f
2026-08-31T00:57:05.402+08:00[Asia/Shanghai]	144162568	search_economic_indicator	"{""question"":""中国 贷款加权平均利率 一般贷款 个人住房贷款""}"	b57f4c3102be63eee57bd10e6d72b57b
2026-08-31T00:56:26.053+08:00[Asia/Shanghai]	143622566	query_economic_indicator_data	"{""question"":""M1002619"",""beginDate"":""20260821"",""endDate"":""20260831""}"	1258359c8bec43491a056bc5a4e7c566
2026-08-31T00:56:21.468+08:00[Asia/Shanghai]	144162568	query_economic_indicator_data	"{""question"":""M0325687,M1011106,M1002776,M1008643,M1004724,M1004760,M1004899,M1004902"",""beginDate"":""2026-07-02"",""endDate"":""2026-08-28""}"	bbcf56d46e42f56d565ad556b123a5f1
2026-08-31T00:56:18.944+08:00[Asia/Shanghai]	143622566	query_economic_indicator_data	"{""question"":""M1002841"",""beginDate"":""20260821"",""endDate"":""20260831""}"	330fab177fde8522f75a00e8fec0070c
2026-08-31T00:56:15.377+08:00[Asia/Shanghai]	144162568	search_economic_indicator	"{""question"":""中国:同业存单到期收益率(AAA):3个月""}"	392719dd5efab4a0fe4deef99ff4fa2f
2026-08-31T00:56:05.567+08:00[Asia/Shanghai]	143622566	query_economic_indicator_data	"{""question"":""M1006645"",""beginDate"":""20260821"",""endDate"":""20260831""}"	df6881339d0f2bbf2b77bba0399129e5
2026-08-31T00:56:03.749+08:00[Asia/Shanghai]	144162568	search_economic_indicator	"{""question"":""中国 中短期票据到期收益率""}"	4154fda42fa828b4485e47f0ae4179f8
2026-08-31T00:56:01.681+08:00[Asia/Shanghai]	143622566	query_economic_indicator_data	"{""question"":""M1006337"",""beginDate"":""20260821"",""endDate"":""20260831""}"	5f7ef808ab0f1cdc2f9a4bf2a55136b7
2026-08-31T00:55:53.979+08:00[Asia/Shanghai]	144162568	search_economic_indicator	"{""question"":""中国 中短期票据收益率 5年 AA加""}"	b5471eb5ce991dd90acb111d8f4dcb2b
2026-08-31T00:55:37.757+08:00[Asia/Shanghai]	144162568	search_economic_indicator	"{""question"":""中短期票据到期收益率 AA+ 5年 上海清算所""}"	a9358f400a1135dc2c8bca81b0e02493
2026-08-31T00:55:30.641+08:00[Asia/Shanghai]	144162568	search_economic_indicator	"{""question"":""中国 中短期票据到期收益率 AA+ 5年 日""}"	ff59431726dc16b4dc06f38f203b4780
2026-08-31T00:55:23.379+08:00[Asia/Shanghai]	144162568	search_economic_indicator	"{""question"":""中国 中短期票据到期收益率 AAA 5年 日""}"	d51a6483f835ac5aa5c0867d16e302a9
2026-08-31T00:55:19.096+08:00[Asia/Shanghai]	144162568	search_economic_indicator	"{""question"":""中国 铁道债到期收益率 10年 日""}"	e92e45d360cd01cdea255e80acd2f7b6
2026-08-31T00:55:14.437+08:00[Asia/Shanghai]	144162568	search_economic_indicator	"{""question"":""中国 国开债收益率 10年 日""}"	3ca44c2f91d9f9e390ea76205ad44b0f
2026-08-31T00:55:04.578+08:00[Asia/Shanghai]	144162568	query_economic_indicator_data	"{""question"":""M0325687,M1004902"",""beginDate"":""2026-07-02"",""endDate"":""2026-08-28""}"	26df443eaf19a24c07f7d3d0a072e5b5
2026-08-31T00:54:50.069+08:00[Asia/Shanghai]	144162568	search_economic_indicator	"{""question"":""中国货币网 国开债到期收益率 10年""}"	9416eb5d51301bc6597edc424a9b00b8
2026-08-31T00:54:10.398+08:00[Asia/Shanghai]	144162568	search_economic_indicator	"{""question"":""地方政府债收益率曲线 AAA 10年""}"	9c907386264a07566a4111c94a2e474b
2026-08-31T00:54:08.336+08:00[Asia/Shanghai]	143622566	query_economic_indicator_data	"{""question"":""M0290205"",""beginDate"":""20260821"",""endDate"":""20260831""}"	087c63ae28ff97d28ae2a5f03e4d6bb6
2026-08-31T00:54:03.899+08:00[Asia/Shanghai]	143622566	query_economic_indicator_data	"{""question"":""M1006645"",""beginDate"":""20260821"",""endDate"":""20260831""}"	531ac82c7640a72539cee744a90c8b35
2026-08-31T00:54:00.825+08:00[Asia/Shanghai]	144162568	search_economic_indicator	"{""question"":""FR007利率互换收盘曲线 5年 日度 中国货币网""}"	eb49f4cd3263e28bcf844b87fb143ac5
2026-08-31T00:53:48.939+08:00[Asia/Shanghai]	144162568	search_economic_indicator	"{""question"":""中国:政策性金融债(国开行)到期收益率(AAA) 1年 5年 10年 中国货币网""}"	c03dd07e0c4a8cf9b01434ff2681de18
2026-08-31T00:53:36.694+08:00[Asia/Shanghai]	144162568	search_economic_indicator	"{""question"":""中国 中债 国债 国开债 铁道债 地方政府债 中短期票据 同业存单 收益率曲线 10年 5年 3月 1年""}"	6816d0a37c6e145d1a697288e6950b9c
2026-08-31T00:53:30.912+08:00[Asia/Shanghai]	143622566	query_economic_indicator_data	"{""question"":""G0000891"",""beginDate"":""20260821"",""endDate"":""20260831""}"	e131aba0462679f1b06ef102292fc573
2026-08-31T00:53:27.412+08:00[Asia/Shanghai]	143622566	query_economic_indicator_data	"{""question"":""M0290205"",""beginDate"":""20260821"",""endDate"":""20260831""}"	ca532206be475f1e2b17ba56757dd4dd
2026-08-31T00:53:19.314+08:00[Asia/Shanghai]	144162568	query_economic_indicator_data	"{""question"":""S0059744"",""beginDate"":""2026-08-27"",""endDate"":""2026-08-28""}"	14f71accc3ec88f28a565538c0ca1acd
2026-08-31T00:53:17.074+08:00[Asia/Shanghai]	143622566	query_economic_indicator_data	"{""question"":""M1006337"",""beginDate"":""20260821"",""endDate"":""20260831""}"	8f1733f76a0ca379c8144fe603675642
2026-08-31T00:51:19.542+08:00[Asia/Shanghai]	143622566	query_economic_indicator_data	"{""question"":""G0000891"",""beginDate"":""20260801"",""endDate"":""20260831""}"	ea31292e308004706cc732d961debd8c
2026-08-31T00:51:15.728+08:00[Asia/Shanghai]	143622566	query_economic_indicator_data	"{""question"":""M0290205"",""beginDate"":""20260801"",""endDate"":""20260831""}"	0ae1b35b1e7dbf4c204b84c0414c36dd
2026-08-31T00:51:12.520+08:00[Asia/Shanghai]	143622566	query_economic_indicator_data	"{""question"":""M1006645"",""beginDate"":""20260801"",""endDate"":""20260831""}"	ca53f881e0749153a0cde1de1a973da0
2026-08-31T00:51:00.223+08:00[Asia/Shanghai]	143622566	query_economic_indicator_data	"{""question"":""M1002841"",""beginDate"":""20260821"",""endDate"":""20260831""}"	3f8b63a54809d9619f4a293ab1bc31bb
2026-08-31T00:50:55.963+08:00[Asia/Shanghai]	143622566	query_economic_indicator_data	"{""question"":""G0000891"",""beginDate"":""20260821"",""endDate"":""20260831""}"	77e5b65bab65c6893fb09d4c514f75aa
2026-08-31T00:50:52.193+08:00[Asia/Shanghai]	143622566	query_economic_indicator_data	"{""question"":""M0290205"",""beginDate"":""20260821"",""endDate"":""20260831""}"	5aac6d1ac1452838448af2f077494f87
2026-08-31T00:48:56.539+08:00[Asia/Shanghai]	143622566	query_economic_indicator_data	"{""question"":""M1006337"",""beginDate"":""20260814"",""endDate"":""20260831""}"	65632283c99b405aeb836fceea9a1a15
2026-08-31T00:48:32.565+08:00[Asia/Shanghai]	143622566	query_economic_indicator_data	"{""question"":""G0000891"",""beginDate"":""20260801"",""endDate"":""20260831""}"	8f95c770ab53ddef16b1bcd5afa9ef76
2026-08-31T00:48:09.454+08:00[Asia/Shanghai]	143622566	query_economic_indicator_data	"{""question"":""M1002619"",""beginDate"":""20260814"",""endDate"":""20260831""}"	a41afe9c8645b0e1199e6facbaae2b8e
2026-08-31T00:48:02.896+08:00[Asia/Shanghai]	143622566	query_economic_indicator_data	"{""question"":""G0000891"",""beginDate"":""20260814"",""endDate"":""20260831""}"	c292a9485f578508291471f421ac078d
2026-08-31T00:47:49.098+08:00[Asia/Shanghai]	143622566	query_economic_indicator_data	"{""question"":""M1006337"",""beginDate"":""20260814"",""endDate"":""20260831""}"	09da567b39fce237d6477cbd86e35cdc
2026-08-31T00:47:45.711+08:00[Asia/Shanghai]	111668674	query_economic_indicator_data	"{""question"":""美国:核心CPI:季调:同比"",""beginDate"":""2024-01-04"",""endDate"":""2026-08-29""}"	9896a3145b9c7cdfe010411bbac8d249
2026-08-31T00:47:43.743+08:00[Asia/Shanghai]	111668674	query_economic_indicator_data	"{""question"":""美国:核心CPI:季调:同比"",""beginDate"":""2016-01-03"",""endDate"":""2024-01-03""}"	86fce58f72c851e2587f1a9047543689
2026-08-31T00:47:39.214+08:00[Asia/Shanghai]	111668674	query_economic_indicator_data	"{""question"":""美国:核心CPI:季调:同比"",""beginDate"":""2000-01-01"",""endDate"":""2008-01-01""}"	3ff12df3bf9ab463208619ac26ad5c34
2026-08-31T00:47:34.300+08:00[Asia/Shanghai]	111668674	query_economic_indicator_data	"{""question"":""美国:核心PCE:同比"",""beginDate"":""2016-01-03"",""endDate"":""2024-01-03""}"	13a865528b78a17e037f6afb0d195760
2026-08-31T00:47:31.061+08:00[Asia/Shanghai]	111668674	query_economic_indicator_data	"{""question"":""美国:核心PCE:同比"",""beginDate"":""2000-01-01"",""endDate"":""2008-01-01""}"	f1375900a69e20f1143ebf7676fe0755
2026-08-31T00:47:29.364+08:00[Asia/Shanghai]	111668674	query_economic_indicator_data	"{""question"":""中国:CPI:当月同比"",""beginDate"":""2024-01-04"",""endDate"":""2026-08-29""}"	e86cb583e4f8ef5834e98356003fd63a
2026-08-31T00:47:20.855+08:00[Asia/Shanghai]	111668674	query_economic_indicator_data	"{""question"":""中国:CPI:当月同比"",""beginDate"":""2000-01-01"",""endDate"":""2008-01-01""}"	24639e6f888491111fe0ba95fb87717c
2026-08-31T00:47:10.920+08:00[Asia/Shanghai]	143553131	query_economic_indicator_data	"{""question"":""M1006337,M5525763,G0005428"",""beginDate"":""2025-01-01"",""endDate"":""2026-08-31""}"	c4745210e27f1f1be2a1a5020b57cef1
2026-08-31T00:46:25.882+08:00[Asia/Shanghai]	144208222	query_economic_indicator_data	"{""question"":""G0003890"",""beginDate"":""2024-07-01"",""endDate"":""2026-07-31""}"	8029f6292e1fea2b4b7d1e89c4110727
2026-08-31T00:45:32.037+08:00[Asia/Shanghai]	111668674	query_economic_indicator_data	"{""question"":""美国核心PCE同比"",""beginDate"":""2000-01-01"",""endDate"":""2003-12-31""}"	749db645c8bd5e5a1bfb36f17678b225
2026-08-31T00:45:15.778+08:00[Asia/Shanghai]	111668674	query_economic_indicator_data	"{""question"":""美国核心CPI同比"",""beginDate"":""2000-01-01"",""endDate"":""2003-12-31""}"	3fe048d7c87ca1fdf6bdb5249e186141
2026-08-31T00:45:04.061+08:00[Asia/Shanghai]	143622566	query_economic_indicator_data	"{""question"":""M0290205"",""beginDate"":""20260801"",""endDate"":""20260831""}"	701f6670a7f2d5f4d6453369bfdd612f
2026-08-31T00:44:51.875+08:00[Asia/Shanghai]	143622566	query_economic_indicator_data	"{""question"":""M1006337"",""beginDate"":""20260801"",""endDate"":""20260831""}"	2834d2fc8abaa43cbced3dc4711cb2b1
2026-08-31T00:44:45.956+08:00[Asia/Shanghai]	143622566	query_economic_indicator_data	"{""question"":""M1002619"",""beginDate"":""20260814"",""endDate"":""20260831""}"	d2746448a3bbd14a2c607fcedc545661
2026-08-31T00:44:42.956+08:00[Asia/Shanghai]	143622566	query_economic_indicator_data	"{""question"":""M1002841"",""beginDate"":""20260814"",""endDate"":""20260831""}"	fbe277c937cdf20ed9b0f9d797e9f443
2026-08-31T00:44:37.269+08:00[Asia/Shanghai]	143622566	query_economic_indicator_data	"{""question"":""G0000891"",""beginDate"":""20260814"",""endDate"":""20260831""}"	cc20fa387645a33e88fd01051502efdf
2026-08-31T00:44:34.531+08:00[Asia/Shanghai]	143622566	query_economic_indicator_data	"{""question"":""M0290205"",""beginDate"":""20260814"",""endDate"":""20260831""}"	5c57ea921c9ca2e2a0b96cb1a25ae0ee
2026-08-31T00:44:31.516+08:00[Asia/Shanghai]	143622566	query_economic_indicator_data	"{""question"":""M1006645"",""beginDate"":""20260814"",""endDate"":""20260831""}"	0993602244cef7febcc3fb8402bab4a1
2026-08-31T00:44:27.233+08:00[Asia/Shanghai]	143622566	query_economic_indicator_data	"{""question"":""M1006337"",""beginDate"":""20260814"",""endDate"":""20260831""}"	e41bf36c69c3ab3cb2232d99464e428d
2026-08-31T00:43:43.116+08:00[Asia/Shanghai]	111668674	search_economic_indicator	"{""question"":""美国核心CPI同比""}"	6420d88538a0aa3b012b7c98f0ed5779
2026-08-31T00:42:43.452+08:00[Asia/Shanghai]	111668674	query_economic_indicator_data	"{""question"":""中国:CPI:当月同比"",""beginDate"":""2000-01-01"",""endDate"":""2002-12-31""}"	a596a603977f90224d1a9d0bc7ee834a
2026-08-31T00:41:26.102+08:00[Asia/Shanghai]	111668674	query_economic_indicator_data	"{""question"":""M0000612"",""beginDate"":""2025-01-01"",""endDate"":""2026-07-31""}"	d1822e83e725a3ac81d563b7f495c42c
2026-08-31T00:39:20.980+08:00[Asia/Shanghai]	142926310	search_economic_indicator	"{""question"":""河南省一般公共预算收入""}"	864d45b0ccbc3254395836aa6cf9f7a9
2026-08-31T00:38:39.231+08:00[Asia/Shanghai]	142926310	search_economic_indicator	"{""question"":""铅精矿加工费""}"	3e067af48fbe382568a8c244aec72e95
2026-08-31T00:38:38.313+08:00[Asia/Shanghai]	142926310	search_economic_indicator	"{""question"":""伦敦现货黄金价格""}"	c84122465372f39b0197cf24816be808
2026-08-31T00:38:09.215+08:00[Asia/Shanghai]	142926310	search_economic_indicator	"{""question"":""长江有色市场铅平均价""}"	0fc8746822f6828a711457c3bfb65c79
2026-08-31T00:36:04.194+08:00[Asia/Shanghai]	143896322	search_economic_indicator	"{""question"":""中债银行间固定利率国债收益率曲线""}"	529ce6c8ad2fbd824888b793d67bf890
2026-08-31T00:35:37.940+08:00[Asia/Shanghai]	144454242	query_economic_indicator_data	"{""question"":""M0067855,M0000185"",""beginDate"":""2026-03-01"",""endDate"":""2026-08-29""}"	f3be054d4bb25c4bec95ffd6d3b3928a
2026-08-31T00:35:33.315+08:00[Asia/Shanghai]	144454242	search_economic_indicator	"{""question"":""人民币兑美元中间价""}"	edc3ee85fbce6d3f5016967d194fa363
2026-08-31T00:35:10.595+08:00[Asia/Shanghai]	143622566	query_economic_indicator_data	"{""question"":""M1002841"",""beginDate"":""20260814"",""endDate"":""20260831""}"	485c77ded0965e1d8c7fa58b0edf9462
2026-08-31T00:35:10.478+08:00[Asia/Shanghai]	143622566	query_economic_indicator_data	"{""question"":""M1002619"",""beginDate"":""20260814"",""endDate"":""20260831""}"	a0933d0f0076a9f97993c6c1bf6e7b42
2026-08-31T00:35:03.427+08:00[Asia/Shanghai]	143622566	query_economic_indicator_data	"{""question"":""G0000891"",""beginDate"":""20260814"",""endDate"":""20260831""}"	4729036c07f87efbb8e7d72085292cf1
2026-08-31T00:34:55.854+08:00[Asia/Shanghai]	143622566	query_economic_indicator_data	"{""question"":""M0290205"",""beginDate"":""20260814"",""endDate"":""20260831""}"	e29e84827d99b62435749a5112f021a5
2026-08-31T00:34:52.369+08:00[Asia/Shanghai]	143622566	query_economic_indicator_data	"{""question"":""M1006645"",""beginDate"":""20260814"",""endDate"":""20260831""}"	6691f557017a53c7b48fdcaf2de4dea1
2026-08-31T00:34:48.161+08:00[Asia/Shanghai]	144454242	search_economic_indicator	"{""question"":""人民币兑美元即期汇率中间价""}"	c5725274b9eec0706ddf307ca240fa62
2026-08-31T00:34:38.566+08:00[Asia/Shanghai]	144454242	query_economic_indicator_data	"{""question"":""G0002329"",""beginDate"":""2026-08-01"",""endDate"":""2026-08-25""}"	1567171561b97f8999c59958f16d905e
2026-08-31T00:34:04.822+08:00[Asia/Shanghai]	144454242	search_economic_indicator	"{""question"":""人民币兑美元汇率""}"	9886b77e37abe01ea8104ae6bd7c2fa9
2026-08-31T00:34:01.820+08:00[Asia/Shanghai]	143896322	search_economic_indicator	"{""question"":""国债收益率曲线10年""}"	7aef3b7885ec52e64b4f0ba8eb81a077
2026-08-31T00:34:00.391+08:00[Asia/Shanghai]	143896322	search_economic_indicator	"{""question"":""中债国债即期收益率10年""}"	973bf772c466617152f2a70ad276976b
2026-08-31T00:33:54.776+08:00[Asia/Shanghai]	143896322	search_economic_indicator	"{""question"":""国债到期收益率10年 银行间""}"	37011a8a4c7b08fe78d516dac425c829
2026-08-31T00:33:47.525+08:00[Asia/Shanghai]	143896322	search_economic_indicator	"{""question"":""银行间固定利率国债收益率曲线10年""}"	4c6be8b6c8d5c8702dfe65310ebd6a12
2026-08-31T00:33:09.931+08:00[Asia/Shanghai]	143896322	query_economic_indicator_data	"{""question"":""中债国债到期收益率:10年"",""beginDate"":""2026-08-20"",""endDate"":""2026-08-28""}"	df99880c71d7ce6c86c57e5a0bf1543e
2026-08-31T00:33:08.158+08:00[Asia/Shanghai]	143896322	query_economic_indicator_data	"{""question"":""中债国债到期收益率:10年"",""beginDate"":""2012-01-01"",""endDate"":""2012-12-31""}"	2e618626f439744b94e143e1a8fdda4e
2026-08-31T00:32:34.568+08:00[Asia/Shanghai]	143896322	search_economic_indicator	"{""question"":""中债国债到期收益率10年""}"	03a2507f52186ae6ebd60d79bbf2da68
2026-08-31T00:30:57.767+08:00[Asia/Shanghai]	111668674	query_economic_indicator_data	"{""question"":""G1112986"",""beginDate"":""2024-01-04"",""endDate"":""2026-08-29""}"	ee6c7a28b28f9677b1c62d3b00e363ea
2026-08-31T00:30:53.392+08:00[Asia/Shanghai]	111668674	query_economic_indicator_data	"{""question"":""G1112986"",""beginDate"":""2016-01-03"",""endDate"":""2024-01-03""}"	6444a1745d69f066f5ce05a5a17e0f09
2026-08-31T00:30:52.226+08:00[Asia/Shanghai]	143553131	search_economic_indicator	"{""question"":""美国10年期国债实际收益率""}"	0d765bc8cb8676986b80e371bb88152c
2026-08-31T00:30:50.684+08:00[Asia/Shanghai]	143553131	search_economic_indicator	"{""question"":""中国社会融资规模存量同比增速""}"	1ce16548edc97752246fecff14bbb5a9
2026-08-31T00:30:46.206+08:00[Asia/Shanghai]	143553131	search_economic_indicator	"{""question"":""中国银行间存款类机构7天期质押式回购利率 DR007""}"	55c7e46e3d480fcc85b137fc0be45dad
2026-08-31T00:30:45.581+08:00[Asia/Shanghai]	111668674	query_economic_indicator_data	"{""question"":""G1112986"",""beginDate"":""2000-01-01"",""endDate"":""2008-01-01""}"	9d651a23bf09d15352491362796eebd3
2026-08-31T00:30:45.431+08:00[Asia/Shanghai]	144259095	query_economic_indicator_data	"{""question"":""S0031525,S5111926,S5111905,S0254693,S0254694,S9982336"",""beginDate"":""2026-08-27"",""endDate"":""2026-08-29""}"	eca80f6392bb2b7fbbb6cc28ebaac8c0
2026-08-31T00:30:37.171+08:00[Asia/Shanghai]	111668674	query_economic_indicator_data	"{""question"":""M0000612"",""beginDate"":""2024-01-04"",""endDate"":""2026-08-29""}"	2657898740f854c39bce9fcffd84a0be
2026-08-31T00:30:26.791+08:00[Asia/Shanghai]	111668674	query_economic_indicator_data	"{""question"":""M0000612"",""beginDate"":""2008-01-02"",""endDate"":""2016-01-02""}"	86ae8d092e51fc2cbf11a5955b988d58
2026-08-31T00:30:22.837+08:00[Asia/Shanghai]	111668674	query_economic_indicator_data	"{""question"":""M0000612"",""beginDate"":""2000-01-01"",""endDate"":""2008-01-01""}"	1d30bea8bd80e9b1d301bd2059452eff
2026-08-31T00:30:17.475+08:00[Asia/Shanghai]	144259095	query_economic_indicator_data	"{""question"":""Y2077418,S0270980,S0069669,S0180945,S0035819,S0202645,S5812019"",""beginDate"":""2026-08-27"",""endDate"":""2026-08-29""}"	3a15c08df2b8cc8e3a17a5b4481bca0c
2026-08-31T00:29:45.631+08:00[Asia/Shanghai]	144259095	search_economic_indicator	"{""question"":""布伦特原油价格相关的全部可用指标，包括布伦特现货、北海布伦特现货、Dated Brent、布伦特期货连续合约、布伦特期货活跃合约、布伦特期货收盘价和结算价、各交割月合约""}"	4354ee0abc9ddb0cc056a21a435d6ff6
2026-08-31T00:29:40.682+08:00[Asia/Shanghai]	111668674	query_economic_indicator_data	"{""question"":""G1112986"",""beginDate"":""2024-01-04"",""endDate"":""2026-08-31""}"	782c49a67f00ad0c0c6e220e265bf44a
2026-08-31T00:29:37.741+08:00[Asia/Shanghai]	143622566	query_economic_indicator_data	"{""question"":""G0000891"",""beginDate"":""20260814"",""endDate"":""20260831""}"	184628266328f6e1ff1b4f78a9ed4903
2026-08-31T00:29:35.978+08:00[Asia/Shanghai]	111668674	query_economic_indicator_data	"{""question"":""G1112986"",""beginDate"":""2016-01-03"",""endDate"":""2024-01-03""}"	89cb558d2d44e0b33161c464e6bbc9b4
2026-08-31T00:29:33.960+08:00[Asia/Shanghai]	143622566	query_economic_indicator_data	"{""question"":""M0290205"",""beginDate"":""20260814"",""endDate"":""20260831""}"	ff0e30e485778a0788bc9bf6c8424510
2026-08-31T00:29:32.674+08:00[Asia/Shanghai]	111668674	query_economic_indicator_data	"{""question"":""G1112986"",""beginDate"":""2008-01-02"",""endDate"":""2016-01-02""}"	09047f0233e7a4b46c7f7fe3214f2a33
2026-08-31T00:29:27.473+08:00[Asia/Shanghai]	143622566	query_economic_indicator_data	"{""question"":""M1006645"",""beginDate"":""20260814"",""endDate"":""20260831""}"	387ad6365d773161df1c85451b45a406
2026-08-31T00:29:22.115+08:00[Asia/Shanghai]	143622566	query_economic_indicator_data	"{""question"":""M1006337"",""beginDate"":""20260814"",""endDate"":""20260831""}"	8813765a258f3efeebe5b8888349eb95
2026-08-31T00:29:21.471+08:00[Asia/Shanghai]	111668674	query_economic_indicator_data	"{""question"":""G1112986"",""beginDate"":""2000-01-01"",""endDate"":""2008-01-01""}"	cde72dbf6c8c9611b8a23885bdcd945b
2026-08-31T00:29:17.442+08:00[Asia/Shanghai]	111668674	query_economic_indicator_data	"{""question"":""G0000006"",""beginDate"":""2024-01-04"",""endDate"":""2026-08-31""}"	48b99a1a9f24a51c74b3cf27bced60b2
2026-08-31T00:29:08.063+08:00[Asia/Shanghai]	111668674	query_economic_indicator_data	"{""question"":""G0000006"",""beginDate"":""2016-01-03"",""endDate"":""2024-01-03""}"	2ceb237193d717814feba00440eeec8a
2026-08-31T00:28:57.868+08:00[Asia/Shanghai]	111668674	query_economic_indicator_data	"{""question"":""G0000006"",""beginDate"":""2000-01-01"",""endDate"":""2008-01-01""}"	8d8ae82c56b16644fa0d231c2ee1fe27
2026-08-31T00:28:57.747+08:00[Asia/Shanghai]	144379088	query_economic_indicator_data	"{""question"":""S0031550"",""beginDate"":""2026-08-15"",""endDate"":""2026-08-26""}"	71feb0787ad26b415b55537958f2c324
2026-08-31T00:28:52.884+08:00[Asia/Shanghai]	144379088	query_economic_indicator_data	"{""question"":""S0114089"",""beginDate"":""2026-08-15"",""endDate"":""2026-08-26""}"	424fe829495052a88c9220ea742707fa
2026-08-31T00:28:24.887+08:00[Asia/Shanghai]	111668674	search_economic_indicator	"{""question"":""美国GDP同比增速季调""}"	5c78efa55ae7be6b409db7c19e3eb3cd
2026-08-31T00:28:22.111+08:00[Asia/Shanghai]	111668674	search_economic_indicator	"{""question"":""美国实际GDP同比""}"	ff023abf1cd87e6947af1ffa72c3e3a1
2026-08-31T00:24:14.464+08:00[Asia/Shanghai]	143585896	search_economic_indicator	"{""question"":""辅酶Q10""}"	373dd29d8c57324c6a686d47cdfff975
2026-08-31T00:24:09.912+08:00[Asia/Shanghai]	143585896	query_economic_indicator_data	"{""question"":""S0106877"",""beginDate"":""2015-01-01"",""endDate"":""2026-08-31""}"	52ca9d7454dca9d4a5dcd03b65ced53e
2026-08-31T00:23:49.635+08:00[Asia/Shanghai]	143585896	search_economic_indicator	"{""question"":""维生素D3 辅酶Q10 鱼油 DHA 价格""}"	8911a28c5fa6c9798b51110c6dc5b425
2026-08-31T00:23:14.256+08:00[Asia/Shanghai]	143585896	query_economic_indicator_data	"{""question"":""S0106873"",""beginDate"":""2015-01-01"",""endDate"":""2026-08-31""}"	2cf784acf0f40a36f651c1e28014e7fe
2026-08-31T00:22:50.268+08:00[Asia/Shanghai]	143585896	search_economic_indicator	"{""question"":""维生素A 价格 市场价 饲料级""}"	8f2952103f7c1361f72f78f129df5600
2026-08-31T00:21:36.484+08:00[Asia/Shanghai]	144162568	query_economic_indicator_data	"{""question"":""U0487234,R9964094"",""beginDate"":""2024-10-01"",""endDate"":""2026-08-31""}"	185610217015046f0ea79e86a0fbc727
2026-08-31T00:21:07.954+08:00[Asia/Shanghai]	115564379	query_economic_indicator_data	"{""beginDate"":""2025-07-27"",""endDate"":""2026-08-31"",""question"":""M0325686,M1001654,M1001657""}"	2a38b72f5425ddd5879f7b569b29f70e
2026-08-31T00:21:04.766+08:00[Asia/Shanghai]	115564379	query_economic_indicator_data	"{""beginDate"":""2026-04-23"",""endDate"":""2026-08-31"",""question"":""M5207845,M5207847""}"	8f4615d0a417b39e1fb6a7851f4d043a
2026-08-31T00:21:00.326+08:00[Asia/Shanghai]	115564379	query_economic_indicator_data	"{""beginDate"":""2026-06-12"",""endDate"":""2026-08-31"",""question"":""M0096870,M0331299""}"	bbc3766f1c86a37c4fa1c173bebbb4f5
2026-08-31T00:20:55.940+08:00[Asia/Shanghai]	115564379	query_economic_indicator_data	"{""beginDate"":""2026-01-13"",""endDate"":""2026-08-31"",""question"":""M0001383,M0001385,M0009970,M5525763,M0009976,M5607728""}"	e53ce564a0ed3f7ba424fec563aabf05
2026-08-31T00:20:52.896+08:00[Asia/Shanghai]	115564379	query_economic_indicator_data	"{""beginDate"":""2026-04-23"",""endDate"":""2026-08-31"",""question"":""M0000545,M0001428,M0000273,S0029657,M5650805""}"	335efdd1c3c0200b63af439da77ff8cd
2026-08-31T00:20:49.083+08:00[Asia/Shanghai]	115564379	query_economic_indicator_data	"{""beginDate"":""2026-04-23"",""endDate"":""2026-08-31"",""question"":""M0017126,M5206740""}"	ad2e113bf3100744cf03e9b2d265e906
2026-08-31T00:16:49.567+08:00[Asia/Shanghai]	115564379	query_economic_indicator_data	"{""beginDate"":""2026-04-23"",""endDate"":""2026-08-31"",""question"":""M5207845,M5207847""}"	92e4ec33f9c08990a83b93cd0ea4db74
2026-08-31T00:16:42.991+08:00[Asia/Shanghai]	115564379	query_economic_indicator_data	"{""beginDate"":""2026-06-12"",""endDate"":""2026-08-31"",""question"":""M0096870,M0331299""}"	ebdb833f3ae286e08f14e53900244c5c
2026-08-31T00:15:34.906+08:00[Asia/Shanghai]	115564379	query_economic_indicator_data	"{""beginDate"":""2025-07-27"",""endDate"":""2026-08-31"",""question"":""M0325686,M1001654,M1001657""}"	ee0aeadad1a0099a63ee16c7ad689dcd
2026-08-31T00:15:05.076+08:00[Asia/Shanghai]	115564379	query_economic_indicator_data	"{""beginDate"":""2026-01-13"",""endDate"":""2026-08-31"",""question"":""M0001383,M0001385,M0009970,M5525763,M0009976,M5607728""}"	ca37243cc6727629c3fc3f430a537729
2026-08-31T00:15:04.192+08:00[Asia/Shanghai]	115564379	query_economic_indicator_data	"{""beginDate"":""2026-06-12"",""endDate"":""2026-08-31"",""question"":""M0096870,M0331299""}"	0024b16006cedc23f34b291c4bf4af2b
2026-08-31T00:14:57.956+08:00[Asia/Shanghai]	115564379	query_economic_indicator_data	"{""beginDate"":""2026-04-23"",""endDate"":""2026-08-31"",""question"":""M0017126,M5206740""}"	6b334a41feeb0bb9dc8089f843d43111
2026-08-31T00:14:45.174+08:00[Asia/Shanghai]	143076852	query_economic_indicator_data	"{""question"":""S0147986"",""beginDate"":""2026-08-01"",""endDate"":""2026-08-31""}"	b94f3dcfb17572eca548adf3cdc7add8
2026-08-31T00:14:41.167+08:00[Asia/Shanghai]	143076852	query_economic_indicator_data	"{""question"":""S0143712"",""beginDate"":""2026-08-01"",""endDate"":""2026-08-31""}"	b76360d04ebdbbb8e9a536d77e977c3f
2026-08-31T00:14:35.095+08:00[Asia/Shanghai]	143076852	query_economic_indicator_data	"{""question"":""M5206730"",""beginDate"":""2015-01-01"",""endDate"":""2026-08-31""}"	4646ed5465a3a0bc572bd298a360b8eb
2026-08-31T00:14:30.728+08:00[Asia/Shanghai]	143076852	query_economic_indicator_data	"{""question"":""M0017126"",""beginDate"":""2026-08-01"",""endDate"":""2026-08-31""}"	e23d781b4da86e0fac234d398a7caf92
2026-08-31T00:14:27.175+08:00[Asia/Shanghai]	143076852	query_economic_indicator_data	"{""question"":""M0001385"",""beginDate"":""2026-08-01"",""endDate"":""2026-08-31""}"	114a8c171f5e6abd9c875f5512b23698
2026-08-31T00:14:22.450+08:00[Asia/Shanghai]	143076852	query_economic_indicator_data	"{""question"":""M0001383"",""beginDate"":""2026-08-01"",""endDate"":""2026-08-31""}"	f4b25738511c0390484ca1fc20fae32c
2026-08-31T00:14:17.975+08:00[Asia/Shanghai]	143076852	query_economic_indicator_data	"{""question"":""M5525763"",""beginDate"":""2026-08-01"",""endDate"":""2026-08-31""}"	c3395af0205d499e114aa36d069cdd30
2026-08-31T00:14:07.234+08:00[Asia/Shanghai]	143076852	query_economic_indicator_data	"{""question"":""G0003892"",""beginDate"":""2026-08-29"",""endDate"":""2026-08-31""}"	9c6edccaf32d0f8315e625c2d8b81025
2026-08-31T00:14:02.720+08:00[Asia/Shanghai]	143076852	query_economic_indicator_data	"{""question"":""M0000271"",""beginDate"":""2026-08-29"",""endDate"":""2026-08-31""}"	6d9d74ffafd6eb93e4cadacc5fb908af
2026-08-31T00:14:00.068+08:00[Asia/Shanghai]	110863997	search_economic_indicator	"{""question"":""中国10年期国债收益率""}"	9691790837080e51b15338d76282bd31
2026-08-31T00:13:57.159+08:00[Asia/Shanghai]	143076852	query_economic_indicator_data	"{""question"":""M1001791"",""beginDate"":""2026-08-29"",""endDate"":""2026-08-31""}"	9d3565554da5fe90423928698f82bc29
2026-08-31T00:13:50.171+08:00[Asia/Shanghai]	143076852	query_economic_indicator_data	"{""question"":""M0325687"",""beginDate"":""2026-08-29"",""endDate"":""2026-08-31""}"	a79dbedf7fef81c15c96909f78adc2d3
2026-08-31T00:13:45.651+08:00[Asia/Shanghai]	143076852	query_economic_indicator_data	"{""question"":""M1001654"",""beginDate"":""2026-08-29"",""endDate"":""2026-08-31""}"	90b94e59649756f0e0b4df42e3729f75
2026-08-31T00:13:30.975+08:00[Asia/Shanghai]	143076852	query_economic_indicator_data	"{""question"":""M0325686"",""beginDate"":""2026-08-29"",""endDate"":""2026-08-31""}"	c62f82bf1f1128cff496824dc796adee
2026-08-31T00:13:25.418+08:00[Asia/Shanghai]	143076852	query_economic_indicator_data	"{""question"":""M5528818"",""beginDate"":""2026-08-01"",""endDate"":""2026-08-31""}"	f4b2af088c85540c407ab4e6c4b51b4c
2026-08-31T00:13:21.225+08:00[Asia/Shanghai]	143076852	query_economic_indicator_data	"{""question"":""M0331299"",""beginDate"":""2026-08-21"",""endDate"":""2026-08-31""}"	489f269e2f74a91dff7e4282a7d35bce
2026-08-31T00:13:16.740+08:00[Asia/Shanghai]	143076852	query_economic_indicator_data	"{""question"":""M0096870"",""beginDate"":""2026-08-21"",""endDate"":""2026-08-31""}"	2c1975898fca8807e35cf98137f414fb
2026-08-31T00:13:13.037+08:00[Asia/Shanghai]	143076852	query_economic_indicator_data	"{""question"":""A4087688"",""beginDate"":""2026-08-29"",""endDate"":""2026-08-31""}"	9b8b0a70253d1796f5b70207ca9d1695
2026-08-31T00:13:05.664+08:00[Asia/Shanghai]	143076852	query_economic_indicator_data	"{""question"":""P2995878"",""beginDate"":""2026-08-29"",""endDate"":""2026-08-31""}"	ab744fd93810ea272af9b5424e6782b5
2026-08-31T00:13:01.147+08:00[Asia/Shanghai]	143076852	query_economic_indicator_data	"{""question"":""M0017138"",""beginDate"":""2026-08-29"",""endDate"":""2026-08-31""}"	29c5b9016f6c3320aef42e7350a5da24
2026-08-31T00:12:56.417+08:00[Asia/Shanghai]	143076852	query_economic_indicator_data	"{""question"":""M0017153"",""beginDate"":""2026-08-29"",""endDate"":""2026-08-31""}"	4ac7d378a953cf8caf906b66c7dba6c8
2026-08-31T00:12:40.419+08:00[Asia/Shanghai]	143076852	query_economic_indicator_data	"{""question"":""M1006337"",""beginDate"":""2026-08-29"",""endDate"":""2026-08-31""}"	69ab75cf6a0a9018b2246611ad4974ae
2026-08-31T00:11:30.846+08:00[Asia/Shanghai]	143076852	query_economic_indicator_data	"{""question"":""M1006337"",""beginDate"":""2026-08-27"",""endDate"":""2026-08-31""}"	69d153d5748d6a95b5d7a702b4431112
2026-08-31T00:10:05.391+08:00[Asia/Shanghai]	144105057	query_economic_indicator_data	"{""question"":""英国:国债收益率:30年"",""beginDate"":""2016-01-01"",""endDate"":""2026-08-31""}"	24873964734f5fe2356bbef1ebf43007
2026-08-31T00:09:59.346+08:00[Asia/Shanghai]	144105057	query_economic_indicator_data	"{""question"":""英国:国债收益率:10年"",""beginDate"":""2006-01-01"",""endDate"":""2015-12-31""}"	cb9d1840411a1ee18f7748ae8c521e76
2026-08-31T00:09:59.236+08:00[Asia/Shanghai]	144105057	query_economic_indicator_data	"{""question"":""英国:国债收益率:30年"",""beginDate"":""1996-01-01"",""endDate"":""2005-12-31""}"	2622ace8b939e581abd5cade1d529e34
2026-08-31T00:09:57.488+08:00[Asia/Shanghai]	144105057	query_economic_indicator_data	"{""question"":""英国:国债收益率:10年"",""beginDate"":""1996-01-01"",""endDate"":""2005-12-31""}"	b7c4e9cdceab58a09e8c7a95da7d6766
2026-08-31T00:09:43.304+08:00[Asia/Shanghai]	144105057	query_economic_indicator_data	"{""question"":""日本:国债利率:30年"",""beginDate"":""1996-01-01"",""endDate"":""2005-12-31""}"	a81c02d50c40d070247c4938b3e03e95
2026-08-31T00:09:36.673+08:00[Asia/Shanghai]	144105057	query_economic_indicator_data	"{""question"":""日本:国债利率:10年"",""beginDate"":""2016-01-01"",""endDate"":""2026-08-31""}"	2b6b628cbc4ca10bf9dfeaf558cf9d41
2026-08-31T00:09:23.432+08:00[Asia/Shanghai]	144105057	query_economic_indicator_data	"{""question"":""美国:国债收益率:30年"",""beginDate"":""1996-01-01"",""endDate"":""2005-12-31""}"	de64cae4aa49096b57a2108dc8b55de9
2026-08-31T00:09:20.536+08:00[Asia/Shanghai]	144105057	query_economic_indicator_data	"{""question"":""美国:国债收益率:10年"",""beginDate"":""2006-01-01"",""endDate"":""2015-12-31""}"	920cdfc5ad3718aee12b4b4626eff5dd
2026-08-31T00:09:18.785+08:00[Asia/Shanghai]	144105057	query_economic_indicator_data	"{""question"":""美国:国债收益率:10年"",""beginDate"":""1996-01-01"",""endDate"":""2005-12-31""}"	46f7ce14cd4128b4867c9ee5c51dab09
2026-08-31T00:09:18.429+08:00[Asia/Shanghai]	144105057	query_economic_indicator_data	"{""question"":""美国:国债收益率:10年"",""beginDate"":""2016-01-01"",""endDate"":""2026-08-31""}"	4c122589fad02f6f6907e7f240157898
2026-08-31T00:08:41.828+08:00[Asia/Shanghai]	112732355	query_economic_indicator_data	"{""question"":""Z6496161,O0489552,X3160846,N7456477"",""beginDate"":""2026-08-25"",""endDate"":""2026-08-28""}"	d4b2ba9cab0314f2146ad34a6c3bf053
2026-08-31T00:08:38.723+08:00[Asia/Shanghai]	112732355	query_economic_indicator_data	"{""question"":""X2856923,A0239140,O8195887,N8643734"",""beginDate"":""2026-08-25"",""endDate"":""2026-08-28""}"	59f85abd931e6c9120fabd1fd34549bd
2026-08-31T00:08:35.292+08:00[Asia/Shanghai]	143649865	search_economic_indicator	"{""question"":""全球 PCB 分板型产值:多层板 HDI 挠性板 封装基板 单双面板 产值 Prismark""}"	6356d6d9feab0a796f8cc44478877f21
2026-08-31T00:08:32.608+08:00[Asia/Shanghai]	144105057	query_economic_indicator_data	"{""question"":""英国金边债券收益率30年长期"",""beginDate"":""2026-08-20"",""endDate"":""2026-08-27""}"	4c0392933ca6a9376fbb3c2a34c07941
2026-08-31T00:08:30.190+08:00[Asia/Shanghai]	112732355	query_economic_indicator_data	"{""question"":""U0737658,W6238867,W1775339,L4530250"",""beginDate"":""2026-08-25"",""endDate"":""2026-08-28""}"	87ee15b795f03f07751e3f5c10574474
2026-08-31T00:07:58.275+08:00[Asia/Shanghai]	112732355	query_economic_indicator_data	"{""question"":""S0213048,M0096851,M0330936,P8074122"",""beginDate"":""20260825"",""endDate"":""20260831""}"	e6c0de8fa1c8a7aaabea537e58866284
2026-08-31T00:07:55.091+08:00[Asia/Shanghai]	144105057	query_economic_indicator_data	"{""question"":""美国:国债收益率:30年"",""beginDate"":""2000-01-01"",""endDate"":""2010-12-31""}"	46ba275faa51885fa8f55374a47c9bf7
2026-08-31T00:07:25.842+08:00[Asia/Shanghai]	144461931	search_economic_indicator	"{""question"":""美国劳工统计局 消费者价格指数 CPI 同比 环比 月度 季调与非季调""}"	207e47b3a20390e603374dd212e9a5ef
2026-08-31T00:07:08.166+08:00[Asia/Shanghai]	143897018	query_economic_indicator_data	"{""question"":""M0067855"",""beginDate"":""2020-12-01"",""endDate"":""2026-08-31""}"	58099625a64c30232c51fbb1babf3622
2026-08-31T00:07:07.858+08:00[Asia/Shanghai]	144105057	query_economic_indicator_data	"{""question"":""德国:国债收益率:10年"",""beginDate"":""2010-01-01"",""endDate"":""2010-12-31""}"	05efb32bfdb609bc1cfe92efb83edddb
2026-08-31T00:07:01.631+08:00[Asia/Shanghai]	144105057	query_economic_indicator_data	"{""question"":""日本:国债利率:30年"",""beginDate"":""2003-01-01"",""endDate"":""2003-12-31""}"	33d518240bd4806700f14f63085b8946
2026-08-31T00:06:34.844+08:00[Asia/Shanghai]	143897018	query_economic_indicator_data	"{""question"":""M0067855"",""beginDate"":""2020-12-01"",""endDate"":""2026-08-31""}"	369c52ab7c7c33ba9322e8b73003f8bb
2026-08-31T00:06:33.712+08:00[Asia/Shanghai]	144105057	query_economic_indicator_data	"{""question"":""英国:国债收益率:10年"",""beginDate"":""1960-01-01"",""endDate"":""2026-08-31""}"	7a6f8337a6352ac99e1e56da102ab9bc
2026-08-31T00:06:32.082+08:00[Asia/Shanghai]	144105057	query_economic_indicator_data	"{""question"":""德国:国债收益率:30年"",""beginDate"":""1960-01-01"",""endDate"":""2026-08-31""}"	a176fcb4fec02582a6ec87cfccc05261
2026-08-31T00:06:31.559+08:00[Asia/Shanghai]	144105057	query_economic_indicator_data	"{""question"":""英国:国债收益率:30年"",""beginDate"":""1960-01-01"",""endDate"":""2026-08-31""}"	9dfe1abeaf00a2f7e68c39e41b664b91
2026-08-31T00:06:29.160+08:00[Asia/Shanghai]	144105057	query_economic_indicator_data	"{""question"":""日本:国债利率:30年"",""beginDate"":""1960-01-01"",""endDate"":""2026-08-31""}"	3c4dfb49edb47131860543e73c3ecf87
2026-08-31T00:06:24.224+08:00[Asia/Shanghai]	144105057	query_economic_indicator_data	"{""question"":""日本:国债利率:10年"",""beginDate"":""1960-01-01"",""endDate"":""2026-08-31""}"	06b350fb480cc1185af06085078c3089
2026-08-31T00:06:06.206+08:00[Asia/Shanghai]	114065515	query_economic_indicator_data	"{""question"":""S5806072"",""beginDate"":""2026-08-29"",""endDate"":""2026-08-31""}"	8f30846d8a1cc5b4637e2dc9408842dd
2026-08-31T00:06:02.847+08:00[Asia/Shanghai]	114065515	query_economic_indicator_data	"{""question"":""S0069670"",""beginDate"":""2026-08-29"",""endDate"":""2026-08-31""}"	44f8f08893dc7f7e4e4fdb1166ef8d10
2026-08-31T00:05:55.155+08:00[Asia/Shanghai]	144256630	query_economic_indicator_data	"{""question"":""T7188108"",""beginDate"":""2026-08-28"",""endDate"":""2026-08-31""}"	46d13cb222200800c2b0f823a5959e1b
2026-08-31T00:05:51.880+08:00[Asia/Shanghai]	114065515	query_economic_indicator_data	"{""question"":""S0031648"",""beginDate"":""2026-08-29"",""endDate"":""2026-08-31""}"	1f85d549301bb7f471d7fb1c6973a140
2026-08-31T00:05:35.991+08:00[Asia/Shanghai]	144105057	query_economic_indicator_data	"{""question"":""美国:国债收益率:10年 30年"",""beginDate"":""2026-08-28"",""endDate"":""2026-08-28""}"	59dc92827bc4368a080df1a5fc6f61a7
2026-08-31T00:05:33.617+08:00[Asia/Shanghai]	144105057	query_economic_indicator_data	"{""question"":""英国:国债收益率:30年 英国央行"",""beginDate"":""2026-08-20"",""endDate"":""2026-08-27""}"	f736802938f6f487ee1c52cc818143e9
2026-08-31T00:05:25.171+08:00[Asia/Shanghai]	114065515	query_economic_indicator_data	"{""question"":""S0031645"",""beginDate"":""2026-08-29"",""endDate"":""2026-08-31""}"	96db8b20de765ad44cef92bddfe75449
2026-08-31T00:05:10.396+08:00[Asia/Shanghai]	143888399	query_economic_indicator_data	"{""question"":""S0031525 期货结算价(连续):布伦特原油"",""beginDate"":""2026-04-01"",""endDate"":""2026-06-30""}"	efa7f5a0fa781df22b4ae2c056c3774b
2026-08-31T00:04:43.723+08:00[Asia/Shanghai]	144105057	query_economic_indicator_data	"{""question"":""G0006355 英国国债收益率30年"",""beginDate"":""2026-08-20"",""endDate"":""2026-08-28""}"	0dc3391b4615781e691d4a5c2823b452
2026-08-31T00:04:39.849+08:00[Asia/Shanghai]	144105057	query_economic_indicator_data	"{""question"":""G1235668 日本国债利率30年"",""beginDate"":""2026-08-20"",""endDate"":""2026-08-28""}"	cd1633e6cbe9fce4997e836ba6c27d0b
2026-08-31T00:04:33.185+08:00[Asia/Shanghai]	144256630	query_economic_indicator_data	"{""question"":""S5712502"",""beginDate"":""2021-01-01"",""endDate"":""2026-08-31""}"	7fb0343ff2e875df888ec0a1f90661de
2026-08-31T00:04:26.504+08:00[Asia/Shanghai]	143897018	search_economic_indicator	"{""question"":""中债国债到期收益率1年期""}"	e97252c1dd9d57a0ca5641d58e4bd732
2026-08-31T00:04:23.722+08:00[Asia/Shanghai]	143897018	search_economic_indicator	"{""question"":""中债国债到期收益率10年期""}"	11c7777fe0d576f8991cd03c79695696
2026-08-31T00:04:16.460+08:00[Asia/Shanghai]	143888399	query_economic_indicator_data	"{""question"":""S0031525 期货结算价(连续):布伦特原油"",""beginDate"":""2026-07-01"",""endDate"":""2026-08-31""}"	e969248615a30a0cbe1faf97c64263e9
2026-08-31T00:04:13.223+08:00[Asia/Shanghai]	144105057	query_economic_indicator_data	"{""question"":""德国:国债收益率:30年"",""beginDate"":""2026-08-24"",""endDate"":""2026-08-28""}"	6392ac56bdd4d4cd7f8bd3c5fb4f63a1
2026-08-31T00:04:11.618+08:00[Asia/Shanghai]	144105057	query_economic_indicator_data	"{""question"":""日本:国债利率:10年"",""beginDate"":""2026-08-24"",""endDate"":""2026-08-28""}"	d0bd5baea7538d0a52ae53b9e8b20a1f
2026-08-31T00:03:53.515+08:00[Asia/Shanghai]	144105057	query_economic_indicator_data	"{""question"":""日本:国债收益率:10年 30年"",""beginDate"":""2026-08-28"",""endDate"":""2026-08-28""}"	92b1aecd13c8c17c418e1232e691ecaa
2026-08-31T00:03:53.055+08:00[Asia/Shanghai]	143888399	search_economic_indicator	"{""question"":""布伦特原油期货结算价""}"	f91f378e7132d58cc3ef4bdd51e47625
2026-08-31T00:03:27.044+08:00[Asia/Shanghai]	144369109	query_economic_indicator_data	"{""question"":""M5767894"",""beginDate"":""2017-01-01"",""endDate"":""2026-06-30""}"	1a0fb34f3028ad15d9cf0511d0419e38
2026-08-31T00:03:22.112+08:00[Asia/Shanghai]	144369109	query_economic_indicator_data	"{""question"":""M5767893"",""beginDate"":""2017-01-01"",""endDate"":""2026-06-30""}"	fb1cd0d38c694e616de4150f6ca3659b
2026-08-31T00:02:37.961+08:00[Asia/Shanghai]	142907651	search_economic_indicator	"{""question"":""中国国航客座率 南方航空客座率 中国东航客座率 春秋航空客座率 吉祥航空客座率 华夏航空客座率 中国国航旅客周转量 南方航空旅客周转量 中国东航旅客周转量 春秋航空旅客周转量""}"	32aa04f113fb987d99b0b20370ac9d5b
2026-08-31T00:00:28.705+08:00[Asia/Shanghai]	110541465	search_economic_indicator	"{""question"":""中国CPI翘尾因素、新涨价因素、拉动、贡献、权重、预测值、市场预期和通胀预期相关EDB指标；只返回指标元数据，不取时间序列""}"	5b84b8be9fd44d40da18513bfee0d8c0
2026-08-30T23:59:49.224+08:00[Asia/Shanghai]	112732355	query_economic_indicator_data	"{""question"":""X2856923,A0239140,O8195887,N8643734"",""beginDate"":""2026-08-25"",""endDate"":""2026-08-28""}"	0e0649dea7cb47ad20152489b3c6d2e3
2026-08-30T23:59:45.945+08:00[Asia/Shanghai]	112732355	query_economic_indicator_data	"{""question"":""U0737658,W6238867,W1775339,L4530250"",""beginDate"":""2026-08-25"",""endDate"":""2026-08-28""}"	e1d95c453bb487b0c1ce67c7ceb57c7e
2026-08-30T23:59:10.516+08:00[Asia/Shanghai]	144259095	search_economic_indicator	"{""question"":""布伦特原油价格，美元/桶，国际布油现货或期货""}"	33420eee8eacf4ec954a7c373f9d34d9
2026-08-30T23:59:02.676+08:00[Asia/Shanghai]	110863997	query_economic_indicator_data	"{""question"":""中债国债到期收益率:10年"",""beginDate"":""2024-01-01"",""endDate"":""2026-08-28""}"	134bd7490adf163b58b9020dcb758206
2026-08-30T23:58:23.693+08:00[Asia/Shanghai]	144259095	search_economic_indicator	"{""question"":""伦敦金现货价格，美元/盎司，国际黄金现货""}"	a8ba7c367dad25d981a7c2f6c44f9368
2026-08-30T23:58:21.639+08:00[Asia/Shanghai]	110541465	search_economic_indicator	"{""question"":""中国居民消费价格指数CPI相关的全部可用EDB指标，包括全国与地区、总指数、同比、环比、定基、累计、城市农村、食品非食品、消费品服务、核心CPI、八大分类及细分、翘尾和新涨价因素、权重和贡献、预测与预期；请尽量返回完整指标目录，只返回指标元数据，不取时间序列""}"	6a9ea256649a1abe9aca31157cbe2308
2026-08-30T23:56:55.659+08:00[Asia/Shanghai]	144369109	search_economic_indicator	"{""question"":""中国规模以上工业企业纺织服装服饰业营业收入利润率月度""}"	31ae45de6cfcee4f289b93c6fe4b7453
2026-08-30T23:56:15.775+08:00[Asia/Shanghai]	144369109	search_economic_indicator	"{""question"":""中国规模以上工业企业纺织业营业收入利润率月度""}"	1cae6b2cbeee0658f4532fdab6792786
2026-08-30T23:55:44.154+08:00[Asia/Shanghai]	144369109	search_economic_indicator	"{""question"":""中国纺织业主营业务收入累计值 月度 历史""}"	7267059697dd0d0cfd9d0297fd33762f
2026-08-30T23:55:21.497+08:00[Asia/Shanghai]	144369109	search_economic_indicator	"{""question"":""中国规模以上工业企业纺织业主营业务收入累计值""}"	851a793d2fece709ccabb8597baa2c4e
2026-08-30T23:55:21.284+08:00[Asia/Shanghai]	144308461	query_economic_indicator_data	"{""question"":""M0001209"",""beginDate"":""2013-01-01"",""endDate"":""2026-07-31""}"	61e528d2827505334f96bfb9d01a9939
2026-08-30T23:55:06.419+08:00[Asia/Shanghai]	143839705	query_economic_indicator_data	"{""question"":""S0270310"",""beginDate"":""2025-01-01"",""endDate"":""2026-07-31""}"	a2c208f52fa3e7d9053e6b6eea3f3c42
2026-08-30T23:55:02.128+08:00[Asia/Shanghai]	139428883	query_economic_indicator_data	"{""question"":""M1001654"",""beginDate"":""20150801"",""endDate"":""20260828""}"	79784a62f77b44eaab5d25f0e0727781
2026-08-30T23:54:48.295+08:00[Asia/Shanghai]	144308461	query_economic_indicator_data	"{""question"":""M0000562"",""beginDate"":""2013-01-01"",""endDate"":""2026-07-31""}"	b3e502099a0f84e6abbeb115479146ed
2026-08-30T23:54:08.603+08:00[Asia/Shanghai]	112732355	query_economic_indicator_data	"{""question"":""U0737658,W6238867,W1775339,L4530250"",""beginDate"":""2026-08-25"",""endDate"":""2026-08-28""}"	6e594f749cff276970055fe90587048f
2026-08-30T23:52:32.152+08:00[Asia/Shanghai]	144105057	query_economic_indicator_data	"{""question"":""美国:国债收益率:2年期 5年期 10年期 30年期"",""beginDate"":""2026-08-28"",""endDate"":""2026-08-28""}"	dabea5a04d17fff135ce3326c5956350
2026-08-30T23:52:27.290+08:00[Asia/Shanghai]	144105057	query_economic_indicator_data	"{""question"":""美国:国债收益率:2年期 5年期 10年期 30年期"",""beginDate"":""2026-06-30"",""endDate"":""2026-06-30""}"	65503ce2d780b1d02cf6eb4c80d78319
2026-08-30T23:51:57.434+08:00[Asia/Shanghai]	114065515	query_economic_indicator_data	"{""question"":""S0031648"",""beginDate"":""2018-01-01"",""endDate"":""2026-08-30""}"	753a6449d3a759c0b6d83c19d44be75d
2026-08-30T23:51:50.758+08:00[Asia/Shanghai]	114065515	query_economic_indicator_data	"{""question"":""S0031645"",""beginDate"":""2018-01-01"",""endDate"":""2026-08-30""}"	2ed0a24754c0fc7675e568e347cb682c
2026-08-30T23:51:45.415+08:00[Asia/Shanghai]	114065515	query_economic_indicator_data	"{""question"":""S0031648"",""beginDate"":""2018-01-01"",""endDate"":""2026-08-30""}"	232ad8a99e7bd1dcf3a18dcdbbdd745a
2026-08-30T23:51:42.300+08:00[Asia/Shanghai]	114065515	query_economic_indicator_data	"{""question"":""S0031645"",""beginDate"":""2018-01-01"",""endDate"":""2026-08-30""}"	87d1711c562f472d4532cf3083885637
2026-08-30T23:51:24.192+08:00[Asia/Shanghai]	144105057	query_economic_indicator_data	"{""question"":""美国:国债收益率:10年期"",""beginDate"":""2026-08-28"",""endDate"":""2026-08-28""}"	d4f22eb39e2af87a23eab63cf20069f8
2026-08-30T23:51:18.336+08:00[Asia/Shanghai]	138878816	query_economic_indicator_data	"{""question"":""S0117164"",""beginDate"":""2026-06-01"",""endDate"":""2026-08-29""}"	01b2bc1f6e7ce4a74a10d1ea4745a017
2026-08-30T23:51:16.301+08:00[Asia/Shanghai]	144213024	query_economic_indicator_data	"{""question"":""中国2026年8月22日至8月29日公布的重要宏观经济指标"",""beginDate"":""2026-08-22"",""endDate"":""2026-08-29""}"	81bce8de3e735ff06b7b39335bfd39d4
2026-08-30T23:51:10.417+08:00[Asia/Shanghai]	142907651	query_economic_indicator_data	"{""question"":""S0113866,S0113868,S0113850,S0270026,S0044780,S0265137,S5123894"",""beginDate"":""2024-12-01"",""endDate"":""2026-08-30""}"	bf5a9774efb6069b42804ab64763dc86
2026-08-30T23:51:09.294+08:00[Asia/Shanghai]	138878816	query_economic_indicator_data	"{""question"":""S0181371"",""beginDate"":""2026-04-01"",""endDate"":""2026-08-29""}"	ab7b93efaaab4494a1f5ed0e91f6ff88
2026-08-30T23:50:54.111+08:00[Asia/Shanghai]	138878816	query_economic_indicator_data	"{""question"":""M0000005,S0031525,S0069597,S5110002,S5105044"",""beginDate"":""2026-02-01"",""endDate"":""2026-08-29""}"	f2a014b854cb3cd704f4b154e21ab673
2026-08-30T23:50:53.915+08:00[Asia/Shanghai]	138878816	query_economic_indicator_data	"{""question"":""M0000271,S0270980,S0105520,J2059946"",""beginDate"":""2026-04-01"",""endDate"":""2026-08-29""}"	b63cbf5beac5ab97dbdcb6750e64eb7d
2026-08-30T23:50:10.015+08:00[Asia/Shanghai]	138878816	query_economic_indicator_data	"{""question"":""M0000005,S0031525,S0069597,S5110002,S5105044"",""beginDate"":""2026-02-01"",""endDate"":""2026-08-29""}"	ca9a7a4715145fed49bbbdd709d36c41
2026-08-30T23:50:08.375+08:00[Asia/Shanghai]	138878816	query_economic_indicator_data	"{""question"":""M1001787,M1001789,M1001791,G0000893,G0005428,U0929600"",""beginDate"":""2026-06-01"",""endDate"":""2026-08-29""}"	b5bd5e025f72a509389f7e9446f6f149
2026-08-30T23:50:07.683+08:00[Asia/Shanghai]	138878816	query_economic_indicator_data	"{""question"":""M0000271,S0270980,S0105520,J2059946"",""beginDate"":""2026-04-01"",""endDate"":""2026-08-29""}"	14147f932f3d3aea8a517314654305a4
2026-08-30T23:49:46.373+08:00[Asia/Shanghai]	144259095	query_economic_indicator_data	"{""question"":""S0031648"",""beginDate"":""2026-08-26"",""endDate"":""2026-08-30""}"	d8bf37e08e84ca25dacdccae76bf343c
2026-08-30T23:49:43.794+08:00[Asia/Shanghai]	144259095	query_economic_indicator_data	"{""question"":""S0031525"",""beginDate"":""2026-08-26"",""endDate"":""2026-08-30""}"	18d868a6b6aa16d0382eef1f307f374d
2026-08-30T23:49:41.115+08:00[Asia/Shanghai]	142907651	query_economic_indicator_data	"{""question"":""S6504463,S6504459,S0036010,S0143455,S0143457,S0112099,S0265110,S0265117,S0265130,S0265139"",""beginDate"":""2024-01-01"",""endDate"":""2026-08-30""}"	8c4fdd1964589efd01712511a9d3148a
2026-08-30T23:49:05.757+08:00[Asia/Shanghai]	142907651	search_economic_indicator	"{""question"":""快递业务量 快递业务收入 快递行业 民航旅客周转量 民航客座率 国内航线 国际航线 航空煤油出厂价 机场旅客吞吐量 上海出境空运价格指数""}"	3655d64f8699f58848baffe7a2c9fdee
2026-08-30T23:48:44.304+08:00[Asia/Shanghai]	143857778	query_economic_indicator_data	"{""question"":""M1006337,M5206730"",""beginDate"":""1990-01-01"",""endDate"":""2026-08-28""}"	33d88dd2363b0e9ab104fd7e28529afd
2026-08-30T23:48:24.395+08:00[Asia/Shanghai]	143857778	search_economic_indicator	"{""question"":""社会融资规模 当月值""}"	41099c1e73861e4940450f38a327693e
2026-08-30T23:42:20.594+08:00[Asia/Shanghai]	138878816	query_economic_indicator_data	"{""question"":""M0041529"",""beginDate"":""2025-01-01"",""endDate"":""2026-08-28""}"	08491865f634a1ea39d90d8c344826ce
2026-08-30T23:42:13.634+08:00[Asia/Shanghai]	114065515	query_economic_indicator_data	"{""question"":""S0031648"",""beginDate"":""2018-01-01"",""endDate"":""2026-08-30""}"	ee766726207dcd2c7157cb3dd68922df
2026-08-30T23:42:09.048+08:00[Asia/Shanghai]	114065515	query_economic_indicator_data	"{""question"":""S0031645"",""beginDate"":""2018-01-01"",""endDate"":""2026-08-30""}"	8dcfc925d091c33d8483e5b9dd418433
2026-08-30T23:41:23.427+08:00[Asia/Shanghai]	138878816	query_economic_indicator_data	"{""question"":""S5041144,S9985791,S0117164,Q7763560"",""beginDate"":""2026-01-01"",""endDate"":""2026-08-28""}"	67d581dd660163122d2e32a7a852018f
2026-08-30T23:40:39.894+08:00[Asia/Shanghai]	138878816	query_economic_indicator_data	"{""question"":""S0181371"",""beginDate"":""2026-04-01"",""endDate"":""2026-08-28""}"	9b65dc12cfaa81ca60453f16e8cf31ee
2026-08-30T23:40:29.139+08:00[Asia/Shanghai]	138878816	query_economic_indicator_data	"{""question"":""S0240434,S0240435"",""beginDate"":""2026-05-01"",""endDate"":""2026-08-29""}"	1d17b238cbebe6e4a1f8669af80b3e5c
2026-08-30T23:40:06.014+08:00[Asia/Shanghai]	138878816	search_economic_indicator	"{""question"":""COMEX黄金管理基金空头持仓、新版CFTC周度""}"	16ec0d442ee016757485bb36543d250e
2026-08-30T23:39:44.234+08:00[Asia/Shanghai]	138878816	search_economic_indicator	"{""question"":""美国联邦基金目标利率上限和有效联邦基金利率""}"	bbf36b13bd64f4d6fd77e6f1b9535c87
2026-08-30T23:39:25.768+08:00[Asia/Shanghai]	138878816	search_economic_indicator	"{""question"":""美国10年期国债期限溢价纽约联储ACM期限溢价""}"	8e2e4916098eec5f83f60d8960cd3491
2026-08-30T23:39:18.503+08:00[Asia/Shanghai]	143839705	search_economic_indicator	"{""question"":""中国出口电动汽车或新能源汽车数量 比利时 英国 俄罗斯 月度""}"	2a92b8f410456194bce7329024b37373
2026-08-30T23:39:01.798+08:00[Asia/Shanghai]	138878816	search_economic_indicator	"{""question"":""中国主要油厂豆粕库存、大豆港口库存和大豆压榨量""}"	fcb11bd13dbd9e93af6bca7465580583
2026-08-30T23:38:37.319+08:00[Asia/Shanghai]	138878816	search_economic_indicator	"{""question"":""中国大连商品交易所豆粕连续期货收盘价和活跃合约豆粕结算价""}"	6b050dfbf2111a6dffdc5c0d7f0746e3
2026-08-30T23:38:13.550+08:00[Asia/Shanghai]	138878816	search_economic_indicator	"{""question"":""CBOT大豆连续期货结算价、CBOT豆粕连续期货结算价和大连商品交易所豆粕连续期货结算价 日度""}"	a0f040a3a2090863cb7f7e628a798d9d
2026-08-30T23:37:25.885+08:00[Asia/Shanghai]	144369109	search_economic_indicator	"{""question"":""中国规模以上工业企业纺织业和纺织服装服饰业销售利润率或营业收入利润率""}"	fe48405bbace9c06c987537a56f57b13
2026-08-30T23:37:17.455+08:00[Asia/Shanghai]	138878816	query_economic_indicator_data	"{""question"":""S0059749,M1004533,M1006337"",""beginDate"":""2026-06-01"",""endDate"":""2026-08-28""}"	dc176269703df5339fb24ca48ed37f46
2026-08-30T23:37:09.002+08:00[Asia/Shanghai]	144369109	query_economic_indicator_data	"{""question"":""M5767894"",""beginDate"":""2026-01-01"",""endDate"":""2026-06-30""}"	01dfde1f07839621661e4cdfc61f32e5
2026-08-30T23:36:49.657+08:00[Asia/Shanghai]	138878816	search_economic_indicator	"{""question"":""中国银行间DR007和R007利率""}"	b78977c581a9a03678ad79a6464dc76c
2026-08-30T23:36:41.811+08:00[Asia/Shanghai]	138878816	search_economic_indicator	"{""question"":""中国10年期国债收益率和中债国债10年到期收益率""}"	1b47e556226a2773c774b8fa50d895b7
2026-08-30T23:36:16.498+08:00[Asia/Shanghai]	138878816	query_economic_indicator_data	"{""question"":""S0069673,S0180965,S0113765,S5043075"",""beginDate"":""2026-04-01"",""endDate"":""2026-08-29""}"	e696ffa7e3dde82ba19a599543ac624f
2026-08-30T23:36:02.348+08:00[Asia/Shanghai]	138878816	query_economic_indicator_data	"{""question"":""S0069597,S5110002"",""beginDate"":""2026-01-01"",""endDate"":""2026-08-28""}"	f4a6d949a9deb337faf5fb2b5136fcc0
2026-08-30T23:35:59.369+08:00[Asia/Shanghai]	138878816	query_economic_indicator_data	"{""question"":""M0000271,S0069669"",""beginDate"":""2026-06-01"",""endDate"":""2026-08-29""}"	bfefa9108cb0d2181a2b780d01355946
2026-08-30T23:35:49.877+08:00[Asia/Shanghai]	138878816	query_economic_indicator_data	"{""question"":""M0000271,S0270980,S0105520,J2059946"",""beginDate"":""2026-04-01"",""endDate"":""2026-08-29""}"	0295ecccb7daa94c066f5a304f666b3f
2026-08-30T23:35:42.137+08:00[Asia/Shanghai]	138878816	search_economic_indicator	"{""question"":""美国EIA商业原油库存不含战略储备 周度 以及美国原油产量 周度""}"	99dd7c6d639a196674c1fdd579e31c7a
2026-08-30T23:35:40.855+08:00[Asia/Shanghai]	138878816	query_economic_indicator_data	"{""question"":""M1001787,M1001789,M1001791,G0000893,G0005428,U0929600"",""beginDate"":""2026-08-03"",""endDate"":""2026-08-29""}"	c3460a76db9f219b04c350b4fe50c9d1
2026-08-30T23:35:16.171+08:00[Asia/Shanghai]	138878816	search_economic_indicator	"{""question"":""ICE布伦特原油连续期货结算价和NYMEX WTI原油连续期货结算价 日度""}"	68d8804917783e226a7161c397c82b66
2026-08-30T23:35:00.630+08:00[Asia/Shanghai]	144308461	search_economic_indicator	"{""question"":""查询中国居民消费价格指数 CPI 和工业生产者出厂价格指数 PPI 的可用指标，包括指标代码、频率、单位和来源""}"	c5205612ca4c49cd5d87b12a802319dd
2026-08-30T23:34:51.842+08:00[Asia/Shanghai]	138878816	search_economic_indicator	"{""question"":""伦敦现货黄金价格、美元指数、SPDR黄金ETF持仓量和全球黄金ETF资金流相关指标""}"	17e02ee0b332e4ef78d391a0af17432e
2026-08-30T23:34:51.354+08:00[Asia/Shanghai]	138878816	search_economic_indicator	"{""question"":""美国10年期国债ACM期限溢价 NY Fed Adrian Crump Moench term premium""}"	e77f8e98a44667e6557dafbdc803b0b1
2026-08-30T23:34:30.168+08:00[Asia/Shanghai]	138878816	search_economic_indicator	"{""question"":""纽约联储ACM美国10年期国债期限溢价以及联邦基金期货隐含政策利率""}"	e6e200cb7e69d22d9d57202fd9c7a285
2026-08-30T23:34:28.361+08:00[Asia/Shanghai]	144369109	query_economic_indicator_data	"{""question"":""S0004482,S0005616"",""beginDate"":""2024-01-01"",""endDate"":""2026-06-30""}"	e1942ec8804b3c2dd128f33563e01f57
2026-08-30T23:34:19.070+08:00[Asia/Shanghai]	143839705	search_economic_indicator	"{""question"":""中国新能源汽车出口量 月度 中汽协""}"	48e99aaca88d53d8c9f66867f43a3048
2026-08-30T23:34:16.897+08:00[Asia/Shanghai]	138878816	query_economic_indicator_data	"{""question"":""M1001787,M1001791,M1001793,G0005428,U0929600"",""beginDate"":""2026-06-01"",""endDate"":""2026-08-29""}"	c7d7fb33ac8036e5cdf1e7013b92eb45
2026-08-30T23:34:12.252+08:00[Asia/Shanghai]	144369109	query_economic_indicator_data	"{""question"":""S0004480,S0004482,S0005614,S0005616,M5767849,M5767850"",""beginDate"":""2024-01-01"",""endDate"":""2026-06-30""}"	9eb1f22914a0bb08d4c9480cbadba2fe
2026-08-30T23:34:10.759+08:00[Asia/Shanghai]	144130585	search_economic_indicator	"{""question"":""俄罗斯 普里莫尔斯克 乌斯季卢加 新罗西斯克 原油出口 月度""}"	128ccd7443dad464efcf29a6bfd1193c
2026-08-30T23:34:10.693+08:00[Asia/Shanghai]	138878816	search_economic_indicator	"{""question"":""中国银行间市场10年期国债收益率 CFETS 10年国债即期到期收益率 日度""}"	89a1ba339fc2897bec61a822b5b551b2
2026-08-30T23:34:10.246+08:00[Asia/Shanghai]	138878816	search_economic_indicator	"{""question"":""美国国债2年、5年、10年、30年收益率，以及美国10年期TIPS实际收益率和10年盈亏平衡通胀率相关指标""}"	a86419e4348ff8acf47a6e91ab3bdfc6
2026-08-30T23:33:56.285+08:00[Asia/Shanghai]	138878816	search_economic_indicator	"{""question"":""美国国债2年期、10年期、30年期到期收益率以及10年期TIPS实际收益率和10年盈亏平衡通胀率""}"	b8baa52cc4d7c7990e9ad4591e2f31dd
2026-08-30T23:33:47.817+08:00[Asia/Shanghai]	138878816	query_economic_indicator_data	"{""question"":""S0059749,M1006337"",""beginDate"":""2026-06-01"",""endDate"":""2026-08-28""}"	4bf7d8c147641b93ca2cdf3302d297a0
2026-08-30T23:33:39.421+08:00[Asia/Shanghai]	138878816	search_economic_indicator	"{""question"":""中国10年期国债到期收益率和DR007银行间存款类机构质押式回购加权利率""}"	5cef8bc1325d40f895b3e0ea0c325c56
2026-08-30T23:32:52.201+08:00[Asia/Shanghai]	144324360	query_economic_indicator_data	"{""question"":""钨精矿价格、APT价格、钼精矿价格、钼铁价格"",""beginDate"":""2025-07-31"",""endDate"":""2026-08-30""}"	8d8c9ab1e1d74ab24333282c569463d2
2026-08-30T23:32:11.263+08:00[Asia/Shanghai]	144130585	search_economic_indicator	"{""question"":""尿素 大颗粒 国际市场 FOB价 中东 周""}"	8b05a1633925a9c7eaa11c581b64e016
2026-08-30T23:31:37.044+08:00[Asia/Shanghai]	144130585	search_economic_indicator	"{""question"":""IEA 俄罗斯 炼厂加工量 月度""}"	f1f745166fd3d35c3d7dcdc5102321ff
2026-08-30T23:31:18.950+08:00[Asia/Shanghai]	144130585	query_economic_indicator_data	"{""question"":""F9425263,H1306913"",""beginDate"":""2024-01-01"",""endDate"":""2026-08-31""}"	b13b37230d9d8e4d40b8987f17c52406
2026-08-30T23:30:44.982+08:00[Asia/Shanghai]	144130585	search_economic_indicator	"{""question"":""中东地区 大颗粒尿素 FOB价格 周度""}"	f41fe8b816c06dd3588ffb3dd1791d5c
2026-08-30T23:30:21.522+08:00[Asia/Shanghai]	144130585	search_economic_indicator	"{""question"":""俄罗斯 成品油出口 柴油出口 石脑油出口 月度""}"	1b0295fc7864860cc1a20085baa92ccf
2026-08-30T23:29:26.127+08:00[Asia/Shanghai]	144215756	query_economic_indicator_data	"{""question"":""S6001312"",""beginDate"":""2024-01-01"",""endDate"":""2026-08-28""}"	4823fe4d368bc7f09856c8994b722338
2026-08-30T23:28:27.664+08:00[Asia/Shanghai]	144252057	search_economic_indicator	"{""question"":""电解铝 产能 运行产能 开工率""}"	3f4fd933495b82dff216893180a78701
2026-08-30T23:28:19.207+08:00[Asia/Shanghai]	144162568	query_economic_indicator_data	"{""question"":""S0059744"",""beginDate"":""2025-07-01"",""endDate"":""2025-07-20""}"	b0e80d803e2453e6fc263738a2e44fe7
2026-08-30T23:28:13.165+08:00[Asia/Shanghai]	144252057	search_economic_indicator	"{""question"":""氧化铝 开工率""}"	582bb7fe50ccab94ef951d8fce64a9eb
2026-08-30T23:28:06.701+08:00[Asia/Shanghai]	144162568	search_economic_indicator	"{""question"":""中债国债到期收益率 1年 5年 10年 30年 日频 指标""}"	e3d7e1a27bc381a39e6a43dc486a4f58
2026-08-30T23:28:04.079+08:00[Asia/Shanghai]	144252057	query_economic_indicator_data	"{""question"":""S0027567,S0027563,S5811172,S9985704,S9976297"",""beginDate"":""2023-01-01"",""endDate"":""2026-08-29""}"	19f0e1682fb61f44d6b281052aa6d64b
2026-08-30T23:27:58.146+08:00[Asia/Shanghai]	144162568	query_economic_indicator_data	"{""question"":""M1004902"",""beginDate"":""2025-07-01"",""endDate"":""2025-07-20""}"	ccb689490280247490d01210e6902655
2026-08-30T23:27:48.246+08:00[Asia/Shanghai]	144162568	query_economic_indicator_data	"{""question"":""M1010885"",""beginDate"":""2025-07-01"",""endDate"":""2025-07-20""}"	c281506a113acf714e8963a257353ff9
2026-08-30T23:27:40.934+08:00[Asia/Shanghai]	144162568	search_economic_indicator	"{""question"":""中债同业存单到期收益率 AAA 1年 日频""}"	515535011b47ce550c3c08e77392a639
2026-08-30T23:27:35.736+08:00[Asia/Shanghai]	144252057	search_economic_indicator	"{""question"":""电解铝 产量 库存 社会库存""}"	8878307c5e72d9b98dd9c897916147c5
2026-08-30T23:27:16.877+08:00[Asia/Shanghai]	144162568	search_economic_indicator	"{""question"":""中国 1年期 AAA 同业存单到期收益率 中债曲线 日频 指标""}"	9c7aa1d200959897254d80303a1a102e
2026-08-30T23:27:11.263+08:00[Asia/Shanghai]	144252057	search_economic_indicator	"{""question"":""中国 氧化铝 现货价""}"	50b5b4a6cd40410a607c001f747d3820
2026-08-30T23:26:55.343+08:00[Asia/Shanghai]	144252057	search_economic_indicator	"{""question"":""氧化铝产量 产能""}"	e118a6e2f288b074bd6b7e2127d306d1
2026-08-30T23:26:36.620+08:00[Asia/Shanghai]	144324360	query_economic_indicator_data	"{""question"":""市场价主流价碳酸锂电池级、市场价主流价碳酸锂工业级、注册仓单量碳酸锂"",""beginDate"":""2025-07-31"",""endDate"":""2026-08-30""}"	4847b362271c8e9bae408ebd6193948f
2026-08-30T23:26:20.910+08:00[Asia/Shanghai]	144252057	search_economic_indicator	"{""question"":""氧化铝现货价格 国内均价""}"	456130a657359f8107572bf6781cb20d
2026-08-30T23:25:50.003+08:00[Asia/Shanghai]	144324360	query_economic_indicator_data	"{""question"":""碳酸锂库存、广期所碳酸锂仓单"",""beginDate"":""2025-07-31"",""endDate"":""2026-08-30""}"	316c645962ca687ce1f1fbe762c7cc0e
2026-08-30T23:25:33.506+08:00[Asia/Shanghai]	144324360	query_economic_indicator_data	"{""question"":""电池级碳酸锂现货价格、工业级碳酸锂现货价格、氢氧化锂价格"",""beginDate"":""2025-07-31"",""endDate"":""2026-08-30""}"	ae02d0d9e31811d9f339eaf0a9b518e1
2026-08-30T23:24:54.776+08:00[Asia/Shanghai]	143474403	query_economic_indicator_data	"{""question"":""M0000187"",""observation"":""5""}"	0149c29a73b7cef22c65741370272655
2026-08-30T23:24:43.638+08:00[Asia/Shanghai]	143474403	query_economic_indicator_data	"{""question"":""M0067857"",""observation"":""5""}"	fbd29297511f17065e3dd33df3613ab0
2026-08-30T23:22:44.882+08:00[Asia/Shanghai]	143474403	query_economic_indicator_data	"{""question"":""M0067857"",""observation"":""5""}"	2dd850f41819418e8e0996b6d23d6d63
2026-08-30T23:22:12.266+08:00[Asia/Shanghai]	143474403	query_economic_indicator_data	"{""question"":""M0067857"",""observation"":""5""}"	4ba9f46c3d5507d1b3e0a2f78a9dfc87
2026-08-30T23:22:04.066+08:00[Asia/Shanghai]	143474403	query_economic_indicator_data	"{""question"":""M0067857"",""observation"":""5""}"	3e75c942e7d019087566d677f4c74157
2026-08-30T23:20:47.201+08:00[Asia/Shanghai]	143474403	query_economic_indicator_data	"{""question"":""M0067857"",""observation"":""5""}"	7b7107c037db2b138cb7e42d4560ce8e
2026-08-30T23:20:04.564+08:00[Asia/Shanghai]	143474403	query_economic_indicator_data	"{""question"":""M0067857"",""observation"":""5""}"	0ca2fa97a2f07d1544fd39c3a45fcb28
2026-08-30T23:19:25.436+08:00[Asia/Shanghai]	144324360	query_economic_indicator_data	"{""question"":""中国稀土进口量月度、中国钕铁硼出口量月度"",""beginDate"":""2025-07-31"",""endDate"":""2026-08-30""}"	3cc5ff60e27438bec085faf4bd580821
2026-08-30T23:19:17.316+08:00[Asia/Shanghai]	144324360	query_economic_indicator_data	"{""question"":""氧化镨钕现货价格、氧化镝现货价格、氧化铽现货价格"",""beginDate"":""2025-07-31"",""endDate"":""2026-08-30""}"	47b2752012d4f121148be0dd0da9ee92
2026-08-30T23:18:22.333+08:00[Asia/Shanghai]	144419058	search_economic_indicator	"{""question"":""美国隔夜逆回购出让金额""}"	e8ef329f08e8f324e07a12d11437aa60
2026-08-30T23:18:08.673+08:00[Asia/Shanghai]	144419058	search_economic_indicator	"{""question"":""美国基础货币余额准备金余额""}"	ff32f634edd0f489feff8cfeba3ad493
2026-08-30T23:18:04.510+08:00[Asia/Shanghai]	143474403	query_economic_indicator_data	"{""question"":""M0067857"",""observation"":""5""}"	5d32261057bc6c9a6dfe342f6617801a
2026-08-30T23:17:23.031+08:00[Asia/Shanghai]	143474403	query_economic_indicator_data	"{""question"":""M0000187"",""observation"":""5""}"	1a635e4bc5376ac57bbc8822c2818fcb
2026-08-30T23:17:20.412+08:00[Asia/Shanghai]	143474403	query_economic_indicator_data	"{""question"":""M0067857"",""observation"":""5""}"	c20c34b8599fbadbbeba2d96691ccf18
2026-08-30T23:17:19.055+08:00[Asia/Shanghai]	144419058	search_economic_indicator	"{""question"":""美国隔夜逆回购余额""}"	a8c41c7956a0d8a6cabc20ae4f59b6f3
2026-08-30T23:17:15.863+08:00[Asia/Shanghai]	143614926	search_economic_indicator	"{""question"":""A股市场每日上涨家数下跌家数""}"	b3d22ff9971af7067be03d3666fa67a1
2026-08-30T23:17:08.075+08:00[Asia/Shanghai]	144419058	search_economic_indicator	"{""question"":""美国准备金余额""}"	249a23bc33d475d3191fd5446980894d
2026-08-30T23:16:56.787+08:00[Asia/Shanghai]	143474403	query_economic_indicator_data	"{""question"":""M0067857"",""observation"":""5""}"	5b1f5c2a6412168b7d0897cff103e31f
2026-08-30T23:14:13.674+08:00[Asia/Shanghai]	143474403	query_economic_indicator_data	"{""question"":""M0067857"",""observation"":""5""}"	5d7e559593e90d20a9bdcaa5d3e1f51a
2026-08-30T23:13:26.092+08:00[Asia/Shanghai]	144401380	query_economic_indicator_data	"{""question"":""S5713307,S5713303,A5938607,S0027035,S9987218,S9987630,S5802310,S5809467,S9987631,S5809464,S0027657,S9987222,S9987634,S0027583,S9987633,S5712497,S5440915,S5475757,Q2025658,S5446170,S5446147,S5402198,S5479784,S5479785,S0027295,S5475834,S5471339,L0113291,S0027307,Q2760144,X1377314,S5401022,S5444097,S0027304,S9987837,F0595334,V6214639,S0114186"",""beginDate"":""2026-05-30"",""endDate"":""2026-08-28""}"	4316d238769e38bf714a20aaff5d0949
2026-08-30T23:13:25.708+08:00[Asia/Shanghai]	143474403	query_economic_indicator_data	"{""question"":""M0067857"",""observation"":""5""}"	3b0013b159220b56bba3593bcec59d63
2026-08-30T23:13:21.320+08:00[Asia/Shanghai]	144324360	query_economic_indicator_data	"{""question"":""SHFE上期所铝库存、LME铝库存"",""beginDate"":""2025-07-31"",""endDate"":""2026-08-30""}"	d7e9712abf7e095ada08a3cf7541ae8e
2026-08-30T23:13:14.491+08:00[Asia/Shanghai]	143474403	query_economic_indicator_data	"{""question"":""M0067857"",""observation"":""5""}"	aae1f3931c473c106518bc4824157677
2026-08-30T23:11:58.278+08:00[Asia/Shanghai]	143474403	query_economic_indicator_data	"{""question"":""M0067857"",""observation"":""5""}"	3413719c4f8047e152eae67b6d645070
2026-08-30T23:11:43.305+08:00[Asia/Shanghai]	114112362	query_economic_indicator_data	"{""question"":""中国国债收益率10年"",""observation"":""5""}"	3777457e842bfde7f7b6846538c812c9
2026-08-30T23:10:09.610+08:00[Asia/Shanghai]	144401380	query_economic_indicator_data	"{""question"":""S5713307,S5713303,A5938607,S0027035,S9987218,S9987630,S5802310,S5809467,S9987631,S5809464,S0027657,S9987222,S9987634,S0027583,S9987633,S5712497,S5440915,S5475757,Q2025658,S5446170,S5446147,S5402198,S5479784,S5479785,S0027295,S5475834,S5471339,L0113291,S0027307,Q2760144,X1377314,S5401022,S5444097,S0027304,S9987837,F0595334,V6214639,S0114186"",""beginDate"":""2023-08-04"",""endDate"":""2026-08-28""}"	a8ef91a988d2c01c2f6b194bd763c73a
2026-08-30T23:09:40.463+08:00[Asia/Shanghai]	144401380	query_economic_indicator_data	"{""question"":""H6924748,X1924001,S9985882,S5811172,S9986142,S9985689,C1512798,V5762809,S5471265,H5475558,S0049508,W9004873,Q2434116,S5436526,S5436527,P4703713,S5479786,S9985873,S9985841,S9985943,S9985777"",""beginDate"":""2023-08-04"",""endDate"":""2026-08-28""}"	9079caa5ac668a91151890c4fa614b56
2026-08-30T23:09:07.428+08:00[Asia/Shanghai]	144282012	query_economic_indicator_data	"{""beginDate"":""2026-08-14"",""question"":""S5021738,S5021739,S5021736"",""endDate"":""2026-08-30""}"	62f29e1006a84b3b866889c0e10b0b55
2026-08-30T23:08:52.119+08:00[Asia/Shanghai]	144282012	query_economic_indicator_data	"{""beginDate"":""2026-06-23"",""question"":""S0114187,S0114186,V4783066"",""endDate"":""2026-08-30""}"	c98b3049879f53aecdbc95f8bef46351
2026-08-30T23:08:29.058+08:00[Asia/Shanghai]	144282012	query_economic_indicator_data	"{""beginDate"":""2026-06-23"",""question"":""S0073297,S5108466,S6131302,S5119573,S0075873"",""endDate"":""2026-08-30""}"	eda4434ab35c13bf61b4d36026bec06c
2026-08-30T23:08:22.445+08:00[Asia/Shanghai]	144282012	query_economic_indicator_data	"{""beginDate"":""2026-07-24"",""question"":""S0027563,S5809467,S0027567,S0116254"",""endDate"":""2026-08-30""}"	16ae1b4f36f22c03e560fc7cf8f58ef1
2026-08-30T23:08:14.552+08:00[Asia/Shanghai]	144282012	query_economic_indicator_data	"{""beginDate"":""2025-03-17"",""question"":""S5811172,N5993327"",""endDate"":""2026-08-30""}"	60af12aa5ca44ce2b71fc1cc65bceca4
2026-08-30T23:08:09.690+08:00[Asia/Shanghai]	141762327	search_economic_indicator	"{""question"":""中国工业生产者出厂价格指数PPI同比""}"	61d71eeff07302b484687e4ce80a30a7
2026-08-30T23:08:08.509+08:00[Asia/Shanghai]	144282012	query_economic_indicator_data	"{""beginDate"":""2026-08-14"",""question"":""S0182162,Z9174481,S5418107,Z0831098,B3222128,N6654990"",""endDate"":""2026-08-30""}"	b780debdde8d3e260f4fd59437c7a13f
2026-08-30T23:07:36.958+08:00[Asia/Shanghai]	144282012	query_economic_indicator_data	"{""beginDate"":""2026-06-23"",""question"":""S0014182,S0014205,S9985410,S9985637,S9985394,S9985386,S9907010,S5711019"",""endDate"":""2026-08-30""}"	f47f2f63d0a8e0546129dc4d9d3820a2
2026-08-30T23:07:24.251+08:00[Asia/Shanghai]	144282012	query_economic_indicator_data	"{""beginDate"":""2026-07-24"",""question"":""S0073293,S0073300"",""endDate"":""2026-08-30""}"	eca973376d557aebb3b1fd41fdb0c89f
2026-08-30T23:07:17.408+08:00[Asia/Shanghai]	144282012	query_economic_indicator_data	"{""beginDate"":""2026-08-13"",""question"":""S0110152,S5715856,S0181750,S0110143,H6924748"",""endDate"":""2026-08-30""}"	d33a38e07892c854e64d641b17db350a
2026-08-30T23:07:10.474+08:00[Asia/Shanghai]	144282012	query_economic_indicator_data	"{""beginDate"":""2026-08-07"",""question"":""S5707798,V8674711,S0186244,S0181379,S5714971,Q2555016,S5131837"",""endDate"":""2026-08-30""}"	69737373cc8e7d34cc99a9fd62656792
2026-08-30T23:05:08.099+08:00[Asia/Shanghai]	144401380	search_economic_indicator	"{""question"":""中国豆粕 豆油 棕榈油 菜籽油 菜粕 玉米 淀粉 生猪 鸡蛋 棉花 白糖 苹果 红枣 花生 库存 压榨量 产量 进口量 表观消费量""}"	bfed1f316194421150b4a7578ff9d9a9
2026-08-30T23:04:11.405+08:00[Asia/Shanghai]	144401380	search_economic_indicator	"{""question"":""中国阴极铜 电解铝 锌 铅 镍 锡 氧化铝 不锈钢 产量 开工率 库存 表观消费量 进口量""}"	ea20dc53821ca01c17bd7c1f9a0c8a1a
2026-08-30T23:01:14.079+08:00[Asia/Shanghai]	144324360	query_economic_indicator_data	"{""question"":""SPDR黄金ETF持有量、中国官方黄金储备"",""beginDate"":""2025-07-31"",""endDate"":""2026-08-30""}"	db17df286d544145c96b062e18bdca28
2026-08-30T23:00:55.861+08:00[Asia/Shanghai]	144324360	query_economic_indicator_data	"{""question"":""上海金交所Au99.99收盘价、COMEX黄金期货活跃合约收盘价"",""beginDate"":""2025-07-31"",""endDate"":""2026-08-30""}"	3aac263d47556a12b1d0fb832970aebb
2026-08-30T22:58:36.609+08:00[Asia/Shanghai]	115564379	query_economic_indicator_data	"{""beginDate"":""2025-07-26"",""endDate"":""2026-08-30"",""question"":""M0325686,M1001654,M1001657""}"	cb631f967bf6ffa7f21de2b4f69abaca
2026-08-30T22:58:33.705+08:00[Asia/Shanghai]	115564379	query_economic_indicator_data	"{""beginDate"":""2026-04-22"",""endDate"":""2026-08-30"",""question"":""M5207845,M5207847""}"	679b549d18c78175b012555833ecf93e
2026-08-30T22:58:29.168+08:00[Asia/Shanghai]	115564379	query_economic_indicator_data	"{""beginDate"":""2026-06-11"",""endDate"":""2026-08-30"",""question"":""M0096870,M0331299""}"	05e54833f7a4d221a9363d41b8fbcec9
2026-08-30T22:53:48.078+08:00[Asia/Shanghai]	115564379	search_economic_indicator	"{""question"":""中国 银行代客售汇金额 美元 当月值 指标""}"	6869bddacbd7d2ecbdea00caddc70c76
2026-08-30T22:53:44.816+08:00[Asia/Shanghai]	141248150	query_economic_indicator_data	"{""question"":""G0000067"",""observation"":""60""}"	9ef804180378853068d96fbb5d63623f
2026-08-30T22:53:40.102+08:00[Asia/Shanghai]	141248150	query_economic_indicator_data	"{""question"":""G0002446"",""observation"":""60""}"	01f37e17311a02ac7540637fbea3d3d5
2026-08-30T22:53:24.778+08:00[Asia/Shanghai]	144105057	query_economic_indicator_data	"{""question"":""美国:国债收益率:1年期 2年期 3年期 5年期 7年期 10年期 20年期 30年期"",""beginDate"":""2026-06-30"",""endDate"":""2026-06-30""}"	4900a7a1cbfb38c265ee2724bba41151
2026-08-30T22:52:20.657+08:00[Asia/Shanghai]	115564379	query_economic_indicator_data	"{""beginDate"":""2026-04-22"",""endDate"":""2026-08-30"",""question"":""M5207845,M5207847""}"	c766e1afd5ba81fe5bade4e6dd787dda
2026-08-30T22:52:04.725+08:00[Asia/Shanghai]	115564379	query_economic_indicator_data	"{""beginDate"":""2026-04-22"",""endDate"":""2026-08-30"",""question"":""M0000545,M0001428,M0000273,S0029657,M5650805""}"	9cca6200f07e90d872d5227f540cf1a6
2026-08-30T22:48:23.357+08:00[Asia/Shanghai]	144369109	query_economic_indicator_data	"{""question"":""中国棉花价格指数:3128B"",""beginDate"":""2012-01-01"",""endDate"":""2016-12-31""}"	50106c106c0dddd8793f96e41d723e05
2026-08-30T22:48:18.807+08:00[Asia/Shanghai]	116223581	search_economic_indicator	"{""question"":""铜冶炼加工费""}"	4446606f3e82a6532122902910f7c829
2026-08-30T22:48:09.699+08:00[Asia/Shanghai]	144324360	query_economic_indicator_data	"{""question"":""螺纹钢三级价格、热轧板卷价格、京唐港主焦煤库提价"",""beginDate"":""2025-07-31"",""endDate"":""2026-08-30""}"	3f62bb35a3ba262a705c32f4b16a9a8a
2026-08-30T22:48:09.011+08:00[Asia/Shanghai]	144369109	query_economic_indicator_data	"{""question"":""S0031714"",""beginDate"":""2020-01-01"",""endDate"":""2024-12-31""}"	c6a332fa522868fd6149b055c39ad5f1
2026-08-30T22:48:05.766+08:00[Asia/Shanghai]	116223581	search_economic_indicator	"{""question"":""进口铜精矿粗炼费""}"	4c9dae025a0ef17fe102a5227c5f2505
2026-08-30T22:48:04.504+08:00[Asia/Shanghai]	144369109	query_economic_indicator_data	"{""question"":""S0031714"",""beginDate"":""2017-01-01"",""endDate"":""2019-12-31""}"	a5924900a49e7b3cd1f82f9b251535fe
2026-08-30T22:47:56.616+08:00[Asia/Shanghai]	144369109	query_economic_indicator_data	"{""question"":""S0031714"",""beginDate"":""2012-01-01"",""endDate"":""2016-12-31""}"	fabfce94f9fe54d7eade68eaaf3a0557
2026-08-30T22:47:54.981+08:00[Asia/Shanghai]	116223581	search_economic_indicator	"{""question"":""铜精矿现货TC""}"	091b9ffe7329c2aa3b6d4c5314cf1afe
2026-08-30T22:47:36.926+08:00[Asia/Shanghai]	116223581	search_economic_indicator	"{""question"":""铜精矿加工费""}"	5a6e9b2a89c71eb0ae7d2d9ede635c57
2026-08-30T22:47:20.619+08:00[Asia/Shanghai]	144369109	search_economic_indicator	"{""question"":""中国棉花价格指数 328 月度""}"	d9181014a05c075000db41d71a96b90c
2026-08-30T22:47:14.563+08:00[Asia/Shanghai]	116223581	search_economic_indicator	"{""question"":""中国铜精矿现货粗炼费 TC 美元/吨""}"	81b70fb68e4c761c2cc85252d0dc94e6
2026-08-30T22:47:03.297+08:00[Asia/Shanghai]	144369109	search_economic_indicator	"{""question"":""全球 Cotlook A 指数 棉花 月度""}"	54bbce8d99c84b5cc2fc99ffa00ece93
2026-08-30T22:45:06.048+08:00[Asia/Shanghai]	144130585	query_economic_indicator_data	"{""question"":""Z9796039,S5106350,F9425263"",""beginDate"":""2015-01-01"",""endDate"":""2026-08-31""}"	c676c9e03d5b0e961d04766309ec352d
2026-08-30T22:44:13.262+08:00[Asia/Shanghai]	144452621	query_economic_indicator_data	"{""question"":""S5470297,S0117454"",""beginDate"":""2025-01-01"",""endDate"":""2026-08-30""}"	1115aeb082d61cf437b0226716e8da41
2026-08-30T22:43:47.556+08:00[Asia/Shanghai]	144162568	query_economic_indicator_data	"{""question"":""M5596597,M5515072,M5528818,M5528819,M0329540,M0329541,M0329542,M5543278,M5543279,M5543280"",""beginDate"":""2014-01-01"",""endDate"":""2028-03-02""}"	1a44dac20f6386726a16a07003d5b1ba
2026-08-30T22:43:34.706+08:00[Asia/Shanghai]	144452621	search_economic_indicator	"{""question"":""中国基础化工行业化工产品价格指数、库存、开工率、产能利用率、化肥农药及化工品出口相关指标""}"	d860fb381f41445dd4ab2bb418f14ad7
2026-08-30T22:43:20.193+08:00[Asia/Shanghai]	144456724	query_economic_indicator_data	"{""question"":""M1001785"",""beginDate"":""2026-07-03"",""endDate"":""2026-07-03""}"	baa57978343503bbcd1e21f3de3fc313
2026-08-30T22:42:56.078+08:00[Asia/Shanghai]	144461536	query_economic_indicator_data	"{""question"":""中国社会消费品零售总额名义当月同比"",""observation"":""18""}"	f843a2f1aef49980966faeb42a239b9b
2026-08-30T22:42:54.038+08:00[Asia/Shanghai]	144456724	query_economic_indicator_data	"{""question"":""M1006645"",""beginDate"":""2026-05-06"",""endDate"":""2026-05-06""}"	b21360f30ca33ab4fa03dc0b46f62494
2026-08-30T22:42:43.860+08:00[Asia/Shanghai]	144456724	query_economic_indicator_data	"{""question"":""G0000891"",""beginDate"":""2026-05-25"",""endDate"":""2026-05-25""}"	3fed10fcaf8d2cb6aa34e3cf62417efd
2026-08-30T22:42:38.415+08:00[Asia/Shanghai]	144025895	query_economic_indicator_data	"{""question"":""M0000185"",""beginDate"":""2026-08-28"",""endDate"":""2026-08-28""}"	513c7ed2f557e343274b041d61820a23
2026-08-30T22:42:26.852+08:00[Asia/Shanghai]	144162568	query_economic_indicator_data	"{""question"":""U0487234"",""beginDate"":""2026-08-01"",""endDate"":""2026-08-30""}"	843e10b6ceb37f129992d892e8e7c100
2026-08-30T22:41:07.930+08:00[Asia/Shanghai]	144025895	query_economic_indicator_data	"{""question"":""S0026989,S0029342,S0173743,S5100021"",""beginDate"":""2023-01-01"",""endDate"":""2026-08-30""}"	161ec5523c1c26cc904a7291dd7246dc
2026-08-30T22:40:55.250+08:00[Asia/Shanghai]	144401380	query_economic_indicator_data	"{""question"":""H6924748,X1924001,C1512798,S5471265,H5475558,S0049508,W9004873,Q2434116,S5436526,S5436527,P4703713,S5479786"",""beginDate"":""2023-08-04"",""endDate"":""2026-08-28""}"	dd0deaa47cfcb940b5f4b7d8dc1ce4ef
2026-08-30T22:40:42.284+08:00[Asia/Shanghai]	144025895	search_economic_indicator	"{""question"":""中国原煤产量当月值、煤及褐煤进口数量当月值、全国全社会用电量当月值、内蒙古原煤产量月度指标""}"	3d9314c0eb6373affcd012afb72b6147
2026-08-30T22:40:29.500+08:00[Asia/Shanghai]	144401380	query_economic_indicator_data	"{""question"":""H6924748,X1924001,C1512798,S5471265,H5475558,S0049508,W9004873,Q2434116,S5436526,S5436527,P4703713,S5479786"",""beginDate"":""2023-08-04"",""endDate"":""2026-08-28""}"	03987128740bcd766fbc9469c722b8ee
2026-08-30T22:40:24.250+08:00[Asia/Shanghai]	144025895	query_economic_indicator_data	"{""question"":""S0047887,S5134477,M0038086,S5151651,S5109354,O3333906"",""beginDate"":""2019-01-01"",""endDate"":""2026-08-30""}"	204068537e9fc03c659737223947c286
2026-08-30T22:40:06.380+08:00[Asia/Shanghai]	144401380	query_economic_indicator_data	"{""question"":""O4705667,T2280230,X4634465,R3472398,K6876454,W8425349,P6656553,T1304918,D7578238,D0753582,T1304919,K0424104,W6459072,V1604552,X3380127,P2434135,P7739848,C6668593,Y6150520,L9211557,T6370421,X2774208,R5200739,X9768091,U1698563,Y0135944,D4540155,F9868123,D3789224,O6829569,J0795637,U3493716,C5928549,N0577642,O6590346,F1727006,P6078190,Q1481770,K1507122,B9719450,V2645746,Q6958072"",""beginDate"":""2023-08-04"",""endDate"":""2026-08-28""}"	600b8e71ed9d3a610b60d160a127ed18
2026-08-30T22:37:58.672+08:00[Asia/Shanghai]	144401380	search_economic_indicator	"{""question"":""中国 青岛港 天然橡胶 库存量""}"	be38f782cc51eb8864d89d37cabfa5d9
2026-08-30T22:37:06.529+08:00[Asia/Shanghai]	144401380	search_economic_indicator	"{""question"":""中国 20号标准胶 库存量""}"	3dce26f5fafb1b696cb23d29858731f1
2026-08-30T22:36:23.182+08:00[Asia/Shanghai]	144401380	search_economic_indicator	"{""question"":""中国 菜籽 库存量""}"	6a6c5a2dbfcfce1017bdfc9997a25f97
2026-08-30T22:35:07.744+08:00[Asia/Shanghai]	144401380	search_economic_indicator	"{""question"":""中国 双胶纸 库存量""}"	32789d4a8bcd140614a7fd99f68b330d
2026-08-30T22:34:23.876+08:00[Asia/Shanghai]	144401380	search_economic_indicator	"{""question"":""胶版印刷纸 基差 主连""}"	0b37475fd94dd264f7ed540fe3b65986
2026-08-30T22:33:49.986+08:00[Asia/Shanghai]	144401380	search_economic_indicator	"{""question"":""中国 氧化铝 库存量""}"	b36a97b790d30501de301a2f95dc36ed
2026-08-30T22:32:40.101+08:00[Asia/Shanghai]	144401380	query_economic_indicator_data	"{""question"":""S0049508"",""beginDate"":""2023-08-01"",""endDate"":""2026-08-30""}"	aba4f30b1ca136c9208d4072802fefc4
2026-08-30T22:31:52.457+08:00[Asia/Shanghai]	144401380	search_economic_indicator	"{""question"":""天然橡胶 基差 主连""}"	01f19ae0805cc4878f478d1583a91cb6
2026-08-30T22:31:17.357+08:00[Asia/Shanghai]	144401380	search_economic_indicator	"{""question"":""中国 天然橡胶 库存量""}"	489eb8632edbcd0dfbf11da8d464c31d
2026-08-30T22:30:20.432+08:00[Asia/Shanghai]	144401380	search_economic_indicator	"{""question"":""20号胶""}"	67de5e1cd761c283a4e120f9e49e3a84
2026-08-30T22:29:20.434+08:00[Asia/Shanghai]	144401380	search_economic_indicator	"{""question"":""中国 20号胶 基差 主连 社会库存 港口库存""}"	e831540bb78b8807a6f917219480dd75
2026-08-30T22:29:15.595+08:00[Asia/Shanghai]	114112362	search_economic_indicator	"{""question"":""检索中国沪深两市融资余额合计、融资融券余额合计日度指标""}"	e7042992eb3cfdeef512a249051061cc
2026-08-30T22:26:44.511+08:00[Asia/Shanghai]	144451074	query_economic_indicator_data	"{""question"":""G1100004,H2654752,P3945466"",""observation"":""4""}"	a88ef149c8183814696eba6eb6872d2c
2026-08-30T22:26:43.916+08:00[Asia/Shanghai]	114112362	search_economic_indicator	"{""question"":""检索沪深京融资余额、融资买入额、融资净买入额的日度指标""}"	a0a222deb18c46ebc64b9f2125df0634
2026-08-30T22:26:32.801+08:00[Asia/Shanghai]	144451074	search_economic_indicator	"{""question"":""美国个人消费支出PCE价格指数同比、环比，以及核心PCE价格指数同比、环比""}"	897ade8663d6de6e3b89d49ca14f312d
2026-08-30T22:25:58.141+08:00[Asia/Shanghai]	144433647	search_economic_indicator	"{""question"":""请为“中国市场硫酸锰制备”搜索直接相关的量价与经营指标候选。环节说明：硫酸锰是三元前驱体的核心原料之一，锰矿资源丰富（南非、澳洲、巴西、中国广西/湖南），但电池级对杂质要求极严，因此制备过程中提纯是关键。有3条工业化制备的方法，包括：碳酸锰矿酸解法（原料为菱锰矿）、氧化锰矿还原酸浸法（原料为软锰矿）、工业级提纯法（原料为工业级硫酸锰）。核心对象：硫酸锰。排除针对单一公司的指标。""}"	069a69c2fc184f30e8b4aca12811aae8
2026-08-30T22:25:52.745+08:00[Asia/Shanghai]	144407382	query_economic_indicator_data	"{""question"":""H0821414"",""beginDate"":""2026-04-01"",""endDate"":""2026-08-28""}"	71db70072f8dff86183593dadb17602a
2026-08-30T22:25:21.700+08:00[Asia/Shanghai]	144407382	search_economic_indicator	"{""question"":""韩国信用融资余额""}"	df33cc4762971d962cfabf38c367366c
2026-08-30T22:24:37.985+08:00[Asia/Shanghai]	144353129	query_economic_indicator_data	"{""question"":""S0059749"",""beginDate"":""2026-08-01"",""endDate"":""2026-08-28""}"	cd84d455f28e028755d8fde3ecb08c05
2026-08-30T22:24:35.638+08:00[Asia/Shanghai]	144433647	search_economic_indicator	"{""question"":""请为“中国市场硫酸锰制备”搜索直接相关的量价与经营指标候选。环节说明：硫酸锰是三元前驱体的核心原料之一，锰矿资源丰富（南非、澳洲、巴西、中国广西/湖南），但电池级对杂质要求极严，因此制备过程中提纯是关键。有3条工业化制备的方法，包括：碳酸锰矿酸解法（原料为菱锰矿）、氧化锰矿还原酸浸法（原料为软锰矿）、工业级提纯法（原料为工业级硫酸锰）。核心对象：硫酸锰。排除针对单一公司的指标。""}"	964dc329a8f8669a0aedf1edd7e71365
2026-08-30T22:24:16.764+08:00[Asia/Shanghai]	114172512	query_economic_indicator_data	"{""question"":""W8921758"",""beginDate"":""2026-07-31"",""endDate"":""2026-08-30""}"	4a0df9eb7a7b1872a40e7f712534f7c7
2026-08-30T22:24:15.481+08:00[Asia/Shanghai]	144353129	search_economic_indicator	"{""question"":""查找国家统计局发布的中国原铝或电解铝产量当月值、累计值、累计同比月度指标""}"	20167be2dfe4e3e8a19790ba5e0a67fb
2026-08-30T22:24:07.325+08:00[Asia/Shanghai]	144353129	query_economic_indicator_data	"{""question"":""M0000187"",""beginDate"":""2021-08-01"",""endDate"":""2026-08-28""}"	28bd43b04a8ccce1822b96e718ed091c
2026-08-30T22:23:49.296+08:00[Asia/Shanghai]	144353129	query_economic_indicator_data	"{""question"":""S0027567"",""observation"":""24""}"	9cc9dbfdb9a082228fd3caccb25b32f3
2026-08-30T22:23:35.541+08:00[Asia/Shanghai]	144433647	search_economic_indicator	"{""question"":""请为“中国市场硫酸锰制备”搜索直接相关的量价与经营指标候选。排除针对单一公司的指标。""}"	58271b42bd4fe5e23f564f58bef4d4d9
2026-08-30T22:22:52.091+08:00[Asia/Shanghai]	144353129	search_economic_indicator	"{""question"":""中国规模以上企业啤酒产量 月度 国家统计局""}"	a96dcee43ca02ebb8be4fbc768ca369c
2026-08-30T22:22:35.799+08:00[Asia/Shanghai]	144353129	search_economic_indicator	"{""question"":""中国10年期国债到期收益率 日频""}"	8dae3f26f6bc4ef0af0844d99a444b5a
2026-08-30T22:22:24.152+08:00[Asia/Shanghai]	144353129	search_economic_indicator	"{""question"":""人民币兑港币即期汇率或中间价 CNY/HKD""}"	87219e2aa3119e3e1a167793acad3496
2026-08-30T22:22:03.449+08:00[Asia/Shanghai]	144353129	search_economic_indicator	"{""question"":""中国规模以上企业啤酒产量 月度 国家统计局""}"	b432094307168d409e08a293ac46b9b3
2026-08-30T22:21:47.095+08:00[Asia/Shanghai]	143474403	query_economic_indicator_data	"{""question"":""M0067857"",""observation"":""5""}"	884d145cb7a0fdf899b5784fb6d68ba5
2026-08-30T22:21:25.816+08:00[Asia/Shanghai]	143474403	query_economic_indicator_data	"{""question"":""M0067857"",""observation"":""5""}"	5765b0430a7f2edc674674e5419c7e80
2026-08-30T22:21:06.790+08:00[Asia/Shanghai]	143621417	search_economic_indicator	"{""question"":""中国2026年和2027年实际GDP、工业增加值、固定资产投资、制造业投资、房地产开发投资、基建投资、社会消费品零售、出口、进口、CPI、PPI全年同比预测 一致预期""}"	0ebc6e05ca5f8c5d44cdd816bd7f8d32
2026-08-30T22:21:03.375+08:00[Asia/Shanghai]	115515172	query_economic_indicator_data	"{""question"":""中国制造业PMI"",""observation"":""1""}"	679fa1e548ceb5fe09e5790451765d59
2026-08-30T22:21:03.086+08:00[Asia/Shanghai]	144353129	query_economic_indicator_data	"{""question"":""S0059749"",""beginDate"":""2026-08-01"",""endDate"":""2026-08-28""}"	515f42f4a8499c1f45a0fb2c78f22b71
2026-08-30T22:20:32.907+08:00[Asia/Shanghai]	115515172	search_economic_indicator	"{""question"":""中国 CPI PPI PMI LPR 社融 M2""}"	ae0fe82f2c033be9cc927a1679611eff
2026-08-30T22:19:51.134+08:00[Asia/Shanghai]	143621417	query_economic_indicator_data	"{""question"":""G0000891,S0059749"",""beginDate"":""2026-08-25"",""endDate"":""2026-08-29""}"	205635793ca9438a80afd05d329874f5
2026-08-30T22:19:40.879+08:00[Asia/Shanghai]	144353129	search_economic_indicator	"{""question"":""中国10年期国债到期收益率，银行间市场，日频""}"	9576891efb92a417ab78f14e919a82f3
2026-08-30T22:16:30.919+08:00[Asia/Shanghai]	115515172	query_economic_indicator_data	"{""question"":""中国最新一期 CPI PPI PMI LPR 1年期 5年期 社融 新增人民币贷款 M2同比"",""observation"":""3""}"	7a9e823838d6d4647eb9f52130f0e772
2026-08-30T22:15:10.808+08:00[Asia/Shanghai]	144357076	query_economic_indicator_data	"{""question"":""B7844702"",""beginDate"":""2026-08-20"",""endDate"":""2026-08-28""}"	3f8ab8c6d65a45b31905acd48ea26a2f
2026-08-30T22:15:04.109+08:00[Asia/Shanghai]	144357076	query_economic_indicator_data	"{""question"":""B7844702"",""beginDate"":""2025-12-20"",""endDate"":""2025-12-31""}"	1edd131788e9589ca3638d319b5dfe30
2026-08-30T22:14:56.209+08:00[Asia/Shanghai]	144357076	query_economic_indicator_data	"{""question"":""B7844702"",""beginDate"":""2025-01-01"",""endDate"":""2025-01-10""}"	2b988175a0b256b0974603d1bef05c1e
2026-08-30T22:13:32.703+08:00[Asia/Shanghai]	115025072	search_economic_indicator	"{""question"":""中国保费收入""}"	cd7bfc0ba211a1481c469ac61d244c1b
2026-08-30T22:12:53.971+08:00[Asia/Shanghai]	115025072	search_economic_indicator	"{""question"":""中国保险业原保险保费收入""}"	e60de597a85144e482baa0adac7d2467
2026-08-30T22:12:12.769+08:00[Asia/Shanghai]	115025072	search_economic_indicator	"{""question"":""中国保险行业原保险保费收入 人身险公司 财产险公司 月度 累计 同比""}"	435c5900092aeedbfc43828a7bc75fef
2026-08-30T22:11:55.198+08:00[Asia/Shanghai]	142212993	query_economic_indicator_data	"{""question"":""全球:销售额:半导体:环比"",""beginDate"":""2025-09-01"",""endDate"":""2026-08-31""}"	443a0207fe5f1b90066f555c74be4f27
2026-08-30T22:11:45.991+08:00[Asia/Shanghai]	142212993	query_economic_indicator_data	"{""question"":""全球:高点价:液晶显示器面板(23.8寸、WVA LED、FHD(16:9))"",""beginDate"":""2025-09-01"",""endDate"":""2026-08-31""}"	fab7314f3beaa3877c7d5f910f014ae2
2026-08-30T22:11:44.790+08:00[Asia/Shanghai]	142212993	query_economic_indicator_data	"{""question"":""全球:出货量:大尺寸面板:显示器:当月值"",""beginDate"":""2025-09-01"",""endDate"":""2026-08-31""}"	7a00bb992483abaf079a4abcdaa7d7d9
2026-08-30T22:10:46.221+08:00[Asia/Shanghai]	142212993	search_economic_indicator	"{""question"":""中国 集成电路 产量 当月同比""}"	9e36d15ef1472fd6cd8ec6a9c4e9a9f8
2026-08-30T22:09:52.032+08:00[Asia/Shanghai]	112145123	query_economic_indicator_data	"{""question"":""中国10年期国债到期收益率 最新值""}"	06818ea4152806d68f67869512e0a5fd
2026-08-30T22:09:38.768+08:00[Asia/Shanghai]	114172512	query_economic_indicator_data	"{""question"":""W8921758"",""beginDate"":""2026-08-20"",""endDate"":""2026-08-28""}"	5a12886ae077c9de0dd27502931b5ac2
2026-08-30T22:07:27.605+08:00[Asia/Shanghai]	112145123	query_economic_indicator_data	"{""endDate"":""2026-08-30"",""observation"":5,""question"":""中国10年期国债到期收益率最新5期数据""}"	4cf9752de03d0d493b612b36022b065d
2026-08-30T22:06:06.984+08:00[Asia/Shanghai]	144189950	search_economic_indicator	"{""question"":""美国个人消费支出PCE价格指数同比和环比以及核心PCE价格指数同比和环比""}"	7f062cd2df8e4c636218e4977fdd1ac1
2026-08-30T22:05:25.371+08:00[Asia/Shanghai]	111668674	query_economic_indicator_data	"{""question"":""M0000612"",""beginDate"":""2024-01-01"",""endDate"":""2024-03-31""}"	7f2469b955a3f4975f3d7fb46ba9cba4
2026-08-30T22:05:21.077+08:00[Asia/Shanghai]	144189950	query_economic_indicator_data	"{""question"":""M0096870,M0331299"",""beginDate"":""2026-07-20"",""endDate"":""2026-08-20""}"	e63b76aaafbe6bce57eb09bb9751addb
2026-08-30T22:04:35.376+08:00[Asia/Shanghai]	144189950	search_economic_indicator	"{""question"":""中国贷款市场报价利率LPR 1年期和5年期以上""}"	310b9670fa559b48502814316b61743e
2026-08-30T22:04:24.177+08:00[Asia/Shanghai]	143474403	query_economic_indicator_data	"{""question"":""M0067857"",""observation"":""5""}"	951288e92b6d4ed631c667d326a27439
2026-08-30T22:03:37.571+08:00[Asia/Shanghai]	143585118	search_economic_indicator	"{""question"":""新能源乘用车零售销量""}"	bf957156b6eb1ff0f8d676260b3ad6bd
2026-08-30T22:03:08.999+08:00[Asia/Shanghai]	141150523	query_economic_indicator_data	"{""beginDate"":""2015-01-01"",""endDate"":""2026-08-30"",""question"":""AAII""}"	fded137f3cad5435e2212a253a17d2f0
2026-08-30T22:02:56.312+08:00[Asia/Shanghai]	141150523	query_economic_indicator_data	"{""beginDate"":""2015-01-01"",""endDate"":""2026-08-30"",""question"":""AAII资产配置调查""}"	c00a5cc7a078cb7371ce3dd17a397f17
2026-08-30T22:02:51.607+08:00[Asia/Shanghai]	141150523	query_economic_indicator_data	"{""beginDate"":""2015-01-01"",""endDate"":""2026-08-30"",""question"":""美国:AAII投资者情绪调查:看多比例""}"	7671459657406d62468d19e973f20a1e
2026-08-30T22:02:48.874+08:00[Asia/Shanghai]	141150523	query_economic_indicator_data	"{""beginDate"":""2015-01-01"",""endDate"":""2026-08-30"",""question"":""美国:AAII:现金资产配置比例""}"	6849c455d334a2c1d89d5fa09ddb2ba6
2026-08-30T22:02:42.827+08:00[Asia/Shanghai]	141150523	query_economic_indicator_data	"{""beginDate"":""2015-01-01"",""endDate"":""2026-08-30"",""question"":""AAII投资者资产配置调查:现金比例""}"	b09a0025f4bec1093c5bbdd77011ed03
2026-08-30T22:02:25.663+08:00[Asia/Shanghai]	141150523	query_economic_indicator_data	"{""beginDate"":""2015-01-01"",""endDate"":""2026-08-30"",""question"":""AAII 现金占比""}"	4d575a9b40aa92921ab2b79a4c8d42c4
2026-08-30T22:02:20.466+08:00[Asia/Shanghai]	141150523	query_economic_indicator_data	"{""beginDate"":""2015-01-01"",""endDate"":""2026-08-30"",""question"":""美国:AAII:现金资产配置比例""}"	8dc13b0c81b60ad7267f7e89e20bf415
2026-08-30T22:02:13.457+08:00[Asia/Shanghai]	143625724	search_economic_indicator	"{""question"":""中国10年期国债收益率""}"	257cfd9d42f7eaf47601fac0be8cfc0e
2026-08-30T22:02:12.829+08:00[Asia/Shanghai]	141150523	query_economic_indicator_data	"{""beginDate"":""2015-01-01"",""endDate"":""2026-08-30"",""question"":""AAII投资者资产配置调查:现金比例""}"	7f70a96f11934b519a5e344658049478
2026-08-30T22:01:29.162+08:00[Asia/Shanghai]	115199019	search_economic_indicator	"{""question"":""河北省城镇土地使用税税额标准""}"	e84cb8959ac1a7fc6621ddbc49e20d11
2026-08-30T22:01:13.151+08:00[Asia/Shanghai]	115199019	search_economic_indicator	"{""question"":""河北省唐山市城镇土地使用税标准""}"	10b6f6455c4c319b706d34e363796867
2026-08-30T22:00:59.907+08:00[Asia/Shanghai]	144407382	query_economic_indicator_data	"{""question"":""M0061613"",""beginDate"":""2026-06-25"",""endDate"":""2026-08-28""}"	1262a54d753a29613d78d406f636103c
2026-08-30T22:00:52.380+08:00[Asia/Shanghai]	144407382	query_economic_indicator_data	"{""question"":""M0061608"",""beginDate"":""2026-06-25"",""endDate"":""2026-08-28""}"	79666eed67f584c8e5dffdc76a47b7ac
2026-08-30T22:00:32.906+08:00[Asia/Shanghai]	144282012	query_economic_indicator_data	"{""question"":""S0270980"",""beginDate"":""2025-09-01"",""endDate"":""2026-08-28""}"	9e74f1dac9c60cfa6716a269ef2b7c2e
2026-08-30T22:00:15.717+08:00[Asia/Shanghai]	144282012	query_economic_indicator_data	"{""question"":""S0270980"",""beginDate"":""2025-09-01"",""endDate"":""2026-08-28""}"	61d0fedbf5e68ecc3ca26a8694a02b01
2026-08-30T21:59:56.119+08:00[Asia/Shanghai]	143854011	query_economic_indicator_data	"{""question"":""M1001654"",""beginDate"":""2026-08-26"",""endDate"":""2026-08-30""}"	77c542c146f85fbdbeee85cc221713c1
2026-08-30T21:59:40.211+08:00[Asia/Shanghai]	144282012	query_economic_indicator_data	"{""question"":""S0270980"",""beginDate"":""2025-09-01"",""endDate"":""2026-08-28""}"	34d187c9ade6a5a07cecf1c2a9f6c61e
2026-08-30T21:59:32.271+08:00[Asia/Shanghai]	144407382	query_economic_indicator_data	"{""question"":""M0075992"",""beginDate"":""2026-05-20"",""endDate"":""2026-08-28""}"	84c597cd3121a90b5fe394a36f386d44
2026-08-30T21:59:12.306+08:00[Asia/Shanghai]	144189950	query_economic_indicator_data	"{""question"":""S0031525"",""beginDate"":""2026-08-21"",""endDate"":""2026-08-29""}"	92301e369f2321a2c9f1661f2896e0eb
2026-08-30T21:58:55.304+08:00[Asia/Shanghai]	144458209	query_economic_indicator_data	"{""question"":""G0005428"",""beginDate"":""2026-07-01"",""endDate"":""2026-08-30""}"	6c55aba0f8078cdcd1ad198707067091
2026-08-30T21:58:52.281+08:00[Asia/Shanghai]	144282012	query_economic_indicator_data	"{""question"":""S0270980"",""beginDate"":""2025-09-01"",""endDate"":""2026-08-28""}"	3c7559d11a009423cd5916096fd781eb
2026-08-30T21:58:19.443+08:00[Asia/Shanghai]	144189950	search_economic_indicator	"{""question"":""ICE布伦特原油期货连续合约结算价""}"	6b7c883ae5ab471015882ba9b35b2a78
2026-08-30T21:57:56.024+08:00[Asia/Shanghai]	144458209	query_economic_indicator_data	"{""question"":""U0929600"",""beginDate"":""2026-07-01"",""endDate"":""2026-08-30""}"	56fa2d6f9eb1e9903e33a6f2de3ee90a
2026-08-30T21:57:52.649+08:00[Asia/Shanghai]	144458209	query_economic_indicator_data	"{""question"":""U0929600"",""beginDate"":""2026-07-01"",""endDate"":""2026-08-30""}"	e4d6e77ae401ba4322cd162261a978eb
2026-08-30T21:57:49.341+08:00[Asia/Shanghai]	143854011	query_economic_indicator_data	"{""question"":""M1001654"",""beginDate"":""2026-08-26"",""endDate"":""2026-08-30""}"	571418c8fa58598c0a0bafb234a0834f
2026-08-30T21:57:41.076+08:00[Asia/Shanghai]	144458209	query_economic_indicator_data	"{""question"":""G0005428"",""beginDate"":""2026-07-01"",""endDate"":""2026-08-30""}"	01995a4518bce2f48aadbdcd8bae0ef4
2026-08-30T21:57:37.854+08:00[Asia/Shanghai]	144458209	query_economic_indicator_data	"{""question"":""G0005428"",""beginDate"":""2026-07-01"",""endDate"":""2026-08-30""}"	2857025033867cbb345636f0b6169473
2026-08-30T21:56:19.604+08:00[Asia/Shanghai]	114112362	query_economic_indicator_data	"{""question"":""G0002323,M0000607"",""beginDate"":""2025-07-01"",""endDate"":""2026-08-20""}"	5bd82ad890258be4fa2f191b0ee3a4d6
2026-08-30T21:55:51.891+08:00[Asia/Shanghai]	144189950	search_economic_indicator	"{""question"":""伦敦金现收盘价 XAUUSD""}"	fe42d7981ad8f9aeae1fc87105bb9c18
2026-08-30T21:55:34.433+08:00[Asia/Shanghai]	144433647	search_economic_indicator	"{""question"":""请为“中国市场硫酸钴制备”搜索直接相关的量价与经营指标候选。排除针对单一公司的指标。""}"	bd488115a020120d14af690520f2984b
2026-08-30T21:55:10.058+08:00[Asia/Shanghai]	144458209	search_economic_indicator	"{""question"":""美国10年期TIPS通胀指数国债实际收益率 与 10年期盈亏平衡通胀率""}"	c448ce34ae30910962d2131964a60a8d
2026-08-30T21:53:56.336+08:00[Asia/Shanghai]	110830701	query_economic_indicator_data	"{""question"":""V8735313"",""observation"":""7""}"	4adb4faf85e9deb656ab7f50dd9829c6
2026-08-30T21:53:56.249+08:00[Asia/Shanghai]	110830701	query_economic_indicator_data	"{""question"":""S0031525"",""observation"":""7""}"	2c5f14eac35e3844ea3fcd7b2285d627
2026-08-30T21:53:38.490+08:00[Asia/Shanghai]	144407382	search_economic_indicator	"{""question"":""融资融券余额""}"	892302fca5d400327034e3b6b9f8147f
2026-08-30T21:53:33.204+08:00[Asia/Shanghai]	144282012	query_economic_indicator_data	"{""question"":""S0270980"",""beginDate"":""2025-09-01"",""endDate"":""2026-08-28""}"	fcb33e8fab94bcc71d02f9000663b6b4
2026-08-30T21:53:05.170+08:00[Asia/Shanghai]	144208222	search_economic_indicator	"{""question"":""美国个人消费支出PCE价格指数全部细分项目月度同比，包括耐用品、非耐用品、汽车、家具家电、娱乐商品、食品、服装、汽油能源、住房、水电、医疗、交通、娱乐、餐饮住宿、金融保险及其他服务""}"	50403561f6dd8888f352978f9fff9c28
2026-08-30T21:53:03.198+08:00[Asia/Shanghai]	144407382	search_economic_indicator	"{""question"":""A股融资融券余额日度数据""}"	4a56336f59863be507e507d4116c8715
2026-08-30T21:52:42.463+08:00[Asia/Shanghai]	144189950	search_economic_indicator	"{""question"":""黄金现货价格""}"	924946d4fdeca4b9b216e67fafe83e9f
2026-08-30T21:52:20.002+08:00[Asia/Shanghai]	144190420	query_economic_indicator_data	"{""question"":""G1100004,G1100005,L5830501,G0000067,G0002446,M1001791,G1100075,R3807233,M0000162,H0664350"",""observation"":""18""}"	6f9f11aab76c269679eb2ad77e5041c4
2026-08-30T21:52:18.131+08:00[Asia/Shanghai]	144407382	search_economic_indicator	"{""question"":""沪深两市融资融券余额""}"	e37f75c8f98f4060d6a9db39a4083539
2026-08-30T21:51:57.694+08:00[Asia/Shanghai]	114112362	query_economic_indicator_data	"{""question"":""S0073244"",""observation"":""8""}"	b6c603875afc6c0eedc2210132b25e8b
2026-08-30T21:51:03.819+08:00[Asia/Shanghai]	144189950	search_economic_indicator	"{""question"":""伦敦现货黄金美元每盎司日收盘价""}"	619b00953c498aa7e3a6502d1d2897b9
2026-08-30T21:50:52.910+08:00[Asia/Shanghai]	144190420	search_economic_indicator	"{""question"":""美国 达拉斯联储 截尾均值PCE 通胀率 12个月 同比 月度""}"	780b73323eb26180f9d003cdf7f52f7d
2026-08-30T21:48:15.204+08:00[Asia/Shanghai]	144190420	search_economic_indicator	"{""question"":""美国核心PCE同比、PCE同比、CPI同比、平均时薪同比、就业成本指数同比、失业率、非农就业人数月度变动、达拉斯联储截尾均值PCE同比、联邦基金目标利率上下限、美联储资产负债表总资产、10年期美国国债收益率指标""}"	e1cb98d562096fdc0d95c044d2d62af1
2026-08-30T21:46:02.488+08:00[Asia/Shanghai]	115199019	query_economic_indicator_data	"{""question"":""Y3707196"",""observation"":""6""}"	baa4901f9fc81ec7b39fb0217625be81
2026-08-30T21:45:53.900+08:00[Asia/Shanghai]	115199019	search_economic_indicator	"{""question"":""中国LPR贷款市场报价利率5年期以上""}"	271701d654e386e2c8b07080d79985be
2026-08-30T21:45:08.180+08:00[Asia/Shanghai]	116792127	query_economic_indicator_data	"{""question"":""M0062936,M0062939,M0062941"",""beginDate"":""2026-08-26"",""endDate"":""2026-08-28""}"	3fbb6130c62a6d48cbbea27be1780d96
2026-08-30T21:44:09.091+08:00[Asia/Shanghai]	116792127	query_economic_indicator_data	"{""question"":""M0000610,M5207849,M0010049,M5206847,M5206870"",""observation"":""3""}"	7ea36b1c75d813c2614f7d0a818d66c4
2026-08-30T21:43:47.785+08:00[Asia/Shanghai]	116792127	query_economic_indicator_data	"{""question"":""M0325603"",""beginDate"":""2026-08-01"",""endDate"":""2026-08-28""}"	b8974e04c301a075312c873246450f3b
2026-08-30T21:43:23.781+08:00[Asia/Shanghai]	144438412	search_economic_indicator	"{""question"":""中国65岁及以上人口及占比、老龄化相关指标""}"	1b6b4f3d666c9e75adbc810f2d0d4e35
2026-08-30T21:43:12.790+08:00[Asia/Shanghai]	116792127	search_economic_indicator	"{""question"":""中国2年期国债收益率 日度 中证指数公司""}"	aacbe6ef1e870341d461867ea505dede
2026-08-30T21:42:14.874+08:00[Asia/Shanghai]	144433647	search_economic_indicator	"{""question"":""请为“中国市场硫酸镍制备”搜索直接相关的量价与经营指标候选。环节说明：硫酸镍是三元前驱体的核心原料之一，硫酸镍的原料来源最复杂，有5条工业化制备的方法，当前以红土镍矿高压酸浸法（HPAL）、高冰镍路线（RKEF + 硫化）为产业主流。红土镍矿高压酸浸法（HPAL）是将红土镍矿（主要来自于印尼、菲律宾）通过高压酸浸提取镍，湿法工艺适合低品位红土矿；高冰镍路线是将红土镍矿（残积层）通过RKEF回转窑电炉再硫化转高冰镍，火法与湿法工艺配合。核心对象：硫酸镍。排除针对单一公司的指标。""}"	49211d5971570f19f8dcb251c275a337
2026-08-30T21:40:27.095+08:00[Asia/Shanghai]	110682418	search_economic_indicator	"{""question"":""财新中国制造业PMI一致预测""}"	00e0dfd4fc6d234694fe77ead42147fa
2026-08-30T21:40:19.925+08:00[Asia/Shanghai]	110682418	search_economic_indicator	"{""question"":""中国非制造业PMI预测""}"	4adaf2bb50078a4a65c6e75ae1a06d63
2026-08-30T21:40:13.351+08:00[Asia/Shanghai]	110682418	query_economic_indicator_data	"{""question"":""M0331594"",""observation"":""6""}"	85e303edc3045548237689772bb2b5b0
2026-08-30T21:40:13.275+08:00[Asia/Shanghai]	143897144	query_economic_indicator_data	"{""question"":""票据转贴利率6个月"",""beginDate"":""2026-08-20"",""endDate"":""2026-08-30""}"	cbda85db44daf612444dcd957320b0f9
2026-08-30T21:40:08.313+08:00[Asia/Shanghai]	143897144	query_economic_indicator_data	"{""question"":""LME铜现货结算价"",""beginDate"":""2026-08-20"",""endDate"":""2026-08-30""}"	6f92b4af055994481ef2d923c03ad95d
2026-08-30T21:40:06.906+08:00[Asia/Shanghai]	110682418	search_economic_indicator	"{""question"":""中国制造业PMI""}"	69764cc2374072e7933b12c62a77a840
2026-08-30T21:40:04.692+08:00[Asia/Shanghai]	143897144	query_economic_indicator_data	"{""question"":""BDI波罗的海干散货指数"",""beginDate"":""2026-08-20"",""endDate"":""2026-08-30""}"	b0be8ec720c952356f84f70da8b4061d
2026-08-30T21:40:03.391+08:00[Asia/Shanghai]	110682418	search_economic_indicator	"{""question"":""中国制造业PMI预测""}"	62bb68418be535f3558df23b78c12bf1
2026-08-30T21:40:01.809+08:00[Asia/Shanghai]	143897144	query_economic_indicator_data	"{""question"":""CCFI综合指数"",""beginDate"":""2026-08-20"",""endDate"":""2026-08-30""}"	b02f90593b560137aba4094123d10d5e
2026-08-30T21:39:59.372+08:00[Asia/Shanghai]	143897144	query_economic_indicator_data	"{""question"":""SCFI综合指数"",""beginDate"":""2026-08-20"",""endDate"":""2026-08-30""}"	a401a84b9acb08c57e198ac4153ebc42
2026-08-30T21:39:57.316+08:00[Asia/Shanghai]	143897144	query_economic_indicator_data	"{""question"":""南华工业品指数"",""beginDate"":""2026-08-20"",""endDate"":""2026-08-30""}"	00b9240140ac7bf3f6bf15f823a55b37
2026-08-30T21:39:55.438+08:00[Asia/Shanghai]	143897144	query_economic_indicator_data	"{""question"":""WTI原油现货价"",""beginDate"":""2026-08-20"",""endDate"":""2026-08-30""}"	2b367636010e9a773cdeb7ab29a99828
2026-08-30T21:39:47.128+08:00[Asia/Shanghai]	143897144	query_economic_indicator_data	"{""question"":""猪肉平均批发价"",""beginDate"":""2026-08-20"",""endDate"":""2026-08-30""}"	ebe9d42d33b0bb556f0214f3ee89c4de
2026-08-30T21:39:36.360+08:00[Asia/Shanghai]	143897144	query_economic_indicator_data	"{""question"":""乘用车当周厂家日均零售数量"",""beginDate"":""2026-08-20"",""endDate"":""2026-08-30""}"	794dfc052678a5b6b77e163afa9317a6
2026-08-30T21:39:32.499+08:00[Asia/Shanghai]	143897144	query_economic_indicator_data	"{""question"":""水泥价格指数"",""beginDate"":""2026-08-20"",""endDate"":""2026-08-30""}"	9e199eb44a72ab430349c0abb11be541
2026-08-30T21:39:17.234+08:00[Asia/Shanghai]	143897144	query_economic_indicator_data	"{""question"":""30大中城市商品房成交面积"",""beginDate"":""2026-08-20"",""endDate"":""2026-08-30""}"	3dc0b6454b0732567b6792977e2bef92
2026-08-30T21:39:10.619+08:00[Asia/Shanghai]	143897144	query_economic_indicator_data	"{""question"":""半钢胎开工率"",""beginDate"":""2026-08-20"",""endDate"":""2026-08-30""}"	3f3433d487feeefdcf17ba7fe78358bd
2026-08-30T21:39:05.129+08:00[Asia/Shanghai]	143897144	query_economic_indicator_data	"{""question"":""PTA开工率"",""beginDate"":""2026-08-20"",""endDate"":""2026-08-30""}"	342fae9301309b4b26ddc2d973b958c3
2026-08-30T21:39:04.751+08:00[Asia/Shanghai]	110970536	query_economic_indicator_data	"{""question"":""中国、美国、欧元区、日本最新的GDP实际增速、制造业PMI、综合PMI、CPI同比、失业率、政策利率，以及中国社会融资规模存量同比和美国核心PCE同比"",""observation"":""6""}"	f8d6e485c6e7a0b954ddfcd87e3db4ee
2026-08-30T21:39:00.369+08:00[Asia/Shanghai]	144438412	search_economic_indicator	"{""question"":""美国10年期国债收益率、美元指数、美元兑人民币中间价、美元兑港元汇率""}"	a8a0f9d3b470fa73b463f0ea0d62f889
2026-08-30T21:38:54.325+08:00[Asia/Shanghai]	143897144	query_economic_indicator_data	"{""question"":""电炉开工率"",""beginDate"":""2026-08-20"",""endDate"":""2026-08-30""}"	6a717d2a9a56ca50dc3d43a4768b813c
2026-08-30T21:36:26.561+08:00[Asia/Shanghai]	114112362	query_economic_indicator_data	"{""question"":""S0029646,S0029648,S0029652,S0073244,S0029657,S0073293,S0073297,S0000021,M5481771,J7524431"",""beginDate"":""2025-12-01"",""endDate"":""2026-08-20""}"	98d2a3dc6624980e2c84ac7dcd4c5a7d
2026-08-30T21:36:25.673+08:00[Asia/Shanghai]	115564379	query_economic_indicator_data	"{""beginDate"":""2026-01-01"",""endDate"":""2026-08-28"",""question"":""Z9174481""}"	164ec4f2fecc23af0fd468c1a952f1f3
2026-08-30T21:35:28.630+08:00[Asia/Shanghai]	143897144	query_economic_indicator_data	"{""question"":""票据转贴现利率"",""beginDate"":""2026-08-15"",""endDate"":""2026-08-28""}"	18193e98d3ff48ab0dfbeacadbaff0fb
2026-08-30T21:35:08.484+08:00[Asia/Shanghai]	143897144	query_economic_indicator_data	"{""question"":""国股银票转贴现利率 6个月"",""beginDate"":""2026-08-15"",""endDate"":""2026-08-28""}"	6647389803594f20a0afdd06c25b88e7
2026-08-30T21:34:48.382+08:00[Asia/Shanghai]	143897144	query_economic_indicator_data	"{""question"":""国股银票转贴现利率 6个月"",""beginDate"":""2026-08-15"",""endDate"":""2026-08-28""}"	63cbf52e1ae10f65e3ca47374a27a46d
2026-08-30T21:34:21.878+08:00[Asia/Shanghai]	143897144	query_economic_indicator_data	"{""question"":""SCFI综合指数 CCFI综合指数 BDI波罗的海干散货指数"",""beginDate"":""2026-08-15"",""endDate"":""2026-08-28""}"	49f0ffb5652fbbc2be91d6fedc3e97b0
2026-08-30T21:34:12.598+08:00[Asia/Shanghai]	144353129	query_economic_indicator_data	"{""question"":""G8300673,S0059749"",""beginDate"":""2018-07-01"",""endDate"":""2026-08-28""}"	b1b4118f6cf309a395f84a599bc2ec86
2026-08-30T21:34:09.817+08:00[Asia/Shanghai]	143897144	query_economic_indicator_data	"{""question"":""LME铜现货结算价 美元指数"",""beginDate"":""2026-08-15"",""endDate"":""2026-08-28""}"	f36c90beb984ed932822ef2622887b96
2026-08-30T21:33:38.548+08:00[Asia/Shanghai]	143897144	query_economic_indicator_data	"{""question"":""农产品批发价格200指数"",""beginDate"":""2026-08-15"",""endDate"":""2026-08-28""}"	427f8a3db860486f070b47a4fbfd3469
2026-08-30T21:33:26.135+08:00[Asia/Shanghai]	144353129	search_economic_indicator	"{""question"":""中国10年期国债到期收益率 日频 中债估值 估值日2026年8月28日""}"	b954a6f8934ad7c1e99e971ddb294105
2026-08-30T21:33:14.567+08:00[Asia/Shanghai]	143897144	query_economic_indicator_data	"{""question"":""乘用车厂家零售数量 猪肉平均批发价 农产品批发价格200指数"",""beginDate"":""2026-08-15"",""endDate"":""2026-08-28""}"	7d009e8fdef03e654d3b73e3c3078a9b
2026-08-30T21:33:12.061+08:00[Asia/Shanghai]	144353129	query_economic_indicator_data	"{""endDate"":""2026-08-28"",""question"":""S0059749"",""beginDate"":""2026-08-20""}"	0a137939a09c276cca53d7a147706907
2026-08-30T21:32:33.451+08:00[Asia/Shanghai]	143897144	query_economic_indicator_data	"{""question"":""30大中城市商品房成交面积 螺纹钢社会库存 水泥价格指数"",""beginDate"":""2026-08-15"",""endDate"":""2026-08-28""}"	30c5896b3cb250b7591685fe3579de12
2026-08-30T21:32:22.914+08:00[Asia/Shanghai]	143897144	query_economic_indicator_data	"{""question"":""高炉开工率 唐山"",""beginDate"":""2026-08-15"",""endDate"":""2026-08-28""}"	fecfc976fc23ab9da49aa380a525b685
2026-08-30T21:31:57.537+08:00[Asia/Shanghai]	143897144	query_economic_indicator_data	"{""question"":""高炉开工率 全国 247家钢厂"",""beginDate"":""2026-08-15"",""endDate"":""2026-08-28""}"	6d515cb0c9875dc8782f71c33b2c4e28
2026-08-30T21:31:27.060+08:00[Asia/Shanghai]	143897144	query_economic_indicator_data	"{""question"":""高炉开工率247家 电炉开工率 PTA开工率 半钢胎开工率"",""beginDate"":""2026-08-15"",""endDate"":""2026-08-28""}"	27ff655ad7b07fdae2dc1a16584ab7f6
2026-08-30T21:30:43.270+08:00[Asia/Shanghai]	143857778	query_economic_indicator_data	"{""question"":""V6842305"",""beginDate"":""1990-01-01"",""endDate"":""2026-08-28""}"	2cd9b2c3e0f81efefd7d227d8be6ed2f
2026-08-30T21:30:42.817+08:00[Asia/Shanghai]	137384540	query_economic_indicator_data	"{""question"":""M1001654"",""beginDate"":""2026-08-28"",""endDate"":""2026-08-28""}"	7d9b259d141b609f068c5a0781f21841
2026-08-30T21:30:25.575+08:00[Asia/Shanghai]	144353129	query_economic_indicator_data	"{""question"":""G8300673,S0059749"",""beginDate"":""2018-07-01"",""endDate"":""2026-08-28""}"	6aa0f50f266fcbb72d7410af7e8a37c3
2026-08-30T21:30:02.732+08:00[Asia/Shanghai]	115363178	search_economic_indicator	"{""question"":""欧洲 乙烯 现货价""}"	7c897c057a352a23b9a45636aab1a1d6
2026-08-30T21:29:47.869+08:00[Asia/Shanghai]	143857778	search_economic_indicator	"{""question"":""猪肉 CPI 分项""}"	911566939c0d16c31fbfa839f1e9ef8c
2026-08-30T21:29:32.684+08:00[Asia/Shanghai]	143857778	search_economic_indicator	"{""question"":""CPI 食品烟酒 畜肉类 猪肉 当月同比""}"	2e6a9f2e7cfa1ec79a1e6f78f1e76889
2026-08-30T21:29:19.326+08:00[Asia/Shanghai]	115564379	search_economic_indicator	"{""question"":""河南省代理购电平均上网电价 工商业用户 元每千瓦时 指标""}"	4a992bb0da23a51cc2636685500017d6
2026-08-30T21:28:55.098+08:00[Asia/Shanghai]	143857778	query_economic_indicator_data	"{""question"":""N5594677"",""beginDate"":""1990-01-01"",""endDate"":""2026-08-28""}"	1c8ccd74bb43121b5e0a473659aa3a0d
2026-08-30T21:28:50.109+08:00[Asia/Shanghai]	143857778	query_economic_indicator_data	"{""question"":""S0143884"",""beginDate"":""1990-01-01"",""endDate"":""2026-08-28""}"	88bcc350c214b380cf3f084c9fc50d0b
2026-08-30T21:28:45.497+08:00[Asia/Shanghai]	143857778	query_economic_indicator_data	"{""question"":""S6947986"",""beginDate"":""1990-01-01"",""endDate"":""2026-08-28""}"	93017ed6a0c8f9c5ecaff66cf5c0c009
2026-08-30T21:28:38.954+08:00[Asia/Shanghai]	115564379	search_economic_indicator	"{""question"":""河南电力交易市场 工商业电价 电解铝用电价格 月度或日度 指标""}"	af8f6b73c9182bdc8a6092c6532be05d
2026-08-30T21:28:17.002+08:00[Asia/Shanghai]	143857778	search_economic_indicator	"{""question"":""猪肉价格 批发""}"	960d33e47395b4525f28985301ad8a26
2026-08-30T21:28:05.973+08:00[Asia/Shanghai]	143857778	search_economic_indicator	"{""question"":""猪肉 批发价""}"	76b01dde97f77e21fca54ee8ec4e5a68
2026-08-30T21:27:58.683+08:00[Asia/Shanghai]	143857778	search_economic_indicator	"{""question"":""猪肉平均批发价""}"	1c98f0a3d2b5e862cab5981275978d6f
2026-08-30T21:27:42.702+08:00[Asia/Shanghai]	115564379	search_economic_indicator	"{""question"":""中国氧化铝现货价格 日频 元每吨 指标""}"	69b511c3959236107bc4894db7d5e299
2026-08-30T21:27:26.113+08:00[Asia/Shanghai]	143555400	query_economic_indicator_data	"{""question"":""电池级碳酸锂现货价格、长江有色市场铝均价、氧化铝价格、铝社会库存"",""observation"":""5""}"	7b25fe046bcc7639b506812b6171ac0a
2026-08-30T21:18:49.209+08:00[Asia/Shanghai]	101299633	query_economic_indicator_data	"{""question"":""M0017129"",""beginDate"":""2025-01-01"",""endDate"":""2026-08-30""}"	71fe6127dd1b73d962cc6ff21d3a18ef
2026-08-30T21:18:17.698+08:00[Asia/Shanghai]	101299633	search_economic_indicator	"{""question"":""中国制造业采购经理指数 新出口订单 PMI 新出口订单""}"	aeff5356a6183f4268f134a73170b63d
2026-08-30T21:17:47.041+08:00[Asia/Shanghai]	101299633	query_economic_indicator_data	"{""question"":""110166520"",""beginDate"":""2026-01-01"",""endDate"":""2026-08-30""}"	59c21761c78dcaa6c390006e4d78a363
2026-08-30T21:17:20.272+08:00[Asia/Shanghai]	143474403	query_economic_indicator_data	"{""question"":""M0067857"",""observation"":""5""}"	49661f06364a2ef58ec02c5e535ae467
2026-08-30T21:17:20.020+08:00[Asia/Shanghai]	101299633	search_economic_indicator	"{""question"":""中国制造业PMI新出口订单月度指标""}"	009e7955abfa8b01770a90c06ed7ad08
2026-08-30T21:17:05.617+08:00[Asia/Shanghai]	114112362	query_economic_indicator_data	"{""question"":""M0000271,S0069669,S0069670,S0180896,S0029750,S0029754"",""beginDate"":""2026-08-27"",""endDate"":""2026-08-29""}"	ca547d30767868f0d2511cf6d28c0fcf
2026-08-30T21:10:36.834+08:00[Asia/Shanghai]	143188536	query_economic_indicator_data	"{""question"":""比特币兑美元价格最新值"",""beginDate"":""2026-08-26"",""endDate"":""2026-08-30""}"	1f3f58640e81296f841961d16ec2352e
2026-08-30T21:09:14.540+08:00[Asia/Shanghai]	114112362	query_economic_indicator_data	"{""question"":""G0000028,G1100005,M1001787,M1001791,G0000893,G0005428,V8735313,U0929600"",""beginDate"":""2026-06-01"",""endDate"":""2026-08-29""}"	192575623c099a2ae34a54a8d75da45c
2026-08-30T21:09:12.194+08:00[Asia/Shanghai]	110887099	query_economic_indicator_data	"{""question"":""M0000271,S0180945,S0029751,S0031525"",""beginDate"":""2026-08-23"",""endDate"":""2026-08-30""}"	3145c9ff8cc3d062926332c83654781c
2026-08-30T21:08:40.328+08:00[Asia/Shanghai]	143975460	query_economic_indicator_data	"{""question"":""M1004900"",""beginDate"":""2026-08-21"",""endDate"":""2026-08-28""}"	5dbd52c897c9fab772633619b0b9706b
2026-08-30T21:08:38.763+08:00[Asia/Shanghai]	143188536	query_economic_indicator_data	"{""question"":""美元指数DXY、美元兑人民币即期汇率、美国10年期国债收益率最新值"",""beginDate"":""2026-08-25"",""endDate"":""2026-08-30""}"	d55c08dc63271c56bf87982eecfd85f9
2026-08-30T21:08:36.755+08:00[Asia/Shanghai]	143188536	query_economic_indicator_data	"{""question"":""芝加哥期权交易所VIX恐慌指数最新收盘值"",""beginDate"":""2026-08-25"",""endDate"":""2026-08-30""}"	90b4edf76fab5818d495950f5d282723
2026-08-30T21:08:36.731+08:00[Asia/Shanghai]	143188536	query_economic_indicator_data	"{""question"":""德国DAX指数、法国CAC40指数最新收盘点位"",""beginDate"":""2026-08-25"",""endDate"":""2026-08-30""}"	6f8d338faf68f7f7205244384f220c1b
2026-08-30T21:08:34.007+08:00[Asia/Shanghai]	143975460	query_economic_indicator_data	"{""question"":""M1004899"",""beginDate"":""2026-08-21"",""endDate"":""2026-08-28""}"	a48106a2468a8af049b1283605e5e318
2026-08-30T21:08:33.039+08:00[Asia/Shanghai]	143188536	query_economic_indicator_data	"{""question"":""COMEX黄金期货主力、NYMEX WTI原油期货主力、布伦特原油期货最新收盘价"",""beginDate"":""2026-08-25"",""endDate"":""2026-08-30""}"	8173e4dff16a06cb0653dabff8eb72ff
2026-08-30T21:08:29.207+08:00[Asia/Shanghai]	143975460	query_economic_indicator_data	"{""question"":""M1004892"",""beginDate"":""2026-08-21"",""endDate"":""2026-08-28""}"	75192db31abb3e8c9417b22eef01a196
2026-08-30T21:08:20.518+08:00[Asia/Shanghai]	143975460	query_economic_indicator_data	"{""question"":""M1004902"",""beginDate"":""2026-08-21"",""endDate"":""2026-08-28""}"	3d9d3a1fd74cdb68be92a2b89e7ada16
2026-08-30T21:07:55.360+08:00[Asia/Shanghai]	137384540	query_economic_indicator_data	"{""question"":""M1001654"",""beginDate"":""2026-08-28"",""endDate"":""2026-08-28""}"	7363d41f28871cb4f65d59bcccb2fe0c
2026-08-30T21:07:55.094+08:00[Asia/Shanghai]	143975460	query_economic_indicator_data	"{""question"":""M1004892,M1004899,M1004900,M1004902"",""beginDate"":""2026-08-21"",""endDate"":""2026-08-28""}"	a8f86f45075f26168215d23c6c78b0ba
2026-08-30T21:07:44.245+08:00[Asia/Shanghai]	143975460	query_economic_indicator_data	"{""question"":""M1001654,M1001657"",""beginDate"":""2026-08-21"",""endDate"":""2026-08-28""}"	1e284635d791caca73985d43a9adbb9b
2026-08-30T21:07:37.657+08:00[Asia/Shanghai]	143619914	query_economic_indicator_data	"{""question"":""G1112986"",""beginDate"":""1996-01-01"",""endDate"":""2026-12-31""}"	36fd08dc90acfb133c9fbce8c69f411f
2026-08-30T21:07:37.035+08:00[Asia/Shanghai]	143975460	query_economic_indicator_data	"{""question"":""M1006336,M1006337,M0041653"",""beginDate"":""2026-08-21"",""endDate"":""2026-08-28""}"	52ec6a56bd090b848f13810b1b4bd18f
2026-08-30T21:07:35.325+08:00[Asia/Shanghai]	114112362	search_economic_indicator	"{""question"":""检索Wind指标名称为美国:CPI:季调:同比，以及美国:盈亏平衡通胀率:5年:非季调的日度指标""}"	468833c5d6909fe4644eb4fbf36be011
2026-08-30T21:07:19.736+08:00[Asia/Shanghai]	143619914	query_economic_indicator_data	"{""question"":""G0000006"",""beginDate"":""1996-01-01"",""endDate"":""2026-12-31""}"	8bac42736e169d5612ef47dc3c33c7ae
2026-08-30T21:07:14.280+08:00[Asia/Shanghai]	143619914	search_economic_indicator	"{""question"":""美国联邦基金目标利率""}"	c455b81d4476ab9ffba05d49593aa81c
2026-08-30T21:07:13.051+08:00[Asia/Shanghai]	143619914	search_economic_indicator	"{""question"":""美国CPI同比""}"	01836a87a596cd5547e496530a790508
2026-08-30T21:06:58.447+08:00[Asia/Shanghai]	143619914	search_economic_indicator	"{""question"":""美国实际GDP同比增速""}"	e71cfd0f8043f893dd3971dcc031f501
2026-08-30T21:04:14.384+08:00[Asia/Shanghai]	141762327	query_economic_indicator_data	"{""question"":""PPI"",""observation"":""12""}"	865304f5fec4c2d01499358341148d09
2026-08-30T21:04:12.216+08:00[Asia/Shanghai]	143579847	query_economic_indicator_data	"{""question"":""M5525763"",""beginDate"":""2026-01-01"",""endDate"":""2026-08-30""}"	698f2111bd757bfb8c1e57ff222faa8e
2026-08-30T21:03:26.750+08:00[Asia/Shanghai]	143579847	search_economic_indicator	"{""question"":""中国社会融资规模存量同比""}"	d89a4307b24d4ea4e80f96968be39ec1
2026-08-30T21:00:28.879+08:00[Asia/Shanghai]	144297790	query_economic_indicator_data	"{""question"":""M0000612,M0001385,M5525755,M1006337"",""beginDate"":""2026-01-01"",""endDate"":""2026-08-30""}"	91a1fa59e39b9df8c0f46763c68fa367
2026-08-30T21:00:17.079+08:00[Asia/Shanghai]	144297790	query_economic_indicator_data	"{""question"":""M0000612,M0001385,M5525755,M1006337"",""beginDate"":""2026-01-01"",""endDate"":""2026-08-30""}"	13c1ac32faa291fdb469adf8fc7a6ec1
2026-08-30T20:59:32.642+08:00[Asia/Shanghai]	141762327	query_economic_indicator_data	"{""question"":""北交所:融资融券余额"",""beginDate"":""2026-08-26"",""endDate"":""2026-08-27""}"	8c03301de10b9ae656f4c7a1b0bbff6a
2026-08-30T20:59:17.342+08:00[Asia/Shanghai]	143971469	query_economic_indicator_data	"{""question"":""M1010688"",""beginDate"":""2026-08-23"",""endDate"":""2026-08-30""}"	71f8b10cead924028ed8463a6a5dbf2e
2026-08-30T20:59:16.494+08:00[Asia/Shanghai]	141762327	query_economic_indicator_data	"{""question"":""深市:融资融券余额"",""beginDate"":""2026-08-26"",""endDate"":""2026-08-27""}"	43e1f6a48ec521ec6f0c4db96a6efe00
2026-08-30T20:57:44.303+08:00[Asia/Shanghai]	144259095	query_economic_indicator_data	"{""question"":""L5471360"",""beginDate"":""2026-08-26"",""endDate"":""2026-08-30""}"	1d9a870997b5975f978e99dc27bcb1e4
2026-08-30T20:57:33.839+08:00[Asia/Shanghai]	144259095	query_economic_indicator_data	"{""question"":""G0000893"",""beginDate"":""2026-08-26"",""endDate"":""2026-08-30""}"	a0855793f23a9e8841688c896732e4e9
2026-08-30T20:57:30.892+08:00[Asia/Shanghai]	144208222	search_economic_indicator	"{""question"":""美国:生产者价格指数:最终需求:非季调:同比 2026年7月""}"	3e45c021e4d1e1574b8fff138b349c71
2026-08-30T20:57:29.901+08:00[Asia/Shanghai]	144259095	query_economic_indicator_data	"{""question"":""G0000891"",""beginDate"":""2026-08-26"",""endDate"":""2026-08-30""}"	18a78260ce8cc80948e6c1f679d5e916
2026-08-30T20:57:21.597+08:00[Asia/Shanghai]	144259095	query_economic_indicator_data	"{""question"":""M0000185"",""beginDate"":""2026-08-26"",""endDate"":""2026-08-30""}"	e6990af4e82e60585c315ba8e4256f42
2026-08-30T20:57:15.789+08:00[Asia/Shanghai]	144259095	query_economic_indicator_data	"{""question"":""S0031525,M0000005"",""beginDate"":""2026-08-26"",""endDate"":""2026-08-30""}"	2fd677201ef2902ccab5cbad288a6cfe
2026-08-30T20:56:55.031+08:00[Asia/Shanghai]	144259095	query_economic_indicator_data	"{""question"":""L5471360"",""beginDate"":""2026-08-26"",""endDate"":""2026-08-30""}"	756bad0b60389d8d62bc98c64242bf73
2026-08-30T20:56:42.035+08:00[Asia/Shanghai]	144259095	query_economic_indicator_data	"{""question"":""G0000891"",""beginDate"":""2026-08-26"",""endDate"":""2026-08-30""}"	e1b0602ee44f351fa0815d2c04c55a86
2026-08-30T20:56:31.807+08:00[Asia/Shanghai]	144259095	query_economic_indicator_data	"{""question"":""M0000271"",""beginDate"":""2026-08-26"",""endDate"":""2026-08-30""}"	eb30bb56373f9d52421364b26a96e606
2026-08-30T20:56:05.563+08:00[Asia/Shanghai]	144259095	query_economic_indicator_data	"{""question"":""L5471360"",""beginDate"":""2026-08-26"",""endDate"":""2026-08-30""}"	a3be4d62fa9b6579f86e87c2444685e5
2026-08-30T20:56:02.387+08:00[Asia/Shanghai]	144259095	query_economic_indicator_data	"{""question"":""G0000893"",""beginDate"":""2026-08-26"",""endDate"":""2026-08-30""}"	c8e3736af2e01c62a5c489b0ae07c998
2026-08-30T20:55:43.590+08:00[Asia/Shanghai]	144259095	query_economic_indicator_data	"{""question"":""M0000271"",""beginDate"":""2026-08-26"",""endDate"":""2026-08-30""}"	04a289391360853f627a549217db00f4
2026-08-30T20:55:39.598+08:00[Asia/Shanghai]	144259095	query_economic_indicator_data	"{""question"":""S0031525,M0000005"",""beginDate"":""2026-08-26"",""endDate"":""2026-08-30""}"	44003fc6c98d5a6e2357257e9f691d09
2026-08-30T20:55:23.905+08:00[Asia/Shanghai]	144259095	query_economic_indicator_data	"{""question"":""M0000185"",""beginDate"":""2026-08-26"",""endDate"":""2026-08-30""}"	8e41fc54d1259338e1505c19d17651d1
2026-08-30T20:55:01.815+08:00[Asia/Shanghai]	144208222	search_economic_indicator	"{""question"":""美国2026年7月个人消费支出价格指数PCE同比 核心PCE同比 分项商品服务食品能源""}"	63f14c503985ad264b8c8f124d85b683
2026-08-30T20:54:40.663+08:00[Asia/Shanghai]	141762327	search_economic_indicator	"{""question"":""中国A股沪深京融资融券余额日频 总额""}"	456a2d86f52262d717f91bdf6a586246
2026-08-30T20:54:36.507+08:00[Asia/Shanghai]	144259095	query_economic_indicator_data	"{""question"":""G0000893"",""beginDate"":""2026-08-26"",""endDate"":""2026-08-30""}"	8b5adc9169801466ec14add94d2e68b1
2026-08-30T20:54:28.313+08:00[Asia/Shanghai]	144259095	query_economic_indicator_data	"{""question"":""G0000891"",""beginDate"":""2026-08-26"",""endDate"":""2026-08-30""}"	832940cd875e04f66acd95e53cf5186c
2026-08-30T20:54:25.311+08:00[Asia/Shanghai]	144259095	query_economic_indicator_data	"{""question"":""M0290205"",""beginDate"":""2026-08-26"",""endDate"":""2026-08-30""}"	2fa5802cef96238d2b68dad08a0ea435
2026-08-30T20:54:00.287+08:00[Asia/Shanghai]	144259095	query_economic_indicator_data	"{""question"":""S0031645,S0031648"",""beginDate"":""2026-08-26"",""endDate"":""2026-08-30""}"	4ed30db9887a24bbf81acb38af4bdc4d
2026-08-30T20:53:49.811+08:00[Asia/Shanghai]	141762327	query_economic_indicator_data	"{""question"":""M0075992"",""observation"":""5""}"	ee844f9d4fa7ecd7e2348d328cf371cd
2026-08-30T20:53:41.501+08:00[Asia/Shanghai]	141762327	query_economic_indicator_data	"{""question"":""M0060433"",""observation"":""10""}"	8aa539f252306708ee4ae970cc45f1f2
2026-08-30T20:53:30.302+08:00[Asia/Shanghai]	141762327	query_economic_indicator_data	"{""question"":""M0075992"",""observation"":""5""}"	96a14475c6be90ec219ba505c5e9ea6d
2026-08-30T20:52:58.339+08:00[Asia/Shanghai]	144259095	query_economic_indicator_data	"{""question"":""L5471360"",""beginDate"":""2026-08-26"",""endDate"":""2026-08-30""}"	96467cbb51bda34c546517ff2a278a22
2026-08-30T20:52:50.681+08:00[Asia/Shanghai]	144259095	query_economic_indicator_data	"{""question"":""G0000893"",""beginDate"":""2026-08-26"",""endDate"":""2026-08-30""}"	37b3b2aea8f042a45cda5d76b5f376ce
2026-08-30T20:52:30.041+08:00[Asia/Shanghai]	143600842	query_economic_indicator_data	"{""question"":""M1001791"",""beginDate"":""2026-07-20"",""endDate"":""2026-08-29""}"	dc6032a1e25c9e815629284a6820e4db
2026-08-30T20:52:22.051+08:00[Asia/Shanghai]	143954008	query_economic_indicator_data	"{""question"":""G1147403"",""beginDate"":""2015-01-01"",""endDate"":""2026-08-30""}"	eab4d5b7b6f87a350ee29f1437054c8b
2026-08-30T20:52:20.436+08:00[Asia/Shanghai]	144259095	query_economic_indicator_data	"{""question"":""M0000271,M0000185,M0290205"",""beginDate"":""2026-08-26"",""endDate"":""2026-08-30""}"	f29c77b0e8c9e9ab811652f9cc969f7c
2026-08-30T20:52:14.550+08:00[Asia/Shanghai]	143954008	query_economic_indicator_data	"{""question"":""G0000893"",""beginDate"":""2015-01-01"",""endDate"":""2026-08-30""}"	acada9df7366044924e8f2a681be6a2f
2026-08-30T20:52:11.122+08:00[Asia/Shanghai]	144259095	query_economic_indicator_data	"{""question"":""S0031525,M0000005"",""beginDate"":""2026-08-26"",""endDate"":""2026-08-30""}"	4c072b15de2718942a2f2a8edee69ba2
2026-08-30T20:52:08.839+08:00[Asia/Shanghai]	143600842	query_economic_indicator_data	"{""question"":""M0290205"",""beginDate"":""2026-07-20"",""endDate"":""2026-08-29""}"	28b26414674bd658e1e22d77ed4740f1
2026-08-30T20:52:04.936+08:00[Asia/Shanghai]	143600842	query_economic_indicator_data	"{""question"":""M0000271"",""beginDate"":""2026-07-20"",""endDate"":""2026-08-29""}"	14c5a7546cf67d21ae9c6fde209e1076
2026-08-30T20:52:00.002+08:00[Asia/Shanghai]	143600842	query_economic_indicator_data	"{""question"":""M1001791"",""beginDate"":""2026-07-20"",""endDate"":""2026-08-29""}"	a152e676f0203fe652fef8ebb2f5cb25
2026-08-30T20:50:42.358+08:00[Asia/Shanghai]	143954008	query_economic_indicator_data	"{""question"":""M1001791,G0000893,G0005428,G1147403"",""beginDate"":""2015-01-01"",""endDate"":""2026-08-30""}"	13578e5c9fa524cee5a635faa542166c
2026-08-30T20:48:23.349+08:00[Asia/Shanghai]	144456724	query_economic_indicator_data	"{""question"":""M5207873"",""beginDate"":""2026-07-01"",""endDate"":""2026-08-30""}"	9268206cc109603e20e93660442a75f6
2026-08-30T20:48:02.052+08:00[Asia/Shanghai]	144456724	query_economic_indicator_data	"{""question"":""M5543233"",""beginDate"":""2026-07-01"",""endDate"":""2026-08-30""}"	b1549f725f0e91c2266dac1cfafc09aa
2026-08-30T20:48:01.045+08:00[Asia/Shanghai]	143904553	query_economic_indicator_data	"{""question"":""中国10年期国债到期收益率"",""beginDate"":""2025-06-01"",""endDate"":""2026-08-28""}"	bacf7c0566ccee06e7f2cb2763516a1c
2026-08-30T20:47:57.287+08:00[Asia/Shanghai]	144456724	query_economic_indicator_data	"{""question"":""M5543227"",""beginDate"":""2026-07-01"",""endDate"":""2026-08-30""}"	0d3c3338e8d1f03969ca621d2a2d14f5
2026-08-30T20:47:52.211+08:00[Asia/Shanghai]	114112362	query_economic_indicator_data	"{""question"":""中国房地产开发投资完成额累计同比,中国房地产开发资金来源合计累计同比,中国商品房销售面积累计同比"",""observation"":""8""}"	b106903ee8ac662d37cb471672a98194
2026-08-30T20:47:14.369+08:00[Asia/Shanghai]	116804574	query_economic_indicator_data	"{""question"":""M0000271"",""beginDate"":""2026-08-20"",""endDate"":""2026-08-30""}"	b76b4f62d4fe1755fea99cc02bdd6cfe
2026-08-30T20:46:58.086+08:00[Asia/Shanghai]	116804574	search_economic_indicator	"{""question"":""美元指数DXY日频指标""}"	4cfe8706911937aeb735103982bb6432
2026-08-30T20:46:56.340+08:00[Asia/Shanghai]	144456724	query_economic_indicator_data	"{""question"":""M5543221"",""beginDate"":""2026-07-01"",""endDate"":""2026-08-30""}"	ded033321d0f0ab9f812bc3a11d1eb33
2026-08-30T20:46:47.384+08:00[Asia/Shanghai]	144011783	query_economic_indicator_data	"{""question"":""M1001657"",""beginDate"":""2023-08-20"",""endDate"":""2026-08-28""}"	57e587071e138f98f086568c138028dd
2026-08-30T20:46:39.426+08:00[Asia/Shanghai]	116804574	query_economic_indicator_data	"{""question"":""G0000891,G0000887"",""beginDate"":""2026-08-20"",""endDate"":""2026-08-30""}"	e070284d116c37afa05ea262cc26b089
2026-08-30T20:46:31.193+08:00[Asia/Shanghai]	144011783	query_economic_indicator_data	"{""question"":""M1001657"",""beginDate"":""2023-08-20"",""endDate"":""2026-08-28""}"	daa3102ed9821e04bee59974c3a476c5
2026-08-30T20:46:15.696+08:00[Asia/Shanghai]	111668674	search_economic_indicator	"{""question"":""美国国内生产总值同比""}"	df57c45f194dfc6505b75cf412f7788e
2026-08-30T20:46:13.250+08:00[Asia/Shanghai]	111668674	search_economic_indicator	"{""question"":""美国GDP不变价当季同比""}"	aa422929ff1e9c18de9a7fd0fd79f2d1
2026-08-30T20:46:10.762+08:00[Asia/Shanghai]	111668674	search_economic_indicator	"{""question"":""美国实际GDP同比增速""}"	d8e93ab22f40f20bb32123cc6d686a0a
2026-08-30T20:46:09.178+08:00[Asia/Shanghai]	111668674	search_economic_indicator	"{""question"":""美国GDP同比增速""}"	1af09e9fbe4cebf5c314408bca56d199
2026-08-30T20:46:03.977+08:00[Asia/Shanghai]	116804574	search_economic_indicator	"{""question"":""美国2年期和10年期国债收益率日频指标""}"	a66c3b208c34285126947f55c6056d18
2026-08-30T20:45:53.840+08:00[Asia/Shanghai]	144011783	query_economic_indicator_data	"{""question"":""M1001657"",""beginDate"":""2023-08-20"",""endDate"":""2026-08-28""}"	5620ec0c4e4e352cc5baadada87d2fd8
2026-08-30T20:45:51.813+08:00[Asia/Shanghai]	144456724	query_economic_indicator_data	"{""question"":""M5207875"",""beginDate"":""2026-07-01"",""endDate"":""2026-08-30""}"	ea717d62901820588ea2feea5e9e615d
2026-08-30T20:45:48.169+08:00[Asia/Shanghai]	144329053	search_economic_indicator	"{""question"":""同业存单到期收益率 中证指数公司""}"	26327eb33bc63a1c594c4bbe5199edfd
2026-08-30T20:45:46.818+08:00[Asia/Shanghai]	111668674	query_economic_indicator_data	"{""question"":""M0000612"",""beginDate"":""2024-01-01"",""endDate"":""2024-03-31""}"	ec8709525d415977fc00fa60653f30f6
2026-08-30T20:45:45.162+08:00[Asia/Shanghai]	144456724	query_economic_indicator_data	"{""question"":""M5207874"",""beginDate"":""2026-07-01"",""endDate"":""2026-08-30""}"	188a69416bcd3101ba41bdab36d1f87c
2026-08-30T20:45:39.437+08:00[Asia/Shanghai]	144329053	search_economic_indicator	"{""question"":""中国货币网 同业存单收益率曲线""}"	e5dc9f1ba639f43aeb43a6825496f74d
2026-08-30T20:45:39.326+08:00[Asia/Shanghai]	144456724	query_economic_indicator_data	"{""question"":""M5207873"",""beginDate"":""2026-07-01"",""endDate"":""2026-08-30""}"	c895da0a05aa8bb6a557716037459642
2026-08-30T20:45:38.513+08:00[Asia/Shanghai]	141762327	query_economic_indicator_data	"{""question"":""PPI"",""observation"":""12""}"	61cffd1d3c3bf39326ccc7541193ca3c
2026-08-30T20:45:23.219+08:00[Asia/Shanghai]	114112362	query_economic_indicator_data	"{""question"":""美国CPI同比,美国核心PCE同比"",""beginDate"":""2025-06-01"",""endDate"":""2026-08-29""}"	37578a6ff9337917c95c93b0099414ae
2026-08-30T20:45:14.264+08:00[Asia/Shanghai]	144456724	query_economic_indicator_data	"{""question"":""M5207872"",""beginDate"":""2026-07-01"",""endDate"":""2026-08-30""}"	6476a32000d1d7a167a8cb516cc03ca0
2026-08-30T20:45:09.514+08:00[Asia/Shanghai]	144456724	query_economic_indicator_data	"{""question"":""M5207869"",""beginDate"":""2026-07-01"",""endDate"":""2026-08-30""}"	c3443c33b4dbddda62f86c9249edf6cd
2026-08-30T20:45:07.493+08:00[Asia/Shanghai]	144329053	query_economic_indicator_data	"{""question"":""M1001654,M1001645,M1001646,M1001647,M1001648,M1001649,M1001650,M1001651,M1001652,M1001653,M1001654,M1001655,M1001656,M1001657,M1001658,M1001659,M1001660"",""beginDate"":""2026-08-20"",""endDate"":""2026-08-28""}"	eacc2e0f360860ae50fc9c08ff8c7c03
2026-08-30T20:44:54.702+08:00[Asia/Shanghai]	144329053	query_economic_indicator_data	"{""question"":""M1004911,M1004912,M1004913,M1004914,M1004915,M1004916,M1004917,M1004918,M1004919,M1004920"",""beginDate"":""2026-08-20"",""endDate"":""2026-08-28""}"	7c244ccca8197a960ca59b3ad003dc27
2026-08-30T20:44:24.394+08:00[Asia/Shanghai]	144329053	query_economic_indicator_data	"{""question"":""M1004907,M1004909,M1004911,M1001654,M1015674"",""beginDate"":""2026-08-20"",""endDate"":""2026-08-28""}"	2055267c25897d043c443c7d9e273463
2026-08-30T20:44:22.309+08:00[Asia/Shanghai]	144456724	query_economic_indicator_data	"{""question"":""M5543221"",""beginDate"":""2026-07-01"",""endDate"":""2026-08-30""}"	cb0cdb04f47f01af1ea64ff198c401e5
2026-08-30T20:43:41.851+08:00[Asia/Shanghai]	143600842	query_economic_indicator_data	"{""question"":""现货价 黄金 伦敦市场 美元 最近10个交易日"",""observation"":""10""}"	0dff966e84e6b8dc5359ff75f1e11a59
2026-08-30T20:43:36.976+08:00[Asia/Shanghai]	143600842	query_economic_indicator_data	"{""question"":""美国国债收益率10年 2年 30年 最近10个交易日"",""observation"":""10""}"	8eb41222808e553184a01fb7a23f8322
2026-08-30T20:43:34.950+08:00[Asia/Shanghai]	110887099	query_economic_indicator_data	"{""question"":""M0000271,S0180945,S0029751,S0031525"",""beginDate"":""2021-08-28"",""endDate"":""2026-08-29""}"	27dc4915a0916f4ba5c1741c187ea9c2
2026-08-30T20:43:31.529+08:00[Asia/Shanghai]	137384540	query_economic_indicator_data	"{""question"":""M1001654"",""beginDate"":""2026-08-01"",""endDate"":""2026-08-30""}"	a563e4e56ed184fe1294a75e6769e3d8
2026-08-30T20:43:16.414+08:00[Asia/Shanghai]	144456724	query_economic_indicator_data	"{""question"":""M5543215,M5543221,M5543227,M5543233,M7053435"",""beginDate"":""2026-07-01"",""endDate"":""2026-08-30""}"	494e42c814abe9e424f946a57386b656
2026-08-30T20:43:01.048+08:00[Asia/Shanghai]	143600842	query_economic_indicator_data	"{""question"":""地缘政治风险指数"",""observation"":""10""}"	1339682b269a03571df0812999a4e7c8
2026-08-30T20:42:59.633+08:00[Asia/Shanghai]	144329053	query_economic_indicator_data	"{""question"":""M0017138,M0017139,M0017140,M0017141,M0017142,M0017143,M0017144,M0017145,M1010889"",""beginDate"":""2026-08-20"",""endDate"":""2026-08-28""}"	e1c089480ec00130ac7add2f4eac8831
2026-08-30T20:42:34.899+08:00[Asia/Shanghai]	143600842	query_economic_indicator_data	"{""question"":""地缘政治风险指数"",""observation"":""10""}"	7967b72384507999f2bb6f5b9f9f59ee
2026-08-30T20:42:33.609+08:00[Asia/Shanghai]	144329053	search_economic_indicator	"{""question"":""同业存单到期收益率 AAA 3个月""}"	9577320a523d9cae5c7aab118b1bfef8
2026-08-30T20:42:04.620+08:00[Asia/Shanghai]	144456724	query_economic_indicator_data	"{""question"":""M5207869,M5207872,M5207873,M5207874,M5207875,M5207876"",""beginDate"":""2026-07-01"",""endDate"":""2026-08-30""}"	9ca2527f58139ca6baf449e8e5fcdb72
2026-08-30T20:39:59.952+08:00[Asia/Shanghai]	144456724	query_economic_indicator_data	"{""question"":""M5543215,M5543221,M5543227,M5543233,M7053435"",""beginDate"":""2026-07-01"",""endDate"":""2026-08-30""}"	c86dda0927f2c109fadfd1856c7bc47b
2026-08-30T20:38:24.594+08:00[Asia/Shanghai]	144011783	search_economic_indicator	"{""question"":""中国10年期30年期5年期2年期国债期货波动率指数、历史波动率、隐含波动率、中金所国债期权、中债国债波动率相关指标""}"	c00f7471d2a2f3374edda68e4ca9a549
2026-08-30T20:38:19.143+08:00[Asia/Shanghai]	144193808	query_economic_indicator_data	"{""question"":""美国国债到期收益率:10年"",""beginDate"":""2026-08-10"",""endDate"":""2026-08-28""}"	8d9c533b10e7f86b1142518e02d305cd
2026-08-30T20:38:13.897+08:00[Asia/Shanghai]	144193808	query_economic_indicator_data	"{""question"":""美国国债收益率:10年,美元兑人民币:中间价"",""beginDate"":""2026-08-10"",""endDate"":""2026-08-28""}"	430fb89bd3397a98ebc76aa85d0bf45a
2026-08-30T20:37:58.162+08:00[Asia/Shanghai]	144193808	query_economic_indicator_data	"{""question"":""美元指数"",""beginDate"":""2026-08-10"",""endDate"":""2026-08-28""}"	2829140db6974deddf451f833ed77e4b
2026-08-30T20:36:38.909+08:00[Asia/Shanghai]	144193808	query_economic_indicator_data	"{""question"":""美元指数、美国10年期国债收益率、美元兑人民币中间价"",""beginDate"":""2026-08-01"",""endDate"":""2026-08-28""}"	9558c6c60de1ee9e9626a2272b3ea83b
2026-08-30T20:36:01.141+08:00[Asia/Shanghai]	144369109	query_economic_indicator_data	"{""question"":""D5907287,L8094099,K8053453"",""beginDate"":""2000-01-01"",""endDate"":""2026-08-30""}"	55eb8382dec77d964f43fbdd5859801b
2026-08-30T20:34:38.070+08:00[Asia/Shanghai]	143076852	query_economic_indicator_data	"{""question"":""中国社会融资规模当月值"",""beginDate"":""2026-07-01"",""endDate"":""2026-08-30""}"	6c8b6733cad92bdc64248dcaaaee09c3
2026-08-30T20:34:31.071+08:00[Asia/Shanghai]	143076852	query_economic_indicator_data	"{""question"":""中国社会融资规模当月值增量"",""beginDate"":""2026-06-01"",""endDate"":""2026-08-30""}"	ca12932e0b0c94882ad35e85ce2760cf
2026-08-30T20:34:11.247+08:00[Asia/Shanghai]	143076852	query_economic_indicator_data	"{""question"":""S0147986"",""beginDate"":""2026-08-01"",""endDate"":""2026-08-30""}"	aab156ad41060a74af974ad7deaaa155
2026-08-30T20:34:10.551+08:00[Asia/Shanghai]	143076852	query_economic_indicator_data	"{""question"":""S0143712"",""beginDate"":""2026-08-01"",""endDate"":""2026-08-30""}"	c1c9bb0156c2e3c0def4cf0a5a8d3388
2026-08-30T20:34:09.799+08:00[Asia/Shanghai]	143076852	query_economic_indicator_data	"{""question"":""M5206730"",""beginDate"":""2015-01-01"",""endDate"":""2026-08-30""}"	ff514638944faee7653120038c3facaa
2026-08-30T20:34:09.046+08:00[Asia/Shanghai]	143076852	query_economic_indicator_data	"{""question"":""M0017126"",""beginDate"":""2026-08-01"",""endDate"":""2026-08-30""}"	f6564db4cf2f38a817bc9edb315d1f69
2026-08-30T20:34:07.707+08:00[Asia/Shanghai]	143076852	query_economic_indicator_data	"{""question"":""M0001385"",""beginDate"":""2026-08-01"",""endDate"":""2026-08-30""}"	c2ca6066178ff3ede10ee59f77d93c23
2026-08-30T20:34:07.031+08:00[Asia/Shanghai]	143076852	query_economic_indicator_data	"{""question"":""M0001383"",""beginDate"":""2026-08-01"",""endDate"":""2026-08-30""}"	86b17bd752a06a343d9df398fa0ddd3f
2026-08-30T20:34:06.381+08:00[Asia/Shanghai]	143076852	query_economic_indicator_data	"{""question"":""M5525763"",""beginDate"":""2026-08-01"",""endDate"":""2026-08-30""}"	5fdd21d62ab34ccefdc950b123353ff6
2026-08-30T20:34:04.585+08:00[Asia/Shanghai]	143076852	query_economic_indicator_data	"{""question"":""M0001227"",""beginDate"":""2026-08-29"",""endDate"":""2026-08-30""}"	ecd87f45f3023a809e5e938338015a63
2026-08-30T20:34:04.454+08:00[Asia/Shanghai]	143076852	query_economic_indicator_data	"{""question"":""M0000271"",""beginDate"":""2026-08-29"",""endDate"":""2026-08-30""}"	641864a3d39a31aa4cc7db39b6900aa5
2026-08-30T20:34:03.740+08:00[Asia/Shanghai]	143076852	query_economic_indicator_data	"{""question"":""M1001791"",""beginDate"":""2026-08-29"",""endDate"":""2026-08-30""}"	5735de72fd5279571268eca25c9351a1
2026-08-30T20:34:02.144+08:00[Asia/Shanghai]	143076852	query_economic_indicator_data	"{""question"":""M0325688"",""beginDate"":""2026-08-29"",""endDate"":""2026-08-30""}"	2fc2f3972024a5db0d826ac8b1f3478d
2026-08-30T20:34:01.490+08:00[Asia/Shanghai]	143076852	query_economic_indicator_data	"{""question"":""G0003892"",""beginDate"":""2026-08-29"",""endDate"":""2026-08-30""}"	ac28071f7e0b8c06e9e9397cf51e2ebd
2026-08-30T20:33:59.356+08:00[Asia/Shanghai]	143076852	query_economic_indicator_data	"{""question"":""M0325687"",""beginDate"":""2026-08-29"",""endDate"":""2026-08-30""}"	57c6d137451de3dd1dd3f4ef19304789
2026-08-30T20:33:53.405+08:00[Asia/Shanghai]	112145123	query_economic_indicator_data	"{""observation"":3,""question"":""中国10年期国债到期收益率，最近3期""}"	5cdc0e4d6a6ca2a856146f2dde354ad7
2026-08-30T20:33:44.813+08:00[Asia/Shanghai]	143076852	query_economic_indicator_data	"{""question"":""M5528818"",""beginDate"":""2026-08-01"",""endDate"":""2026-08-30""}"	74a0165b1303c8d5632e930db900c46c
2026-08-30T20:33:40.566+08:00[Asia/Shanghai]	143076852	query_economic_indicator_data	"{""question"":""M0331299"",""beginDate"":""2026-08-21"",""endDate"":""2026-08-30""}"	292605967762b79ca25e67760f1585c7
2026-08-30T20:33:32.029+08:00[Asia/Shanghai]	143076852	query_economic_indicator_data	"{""question"":""M0096870"",""beginDate"":""2026-08-21"",""endDate"":""2026-08-30""}"	aaac1096dfca2b3301703ac52632e7b1
2026-08-30T20:33:21.787+08:00[Asia/Shanghai]	143076852	query_economic_indicator_data	"{""question"":""P2995878"",""beginDate"":""2026-08-29"",""endDate"":""2026-08-30""}"	3c628feb0c5e8096bce9fa020afd683e
2026-08-30T20:33:17.840+08:00[Asia/Shanghai]	144011783	search_economic_indicator	"{""question"":""NYMEX WTI原油活跃合约或连续合约日度收盘价、结算价""}"	2c9d126099b29bc51816121e7c7aa59c
2026-08-30T20:33:14.833+08:00[Asia/Shanghai]	144369109	search_economic_indicator	"{""question"":""中国服装及衣着附件出口金额月度指标""}"	efb5e7d280c7b20e6e38a6d5f7e0d76e
2026-08-30T20:33:04.784+08:00[Asia/Shanghai]	143076852	query_economic_indicator_data	"{""question"":""M0017153"",""beginDate"":""2026-08-29"",""endDate"":""2026-08-30""}"	ada0d2020271c001f9e1bf7da6153efe
2026-08-30T20:33:00.964+08:00[Asia/Shanghai]	144369109	search_economic_indicator	"{""question"":""中国纺织业和纺织服装服饰业产成品存货、营业收入、利润总额月度累计指标""}"	3c564980d0d122ecaaa52513d72d13a3
2026-08-30T20:32:53.365+08:00[Asia/Shanghai]	143076852	query_economic_indicator_data	"{""question"":""M1006336"",""beginDate"":""2026-08-29"",""endDate"":""2026-08-30""}"	511383e0b34df0f38e1ef96379337629
2026-08-30T20:32:16.462+08:00[Asia/Shanghai]	144369109	search_economic_indicator	"{""question"":""美国服装零售销售、服装零售库存、库存销售比、服装进口相关月度指标""}"	49e7e5ba1eaf4d91c079045aeb58c083
2026-08-30T20:31:48.883+08:00[Asia/Shanghai]	143076852	search_economic_indicator	"{""question"":""美国高收益债利差""}"	1cc86f4379142c12f7c5663007b1e19d
2026-08-30T20:31:43.451+08:00[Asia/Shanghai]	144369109	search_economic_indicator	"{""question"":""日本纺织服装行业生产、出货、库存、零售销售、家庭服装支出、纺织服装进出口相关月度或季度指标""}"	b031a745814bbf43143959ce6ba94d43
2026-08-30T20:31:39.586+08:00[Asia/Shanghai]	143076852	search_economic_indicator	"{""question"":""恒生指数收盘""}"	d952b44b07f5fa1cf306924ac3162f61
2026-08-30T20:31:36.871+08:00[Asia/Shanghai]	143076852	search_economic_indicator	"{""question"":""社会融资规模增量当月值""}"	f8b0d90598b6fce7323493ec496060bc
2026-08-30T20:30:58.848+08:00[Asia/Shanghai]	141623724	query_economic_indicator_data	"{""question"":""LME铜3个月期货收盘价"",""beginDate"":""2025-12-31"",""endDate"":""2026-08-28""}"	7db3abfeebd36dcdd647726df9b4260b
2026-08-30T20:30:50.733+08:00[Asia/Shanghai]	141623724	query_economic_indicator_data	"{""question"":""美国国债收益率10年"",""beginDate"":""2025-12-31"",""endDate"":""2026-08-28""}"	d44f9dffdbd02ce769eff33aa887df45
2026-08-30T20:30:27.952+08:00[Asia/Shanghai]	141623724	query_economic_indicator_data	"{""question"":""美元兑人民币中间价"",""beginDate"":""2025-12-31"",""endDate"":""2026-08-28""}"	02a9816d7ee5fd3fc666e7072ca8cc34
2026-08-30T20:30:25.592+08:00[Asia/Shanghai]	141623724	query_economic_indicator_data	"{""question"":""美元指数"",""beginDate"":""2025-12-31"",""endDate"":""2026-08-28""}"	85b9b61899378838ca9c68dd2cfc405d
2026-08-30T20:30:23.495+08:00[Asia/Shanghai]	144011783	query_economic_indicator_data	"{""question"":""Y3173669,S0266772"",""beginDate"":""2026-08-03"",""endDate"":""2026-08-29""}"	ac2ddeb12e1c0ada49a7bc0bb72e212b
2026-08-30T20:30:17.048+08:00[Asia/Shanghai]	141623724	query_economic_indicator_data	"{""question"":""LME铜3个月期货收盘价"",""beginDate"":""2025-12-31"",""endDate"":""2026-08-28""}"	0d8f6205dbecb7b24f970cbdb2c63c1c
2026-08-30T20:30:12.082+08:00[Asia/Shanghai]	141623724	query_economic_indicator_data	"{""question"":""美国国债收益率10年"",""beginDate"":""2025-12-31"",""endDate"":""2026-08-28""}"	e05b620ade3ca86d869a08284cfe49c9
2026-08-30T20:29:47.835+08:00[Asia/Shanghai]	144011783	search_economic_indicator	"{""question"":""美国EIA公路柴油零售价、NYMEX取暖油价格、柴油或取暖油裂解价差、CBOE VIX期货9月10月11月合约、荷兰TTF天然气期货或现货、欧洲天然气库存""}"	077e0a3ef12cce8340e3efc550f5cc1f
2026-08-30T20:29:41.508+08:00[Asia/Shanghai]	144011783	query_economic_indicator_data	"{""question"":""G0145002,M1001787,M1001791,G0000893,G1235664,G1235668,S5111926,G0003892,S0031525"",""beginDate"":""2026-08-10"",""endDate"":""2026-08-29""}"	db56b903451dad6e524bcd32118b0057
2026-08-30T20:29:31.326+08:00[Asia/Shanghai]	141623724	query_economic_indicator_data	"{""question"":""LME铜3个月期货收盘价"",""beginDate"":""2025-12-31"",""endDate"":""2026-08-28""}"	05e685fda08a3ccd026c2db66acb5a29
2026-08-30T20:29:29.176+08:00[Asia/Shanghai]	141623724	query_economic_indicator_data	"{""question"":""美元指数"",""beginDate"":""2025-12-31"",""endDate"":""2026-08-28""}"	d0218382fb9bc4b01676faba1644009b
2026-08-30T20:29:02.673+08:00[Asia/Shanghai]	141623724	query_economic_indicator_data	"{""question"":""美国国债收益率10年"",""beginDate"":""2025-12-31"",""endDate"":""2026-08-28""}"	cefcc47b66fee889e4aba38a76251ff3
2026-08-30T20:28:53.355+08:00[Asia/Shanghai]	143076852	query_economic_indicator_data	"{""question"":""S0143712"",""beginDate"":""2026-08-01"",""endDate"":""2026-08-30""}"	7656eb4c66baa8f89212ba16947a07e9
2026-08-30T20:28:49.724+08:00[Asia/Shanghai]	143076852	query_economic_indicator_data	"{""question"":""M0017126"",""beginDate"":""2026-08-01"",""endDate"":""2026-08-30""}"	9c5f36fe87853f7b73c6de3a73a43550
2026-08-30T20:28:48.339+08:00[Asia/Shanghai]	144011783	search_economic_indicator	"{""question"":""美元兑日元即期汇率、美国2年10年30年国债收益率、日本10年30年国债收益率、布伦特原油、美国零售柴油价格、美国柴油裂解价差、欧洲TTF天然气价格、VIX波动率相关指标""}"	9156c8e6cdb7759c863be0c91c05c013
2026-08-30T20:28:35.838+08:00[Asia/Shanghai]	143076852	query_economic_indicator_data	"{""question"":""M0001385"",""beginDate"":""2026-08-01"",""endDate"":""2026-08-30""}"	1fe59c02e7c2d8e3740d120513834e0c
2026-08-30T20:28:32.324+08:00[Asia/Shanghai]	143076852	query_economic_indicator_data	"{""question"":""M0001383"",""beginDate"":""2026-08-01"",""endDate"":""2026-08-30""}"	694e202f4d366809eae89873b96a88f8
2026-08-30T20:28:31.502+08:00[Asia/Shanghai]	141623724	query_economic_indicator_data	"{""question"":""中债国债到期收益率10年"",""beginDate"":""2025-12-31"",""endDate"":""2026-08-28""}"	03f1d0f6a48192b4e5ff592fa57655b3
2026-08-30T20:28:23.001+08:00[Asia/Shanghai]	143076852	query_economic_indicator_data	"{""question"":""M0325688"",""beginDate"":""2018-01-01"",""endDate"":""2026-08-30""}"	b1c87ad77d54cc439c4c3e603ff71b47
2026-08-30T20:28:13.671+08:00[Asia/Shanghai]	141623724	query_economic_indicator_data	"{""question"":""中债国债到期收益率10年"",""beginDate"":""2025-12-31"",""endDate"":""2026-08-28""}"	d7a3851af71b0e83a7410486680d7b5f
2026-08-30T20:28:13.656+08:00[Asia/Shanghai]	143076852	query_economic_indicator_data	"{""question"":""M0000271"",""beginDate"":""2026-08-29"",""endDate"":""2026-08-30""}"	75d398ee653857d261c7cee9d5413f7a
2026-08-30T20:28:08.706+08:00[Asia/Shanghai]	143076852	query_economic_indicator_data	"{""question"":""M1001791"",""beginDate"":""2026-08-29"",""endDate"":""2026-08-30""}"	dc12f33d37afdcf9fd105a5321c8db83
2026-08-30T20:27:57.558+08:00[Asia/Shanghai]	143076852	query_economic_indicator_data	"{""question"":""M1001654"",""beginDate"":""2026-08-29"",""endDate"":""2026-08-30""}"	173446aee0adca3f784bb3e6b209077f
2026-08-30T20:27:44.590+08:00[Asia/Shanghai]	143076852	query_economic_indicator_data	"{""question"":""M5543280"",""beginDate"":""2026-08-29"",""endDate"":""2026-08-30""}"	8aa5a761d11db761b8ca141f58a508fd
2026-08-30T20:27:32.595+08:00[Asia/Shanghai]	143076852	query_economic_indicator_data	"{""question"":""M5528818"",""beginDate"":""2026-08-01"",""endDate"":""2026-08-30""}"	ff18386bdd0a036a87f2bcb62f725275
2026-08-30T20:27:22.944+08:00[Asia/Shanghai]	143076852	query_economic_indicator_data	"{""question"":""M0096870"",""beginDate"":""2026-08-21"",""endDate"":""2026-08-30""}"	391c3cfbd8daddfa0500edd44f32c222
2026-08-30T20:27:19.174+08:00[Asia/Shanghai]	143076852	query_economic_indicator_data	"{""question"":""A4087688"",""beginDate"":""2026-08-29"",""endDate"":""2026-08-30""}"	d70837fdcfca8d078c21fd9db131fa33
2026-08-30T20:27:15.028+08:00[Asia/Shanghai]	143076852	query_economic_indicator_data	"{""question"":""P2995878"",""beginDate"":""2026-08-29"",""endDate"":""2026-08-30""}"	0905f0a681919d81094eef0acf156c89
2026-08-30T20:27:10.202+08:00[Asia/Shanghai]	143076852	query_economic_indicator_data	"{""question"":""M0017138"",""beginDate"":""2026-08-29"",""endDate"":""2026-08-30""}"	d015bd5581cd953bb6f3a0ba9a9b7df9
2026-08-30T20:27:05.122+08:00[Asia/Shanghai]	143076852	query_economic_indicator_data	"{""question"":""M0017153"",""beginDate"":""2026-08-29"",""endDate"":""2026-08-30""}"	681ef33a5a78ce2fd70a27e00b86da05
2026-08-30T20:26:59.989+08:00[Asia/Shanghai]	143076852	query_economic_indicator_data	"{""question"":""M1006336"",""beginDate"":""2026-08-29"",""endDate"":""2026-08-30""}"	32b0857471a885f68d4c73942730f9c8
2026-08-30T20:24:50.407+08:00[Asia/Shanghai]	143076852	search_economic_indicator	"{""question"":""中证国债收益率5年""}"	f150242c693e6103c4954943f67aea1a
2026-08-30T20:24:44.282+08:00[Asia/Shanghai]	143076852	search_economic_indicator	"{""question"":""银行间市场国债收益率曲线2年""}"	c15b6182d65c1cd6199330ace250e403
2026-08-30T20:24:10.305+08:00[Asia/Shanghai]	111127658	query_economic_indicator_data	"{""question"":""M0054764,M0054765"",""beginDate"":""19900101"",""endDate"":""20260830""}"	35ed0d5cec6b5a28972d0e64e11f2fa8
2026-08-30T20:24:07.508+08:00[Asia/Shanghai]	112145123	query_economic_indicator_data	"{""endDate"":""2026-08-30"",""observation"":10,""question"":""中国固定资产投资完成额:煤炭开采和洗选业:累计同比，最近10期""}"	32c389f01f409c91aaf309b60a11773b
2026-08-30T20:24:00.532+08:00[Asia/Shanghai]	143076852	query_economic_indicator_data	"{""question"":""中国国债收益率5年"",""beginDate"":""2026-08-24"",""endDate"":""2026-08-28""}"	e483b64f442427436fe5edd91ec68ea6
2026-08-30T20:23:58.719+08:00[Asia/Shanghai]	143076852	query_economic_indicator_data	"{""question"":""中国国债收益率2年"",""beginDate"":""2026-08-24"",""endDate"":""2026-08-28""}"	4d54b57eb2bdd111faff62045b09e316
2026-08-30T20:23:14.447+08:00[Asia/Shanghai]	143076852	query_economic_indicator_data	"{""question"":""S0059744"",""beginDate"":""2026-08-24"",""endDate"":""2026-08-28""}"	0f22f8af7992b9eeb78ee1c91254c964
2026-08-30T20:22:40.042+08:00[Asia/Shanghai]	143076852	query_economic_indicator_data	"{""question"":""M0001227"",""beginDate"":""2015-01-01"",""endDate"":""2026-08-30""}"	d37138b5f42f23038bcd1435ff574332
2026-08-30T20:22:35.807+08:00[Asia/Shanghai]	143076852	query_economic_indicator_data	"{""question"":""M0001385"",""beginDate"":""2015-01-01"",""endDate"":""2026-08-30""}"	924a2b2e0e9f44543720651aba042f8e
2026-08-30T20:22:07.165+08:00[Asia/Shanghai]	143076852	query_economic_indicator_data	"{""question"":""M1001654"",""beginDate"":""2026-08-29"",""endDate"":""2026-08-30""}"	c7585c47480e52964646140b04f6241a
2026-08-30T20:22:02.350+08:00[Asia/Shanghai]	143076852	query_economic_indicator_data	"{""question"":""S0059747"",""beginDate"":""2019-01-01"",""endDate"":""2026-08-30""}"	c954604eb4847f64ff703f80f76aa871
2026-08-30T20:21:48.785+08:00[Asia/Shanghai]	143076852	query_economic_indicator_data	"{""question"":""S0059745"",""beginDate"":""2019-01-01"",""endDate"":""2026-08-30""}"	b2b3a65deceaecc6cab612e0462ef549
2026-08-30T20:21:35.099+08:00[Asia/Shanghai]	143076852	query_economic_indicator_data	"{""question"":""M1006645"",""beginDate"":""2019-01-01"",""endDate"":""2026-08-30""}"	611e571105dfbaa1d62fa876df608e26
2026-08-30T20:21:29.227+08:00[Asia/Shanghai]	143076852	query_economic_indicator_data	"{""question"":""M5543280"",""beginDate"":""2014-09-01"",""endDate"":""2026-08-30""}"	e0d1a96f15f8f6d1e777d3b2fc12226c
2026-08-30T20:21:21.266+08:00[Asia/Shanghai]	143076852	query_economic_indicator_data	"{""question"":""M5528818"",""beginDate"":""2014-09-01"",""endDate"":""2026-08-30""}"	3e61d3cbfaf0e3971ecbc452af6bb925
2026-08-30T20:21:15.806+08:00[Asia/Shanghai]	143076852	query_economic_indicator_data	"{""question"":""M0331299"",""beginDate"":""2019-01-01"",""endDate"":""2026-08-30""}"	71e777235c662b36e059ae52927cc0d9
2026-08-30T20:21:04.731+08:00[Asia/Shanghai]	143076852	query_economic_indicator_data	"{""question"":""M0096870"",""beginDate"":""2026-08-21"",""endDate"":""2026-08-30""}"	d2da3f38a69e4ed45f503917d79732c6
2026-08-30T20:20:58.568+08:00[Asia/Shanghai]	143076852	query_economic_indicator_data	"{""question"":""A4087688"",""beginDate"":""2026-08-29"",""endDate"":""2026-08-30""}"	d67ba3793b13db7df84f1f59700b7178
2026-08-30T20:20:54.446+08:00[Asia/Shanghai]	143076852	query_economic_indicator_data	"{""question"":""P2995878"",""beginDate"":""2026-08-29"",""endDate"":""2026-08-30""}"	a45e2b5ba0b8161ec00a4e86210e6b05
2026-08-30T20:20:48.860+08:00[Asia/Shanghai]	143076852	query_economic_indicator_data	"{""question"":""M0017138"",""beginDate"":""2019-01-01"",""endDate"":""2026-08-30""}"	05bc9f975b483b044efe4e59fe5a2c3d
2026-08-30T20:20:37.336+08:00[Asia/Shanghai]	143076852	query_economic_indicator_data	"{""question"":""M1006336"",""beginDate"":""2019-01-01"",""endDate"":""2026-08-30""}"	69efa130a834f30991d938d30b7fe5c0
2026-08-30T20:19:52.047+08:00[Asia/Shanghai]	143076852	search_economic_indicator	"{""question"":""中债国债到期收益率1年中国""}"	72848e0446664c2da38440e0c80284ad
2026-08-30T20:19:41.559+08:00[Asia/Shanghai]	136647624	query_economic_indicator_data	"{""question"":""伦敦现货黄金收盘价、WTI原油连续合约结算价、布伦特原油连续合约结算价"",""beginDate"":""2026-08-21"",""endDate"":""2026-08-28""}"	175dd841f6447ad4bea3d4d8f83262f4
2026-08-30T20:19:36.161+08:00[Asia/Shanghai]	136647624	query_economic_indicator_data	"{""question"":""美国国债收益率10年和30年每日值"",""beginDate"":""2026-08-21"",""endDate"":""2026-08-28""}"	9559e6c444487b323b9e5768a52e7370
2026-08-30T20:19:21.455+08:00[Asia/Shanghai]	136647624	query_economic_indicator_data	"{""question"":""中国一般公共预算收入当月同比和一般公共预算支出当月同比"",""beginDate"":""2026-06-01"",""endDate"":""2026-08-28""}"	f5002c79a8b64503aa48ac22202c7c1d
2026-08-30T20:19:05.717+08:00[Asia/Shanghai]	136647624	search_economic_indicator	"{""question"":""美国PCE物价指数当月同比、核心PCE物价指数当月同比""}"	a2beaf31375102a742a7a15e3871c3d8
2026-08-30T20:19:02.683+08:00[Asia/Shanghai]	144258228	query_economic_indicator_data	"{""question"":""2026年7月中国社会融资规模存量同比、M2同比、M1同比"",""beginDate"":""2026-05-01"",""endDate"":""2026-08-01""}"	83cc684ac12f80e7eac4c72b98ed336b
2026-08-30T20:18:58.209+08:00[Asia/Shanghai]	143076852	search_economic_indicator	"{""question"":""制造业PMI""}"	81cda1608098842815571bda40d8fc24
2026-08-30T20:18:51.710+08:00[Asia/Shanghai]	136647624	query_economic_indicator_data	"{""question"":""美国PCE物价指数当月同比和核心PCE物价指数当月同比"",""beginDate"":""2026-07-01"",""endDate"":""2026-08-28""}"	dc29d8afc7439010138116218f79b732
2026-08-30T20:18:41.273+08:00[Asia/Shanghai]	143076852	search_economic_indicator	"{""question"":""M1货币供应量同比""}"	9082898bdba8b7d4fced9bc4c0ec54fd
2026-08-30T20:18:32.217+08:00[Asia/Shanghai]	143076852	search_economic_indicator	"{""question"":""社会融资规模存量同比""}"	499b26589786a7bd8bfc004b792b620b
2026-08-30T20:18:30.844+08:00[Asia/Shanghai]	144258228	search_economic_indicator	"{""question"":""2026年7月社会融资规模存量同比增速""}"	c0a733993e3e4dd70b38a75f09b02b18
2026-08-30T20:18:25.425+08:00[Asia/Shanghai]	144120940	query_economic_indicator_data	"{""question"":""M0075992"",""beginDate"":""2026-08-20"",""endDate"":""2026-08-28""}"	864a13542c1f576b6fc924063c6e8de3
2026-08-30T20:18:22.013+08:00[Asia/Shanghai]	143076852	search_economic_indicator	"{""question"":""美国国债到期收益率10年""}"	5fe35406928db32c14ff1d63bef2a825
2026-08-30T20:18:20.931+08:00[Asia/Shanghai]	143076852	search_economic_indicator	"{""question"":""北京二手住宅价格指数""}"	4e92ee6732dbd15c2a8de1fa258a7174
2026-08-30T20:18:09.282+08:00[Asia/Shanghai]	143076852	search_economic_indicator	"{""question"":""LPR贷款市场报价利率5年""}"	a0d0594f390ba373600dba4c332ebbf5
2026-08-30T20:18:00.623+08:00[Asia/Shanghai]	143076852	search_economic_indicator	"{""question"":""同业存单发行利率""}"	46a0f80fcf546ca48451706f71841941
2026-08-30T20:17:55.665+08:00[Asia/Shanghai]	143076852	search_economic_indicator	"{""question"":""国债到期收益率2年""}"	fddaa4f2e38eb42e3e124ce760a2a9ee
2026-08-30T20:17:53.416+08:00[Asia/Shanghai]	143076852	search_economic_indicator	"{""question"":""国债到期收益率1年""}"	6bd71822ae45afbb59485cefb319f1c2
2026-08-30T20:17:52.361+08:00[Asia/Shanghai]	143076852	search_economic_indicator	"{""question"":""Shibor隔夜拆放利率""}"	6a5abd0873c105f532bc0295cc3cf615
2026-08-30T20:17:51.063+08:00[Asia/Shanghai]	143076852	search_economic_indicator	"{""question"":""FR007银行间质押式回购定盘利率""}"	aeaa8db6e9780fdd370d1061b4242eb5
2026-08-30T20:17:48.552+08:00[Asia/Shanghai]	143076852	search_economic_indicator	"{""question"":""DR001存款类机构质押式回购加权利率""}"	9dd56e93843354ec99d82dff4528cec0
2026-08-30T20:17:45.347+08:00[Asia/Shanghai]	115832490	query_economic_indicator_data	"{""question"":""M6093040"",""beginDate"":""2019-08-01"",""endDate"":""2026-08-31""}"	1d5421deb27e1e7a57392511ad1ff788
2026-08-30T20:17:13.865+08:00[Asia/Shanghai]	114065515	query_economic_indicator_data	"{""question"":""S0031648"",""beginDate"":""2018-01-01"",""endDate"":""2026-08-30""}"	8ebb167be724adb9df461706eca730e5
2026-08-30T20:17:09.668+08:00[Asia/Shanghai]	114065515	query_economic_indicator_data	"{""question"":""S0031645"",""beginDate"":""2018-01-01"",""endDate"":""2026-08-30""}"	9968f4c64d3009d8187110f277bc896c
2026-08-30T20:17:04.836+08:00[Asia/Shanghai]	144456253	query_economic_indicator_data	"{""question"":""美国国债收益率30年"",""beginDate"":""2026-08-14"",""endDate"":""2026-08-21""}"	869770e4303963f876834d7ea459fbc6
2026-08-30T20:16:49.834+08:00[Asia/Shanghai]	115832490	search_economic_indicator	"{""question"":""证券交易所股票成交金额当月值""}"	cde3a38c02202bb6b31370db4bf2302e
2026-08-30T20:16:42.395+08:00[Asia/Shanghai]	144456253	query_economic_indicator_data	"{""question"":""美国国债收益率10年"",""beginDate"":""2026-08-14"",""endDate"":""2026-08-21""}"	a9c6092851a598df839f8d5b69539954
2026-08-30T20:16:19.307+08:00[Asia/Shanghai]	114065515	query_economic_indicator_data	"{""question"":""S0031645"",""beginDate"":""2018-01-01"",""endDate"":""2026-08-30""}"	e680ec36f0aecce2dc3e6f749b9439e7
2026-08-30T20:16:08.027+08:00[Asia/Shanghai]	144397613	search_economic_indicator	"{""question"":""同业存单总偿还量或预计到期量 月度 含未来月份""}"	baa6d9db019704c7787e479555e42953
2026-08-30T20:15:50.170+08:00[Asia/Shanghai]	144456253	query_economic_indicator_data	"{""question"":""银行间存款类机构质押式回购加权利率7天DR007"",""beginDate"":""2026-08-14"",""endDate"":""2026-08-21""}"	fd50e191b38ba963cb689218fd003023
2026-08-30T20:15:39.698+08:00[Asia/Shanghai]	144456253	query_economic_indicator_data	"{""question"":""中国国债到期收益率1年期"",""beginDate"":""2026-08-14"",""endDate"":""2026-08-21""}"	d408b8824f0091a39cbc2f4480cd0f71
2026-08-30T20:15:38.241+08:00[Asia/Shanghai]	144456253	query_economic_indicator_data	"{""question"":""中国国债收益率10年"",""beginDate"":""2026-08-14"",""endDate"":""2026-08-21""}"	5649dec91767e6cbadc7b57631dce2e6
2026-08-30T20:15:26.920+08:00[Asia/Shanghai]	144397613	query_economic_indicator_data	"{""question"":""中国:一般公共预算支出:当月值(1-2月合并)"",""beginDate"":""2019-01-01"",""endDate"":""2026-08-29""}"	96c93237042ea74755020a513094f918
2026-08-30T20:15:25.366+08:00[Asia/Shanghai]	144397613	query_economic_indicator_data	"{""question"":""中国:成交量:银行间质押式回购"",""beginDate"":""2019-01-01"",""endDate"":""2026-08-29""}"	b9bc50d8e76c09be23e942ebd0c91da1
2026-08-30T20:15:21.322+08:00[Asia/Shanghai]	101107720	query_economic_indicator_data	"{""question"":""M0330255"",""beginDate"":""2005-01-01"",""endDate"":""2015-12-31""}"	8f5b3b3003c4b165e1058b97eb7a7d36
2026-08-30T20:15:15.414+08:00[Asia/Shanghai]	144397613	query_economic_indicator_data	"{""question"":""中国:买断式逆回购数量:3个月"",""beginDate"":""2024-01-01"",""endDate"":""2026-12-31""}"	29a2d54b51dd6d10cb557c26dd4d667e
2026-08-30T20:15:06.033+08:00[Asia/Shanghai]	144397613	query_economic_indicator_data	"{""question"":""中国:债券到期量:同业存单:当月累计值"",""beginDate"":""2024-01-01"",""endDate"":""2026-12-31""}"	0f9dcdd409f139fe755b00384d5280da
2026-08-30T20:14:24.520+08:00[Asia/Shanghai]	144397613	search_economic_indicator	"{""question"":""全国一般公共预算支出当月值""}"	4c357406093e8420db4fa8cb371911fe
2026-08-30T20:14:16.889+08:00[Asia/Shanghai]	144397613	search_economic_indicator	"{""question"":""央行买断式逆回购操作与到期""}"	be6e83bc6a30348055e2c2df85415598
2026-08-30T20:14:14.593+08:00[Asia/Shanghai]	144397613	search_economic_indicator	"{""question"":""MLF中期借贷便利月度到期量""}"	da35da92c06885ca25d4c2dbce271c54
2026-08-30T20:14:11.640+08:00[Asia/Shanghai]	144397613	search_economic_indicator	"{""question"":""银行间质押式回购日成交量""}"	2d07a0ec8456d602dc53ac9ce4ddb1f8
2026-08-30T20:14:09.378+08:00[Asia/Shanghai]	144098013	query_economic_indicator_data	"{""question"":""M5525763"",""observation"":""3""}"	6fff18c10a53efbdf31afda50705418f
2026-08-30T20:14:04.664+08:00[Asia/Shanghai]	144098013	search_economic_indicator	"{""question"":""中国CPI当月同比""}"	4adb94e362ef3104692e8a4b94ccfe7f
2026-08-30T20:13:51.925+08:00[Asia/Shanghai]	114065515	query_economic_indicator_data	"{""question"":""S0031536"",""beginDate"":""2018-01-01"",""endDate"":""2026-08-30""}"	6e05ac52d5492bb95a0abd4cee5cb20f
2026-08-30T20:13:48.707+08:00[Asia/Shanghai]	144098013	search_economic_indicator	"{""question"":""中国制造业PMI""}"	ac574e86f9c95f3ccb2b2d58dd7fa5e2
2026-08-30T20:13:47.681+08:00[Asia/Shanghai]	114065515	search_economic_indicator	"{""question"":""金银比""}"	7615e4947ff14b3780eea32363f88f74
2026-08-30T20:13:36.321+08:00[Asia/Shanghai]	144098013	query_economic_indicator_data	"{""question"":""中国官方制造业PMI"",""observation"":""4""}"	e42a8b767a11e13613c580c1fdc1b0d4
2026-08-30T20:13:02.824+08:00[Asia/Shanghai]	114065515	query_economic_indicator_data	"{""question"":""S0031536"",""beginDate"":""2018-01-01"",""endDate"":""2026-08-30""}"	4a96fb68836ebd7772f0d91a9a78a47e
2026-08-30T20:12:45.407+08:00[Asia/Shanghai]	144258228	query_economic_indicator_data	"{""question"":""铜精矿 加工费 TC 进口 2026年8月"",""beginDate"":""2026-08-01"",""endDate"":""2026-08-28""}"	6993fb2358abccf5a6303f996ed77fe8
2026-08-30T20:11:46.250+08:00[Asia/Shanghai]	144258228	query_economic_indicator_data	"{""question"":""美国 联邦基金目标利率 2026年7月 联邦基金利率 上限"",""beginDate"":""2026-07-01"",""endDate"":""2026-07-31""}"	4f92d05910435a522899f90bfdb6eb3b
2026-08-30T20:11:29.413+08:00[Asia/Shanghai]	144258228	query_economic_indicator_data	"{""question"":""中国 生猪 平均价格 2026年2季度 3季度 元每公斤"",""beginDate"":""2026-04-01"",""endDate"":""2026-07-31""}"	53bdbb4390b38d26606ea98ea95f12c5
2026-08-30T20:11:23.311+08:00[Asia/Shanghai]	143971469	search_economic_indicator	"{""question"":""630101 中债""}"	e3ea1e499ddab164b81ca8ea0cf80a55
2026-08-30T20:11:14.554+08:00[Asia/Shanghai]	143971469	query_economic_indicator_data	"{""question"":""630101"",""beginDate"":""2024-01-02"",""endDate"":""2024-01-10""}"	370ac31d12b8c4c5ed96b4f9fb2bfb8b
2026-08-30T20:11:11.237+08:00[Asia/Shanghai]	144258228	query_economic_indicator_data	"{""question"":""中国人民银行 黄金储备 2026年6月 7月 万盎司"",""beginDate"":""2026-06-01"",""endDate"":""2026-07-31""}"	2d47fa3c3a7b2ef52b1c2fd7fd60a75b
2026-08-30T20:10:49.485+08:00[Asia/Shanghai]	144258228	query_economic_indicator_data	"{""question"":""中国 秦皇岛 现货交易价 动力煤 Q5500 2026年1月至7月"",""beginDate"":""2026-01-01"",""endDate"":""2026-07-31""}"	89adadcecff163817c1c1ddec8eedb1a
2026-08-30T20:10:31.735+08:00[Asia/Shanghai]	144258228	query_economic_indicator_data	"{""question"":""中国 秦皇岛 现货交易价 动力煤 Q5500 2026年8月"",""beginDate"":""2026-08-01"",""endDate"":""2026-08-28""}"	304ea669d99ac8271dd68ca193edea94
2026-08-30T20:10:25.382+08:00[Asia/Shanghai]	144258228	search_economic_indicator	"{""question"":""动力煤 秦皇岛 现货价格 5500 大卡 元每吨""}"	aafbd4f98beebf041b2438d9cf717c63
2026-08-30T20:09:56.898+08:00[Asia/Shanghai]	144258228	query_economic_indicator_data	"{""question"":""中证 10年期国债到期收益率 2026年8月 日频"",""beginDate"":""2026-08-01"",""endDate"":""2026-08-28""}"	2d345c0b90bd43b323a579f743f02c31
2026-08-30T20:09:35.169+08:00[Asia/Shanghai]	144258228	query_economic_indicator_data	"{""question"":""美国 CPI 同比 2026年6月 7月 美国失业率 2026年7月"",""beginDate"":""2026-06-01"",""endDate"":""2026-07-31""}"	36cf5fccdf1919ae5ece5ce76f940f4b
2026-08-30T20:09:23.233+08:00[Asia/Shanghai]	144456253	query_economic_indicator_data	"{""question"":""中国国债收益率30年"",""beginDate"":""2026-08-21"",""endDate"":""2026-08-28""}"	a0bfc598406e5b30eb2f4da1922588a5
2026-08-30T20:09:10.591+08:00[Asia/Shanghai]	144456253	query_economic_indicator_data	"{""question"":""美国国债收益率2年"",""beginDate"":""2026-08-21"",""endDate"":""2026-08-28""}"	fb197bca055fb55932b522a567127fe9
2026-08-30T20:09:04.825+08:00[Asia/Shanghai]	144258228	query_economic_indicator_data	"{""question"":""中国 全社会用电量 当月值 亿千瓦时 2026年7月 工业用电量 城乡居民生活用电量 同比"",""beginDate"":""2026-06-01"",""endDate"":""2026-07-31""}"	4b17aad73c54a70ce0d919b5734e7003
2026-08-30T20:08:58.376+08:00[Asia/Shanghai]	144456253	query_economic_indicator_data	"{""question"":""伦敦金现货价格"",""beginDate"":""2026-08-21"",""endDate"":""2026-08-28""}"	1b6444411109560096be72c47576e517
2026-08-30T20:08:56.625+08:00[Asia/Shanghai]	144258228	query_economic_indicator_data	"{""question"":""中国 全社会用电量 当月同比 2026年4月至7月"",""beginDate"":""2026-04-01"",""endDate"":""2026-07-31""}"	e6f448debf87aea6fd08df411c6dfab4
2026-08-30T20:08:50.994+08:00[Asia/Shanghai]	144241087	search_economic_indicator	"{""question"":""中国规模以上工业企业利润总额累计同比 当月同比 2026年7月""}"	a13fd5cfcca6b0b0be4f362f56d18890
2026-08-30T20:08:49.585+08:00[Asia/Shanghai]	144241087	search_economic_indicator	"{""question"":""中国国债发行额 周度 地方政府债发行 周度""}"	18d22201dce3463631fd520b8969b2c4
2026-08-30T20:08:49.397+08:00[Asia/Shanghai]	144241087	search_economic_indicator	"{""question"":""中国社会融资规模增量 人民币贷款新增 M1 M2 2026年7月""}"	3709bbbbefa283f54be27e0eba487a7d
2026-08-30T20:08:49.264+08:00[Asia/Shanghai]	143076852	query_economic_indicator_data	"{""question"":""S0143712"",""beginDate"":""2015-01-01"",""endDate"":""2026-08-30""}"	4652ee17487ea983127e9538b320bd41
2026-08-30T20:08:41.422+08:00[Asia/Shanghai]	143076852	query_economic_indicator_data	"{""question"":""M0096870"",""beginDate"":""2019-01-01"",""endDate"":""2026-08-30""}"	88b2944ef38c7bcf1498c005913c9d99
2026-08-30T20:08:35.294+08:00[Asia/Shanghai]	143076852	query_economic_indicator_data	"{""question"":""A4087688"",""beginDate"":""2019-01-01"",""endDate"":""2026-08-30""}"	20adf0b9af8aa684f3e45be2eefb3116
2026-08-30T20:08:19.298+08:00[Asia/Shanghai]	143076852	query_economic_indicator_data	"{""question"":""P2995878"",""beginDate"":""2019-01-01"",""endDate"":""2026-08-30""}"	6b5c861509be60be68e1437969001f5a
2026-08-30T20:08:19.130+08:00[Asia/Shanghai]	110887099	query_economic_indicator_data	"{""question"":""M0000271,S0180945,S0029751,S0031525"",""beginDate"":""2021-08-30"",""endDate"":""2026-08-30""}"	4730fba12af73a1e056e7bf2ab6dfd94
2026-08-30T20:08:18.966+08:00[Asia/Shanghai]	144456253	query_economic_indicator_data	"{""question"":""央行公开市场操作货币净投放"",""beginDate"":""2026-08-21"",""endDate"":""2026-08-28""}"	5780f038bc0432e68b8824df92c31fdb
2026-08-30T20:08:18.420+08:00[Asia/Shanghai]	143076852	query_economic_indicator_data	"{""question"":""M1001654"",""beginDate"":""2019-01-01"",""endDate"":""2026-08-30""}"	832ac08ab4ceaf58533a86048018132e
2026-08-30T20:08:09.413+08:00[Asia/Shanghai]	143076852	query_economic_indicator_data	"{""question"":""M1006337"",""beginDate"":""2019-01-01"",""endDate"":""2026-08-30""}"	b3e79a6d3e0b3ca48c773035a74335d3
2026-08-30T20:08:07.696+08:00[Asia/Shanghai]	144456253	query_economic_indicator_data	"{""question"":""银行间存款类机构质押式回购加权利率7天DR007"",""beginDate"":""2026-08-21"",""endDate"":""2026-08-28""}"	f4d179a88cde1ada6bbc3b503b024b22
2026-08-30T20:08:04.224+08:00[Asia/Shanghai]	144258228	query_economic_indicator_data	"{""question"":""中国 PPI 当月同比 2026年4月至7月"",""beginDate"":""2026-04-01"",""endDate"":""2026-07-31""}"	55d1a45a6cedd524d60a718c1508e58b
2026-08-30T20:08:04.210+08:00[Asia/Shanghai]	144258228	query_economic_indicator_data	"{""question"":""中国 CPI 当月同比 2026年4月至7月"",""beginDate"":""2026-04-01"",""endDate"":""2026-07-31""}"	cf4326ab8ad90ce22e8511e4b81a8e5f
2026-08-30T20:08:04.138+08:00[Asia/Shanghai]	144456253	query_economic_indicator_data	"{""question"":""中国国债收益率10年"",""beginDate"":""2026-08-21"",""endDate"":""2026-08-28""}"	d98becef116ffc0e83db7c36e258d43a
2026-08-30T20:08:00.558+08:00[Asia/Shanghai]	144456253	query_economic_indicator_data	"{""question"":""中国国债到期收益率1年期和10年期"",""beginDate"":""2026-08-21"",""endDate"":""2026-08-28""}"	64d8f1376b0110a54e7a3b9868e8ad75
2026-08-30T20:07:39.102+08:00[Asia/Shanghai]	110887099	query_economic_indicator_data	"{""question"":""M0000271,S0180945,S0029751,S0031525"",""beginDate"":""2021-08-30"",""endDate"":""2026-08-30""}"	39a24ed18e0106d95e2f7bc0430667d9
2026-08-30T20:07:36.585+08:00[Asia/Shanghai]	144258228	search_economic_indicator	"{""question"":""中国 CPI 当月同比""}"	67d7d41e6f00c193d5bd324ce496e223
2026-08-30T20:07:35.137+08:00[Asia/Shanghai]	144168451	query_economic_indicator_data	"{""question"":""中国GDP不变价当季同比、CPI当月同比、制造业PMI、贷款市场报价利率LPR一年期"",""observation"":""6""}"	66095e9afa59afa5a64149c8809e0f06
2026-08-30T20:07:34.769+08:00[Asia/Shanghai]	112048050	query_economic_indicator_data	"{""question"":""G0005428"",""observation"":""10""}"	feefc259a9968d47b4adb2adbd9fffa0
2026-08-30T20:07:18.915+08:00[Asia/Shanghai]	144241087	query_economic_indicator_data	"{""question"":""C1925068,D1081308"",""beginDate"":""2026-08-01"",""endDate"":""2026-08-30""}"	74e6e025a3cf3d69b843405c77cd717b
2026-08-30T20:07:11.329+08:00[Asia/Shanghai]	144241087	query_economic_indicator_data	"{""question"":""S2707388,M1006337,M1001654,M0067855"",""beginDate"":""2026-08-01"",""endDate"":""2026-08-30""}"	1e8cd5377fdf1d51f96b89b6c7f2ea29
2026-08-30T20:06:01.214+08:00[Asia/Shanghai]	144456253	query_economic_indicator_data	"{""question"":""中国固定资产投资累计同比房地产开发投资"",""observation"":""3""}"	fded77d2e481fdda3c9ff2fae80c922e
2026-08-30T20:05:49.640+08:00[Asia/Shanghai]	144456253	query_economic_indicator_data	"{""question"":""中国社会消费品零售总额当月同比和规模以上工业增加值当月同比"",""observation"":""4""}"	730b03c6937f714972bc50f4b630eb1b
2026-08-30T20:05:31.582+08:00[Asia/Shanghai]	144241087	query_economic_indicator_data	"{""question"":""C1925068,D1081308"",""beginDate"":""2026-08-01"",""endDate"":""2026-08-30""}"	51b2d68dd9f27fb646dc52a8ba7da0ed
2026-08-30T20:05:14.792+08:00[Asia/Shanghai]	144168451	query_economic_indicator_data	"{""question"":""中国GDP同比、CPI同比、制造业PMI、LPR一年期"",""observation"":""6""}"	03dbe5652e4ce1b0ec8f3e4a2dea2606
2026-08-30T20:05:10.330+08:00[Asia/Shanghai]	144456253	query_economic_indicator_data	"{""question"":""贷款市场报价利率LPR 1年期和5年期"",""observation"":""6""}"	ddf3c327bffe2b4f64123b0f45c3c641
2026-08-30T20:05:09.181+08:00[Asia/Shanghai]	144241087	search_economic_indicator	"{""question"":""沿海八省电厂日均耗煤、高炉开工率、水泥发运率、30城商品房成交面积""}"	12a5d62737fb8d840339a0a3bd44c907
2026-08-30T20:04:56.604+08:00[Asia/Shanghai]	144241087	query_economic_indicator_data	"{""question"":""M0017126"",""beginDate"":""2026-08-01"",""endDate"":""2026-08-30""}"	edf324c6d1217625993c781b00bc84dd
2026-08-30T20:04:56.017+08:00[Asia/Shanghai]	144241087	query_economic_indicator_data	"{""question"":""M0000612,M0001227,M0001383,M0001385,M5525763"",""beginDate"":""2026-07-01"",""endDate"":""2026-08-30""}"	97ac7ae8e7100032489b784741651744
2026-08-30T20:04:55.817+08:00[Asia/Shanghai]	110887099	query_economic_indicator_data	"{""question"":""M0000271"",""observation"":""10""}"	fe547b2caf4885bfa50708d6b82f4e1e
2026-08-30T20:04:54.997+08:00[Asia/Shanghai]	144241087	query_economic_indicator_data	"{""question"":""M0000607,M0043657,M0043677,M0043693"",""beginDate"":""2026-07-01"",""endDate"":""2026-08-30""}"	66920f3b0421151795606e0c6f416809
2026-08-30T20:04:50.396+08:00[Asia/Shanghai]	144456253	query_economic_indicator_data	"{""question"":""银行间存款类机构质押式回购加权利率7天DR007"",""beginDate"":""2026-08-10"",""endDate"":""2026-08-21""}"	07ecfc50f752fd7d5f8966a39804f3d1
2026-08-30T20:04:22.054+08:00[Asia/Shanghai]	144130585	query_economic_indicator_data	"{""question"":""请提取Wind EDB指标S0009123（中国化学原料及化学制品制造业资产总计）2014年至2026年7月的月度数据，并保留指标元数据、日期和值。"",""beginDate"":""2014-01-01"",""endDate"":""2026-08-30""}"	2dea81db3030b65ea4cc6e5c9b5dfd68
2026-08-30T20:04:09.073+08:00[Asia/Shanghai]	137384540	query_economic_indicator_data	"{""question"":""M1001654"",""beginDate"":""2026-08-28"",""endDate"":""2026-08-28""}"	a2bbabed76af3ff77ded7c347720d3da
2026-08-30T20:04:05.072+08:00[Asia/Shanghai]	144456253	query_economic_indicator_data	"{""question"":""美国国债到期收益率2年期和10年期"",""beginDate"":""2026-08-10"",""endDate"":""2026-08-21""}"	1ca0813c3361dc420a1c212eb38269c5
2026-08-30T20:03:59.132+08:00[Asia/Shanghai]	144130585	query_economic_indicator_data	"{""question"":""请提取Wind EDB指标M5767858（中国规模以上工业企业化学原料及化学制品制造业营业收入累计值）2025年1月至2026年7月的月度数据，并保留指标元数据、日期和值。"",""beginDate"":""2025-01-01"",""endDate"":""2026-08-30""}"	df34e6290f837fb5ab9576dab2d00cf3
2026-08-30T20:03:55.034+08:00[Asia/Shanghai]	144456253	query_economic_indicator_data	"{""question"":""伦敦金现货价格"",""beginDate"":""2026-08-10"",""endDate"":""2026-08-21""}"	511cd15f9374421c85c19792fcd81430
2026-08-30T20:03:43.728+08:00[Asia/Shanghai]	143076852	query_economic_indicator_data	"{""question"":""M1006337"",""beginDate"":""2019-01-01"",""endDate"":""2019-01-15""}"	e61f3ece1fe0f0e8155bbb74fff1a5fd
2026-08-30T20:03:36.117+08:00[Asia/Shanghai]	143076852	query_economic_indicator_data	"{""question"":""M1006337,M1001654,P2995878,A4087688"",""beginDate"":""2026-08-24"",""endDate"":""2026-08-28""}"	d103911f9fd0d2c72728d33e4afd4b80
2026-08-30T20:03:26.791+08:00[Asia/Shanghai]	144241087	query_economic_indicator_data	"{""question"":""S2707388,M1006337,M1001654,M0067855"",""beginDate"":""2026-08-01"",""endDate"":""2026-08-30""}"	5e23e5c5317f2f37083b07599e872620
2026-08-30T20:02:39.217+08:00[Asia/Shanghai]	144241087	query_economic_indicator_data	"{""question"":""S2707388"",""beginDate"":""2026-08-03"",""endDate"":""2026-08-30""}"	9a44e4a8fbf588719e75c3a8a28ac6f0
2026-08-30T20:02:15.485+08:00[Asia/Shanghai]	144130585	query_economic_indicator_data	"{""question"":""请提取Wind EDB指标M5767858（中国规模以上工业企业化学原料及化学制品制造业营业收入累计值）2025年1月至2026年7月的月度数据，并保留指标元数据、日期和值。"",""beginDate"":""2025-01-01"",""endDate"":""2026-08-30""}"	15707d808845870aa2a1f1a76d301719
2026-08-30T20:01:55.561+08:00[Asia/Shanghai]	115082303	search_economic_indicator	"{""question"":""美国高收益债信用利差 ICE BofA 信用利差""}"	5afe9ec223ae5a76ebaa24d430dadf22
2026-08-30T20:01:49.254+08:00[Asia/Shanghai]	143076852	search_economic_indicator	"{""question"":""北京商品住宅成交面积""}"	e6976f65a630c688714d17ca901cf438
2026-08-30T20:01:44.251+08:00[Asia/Shanghai]	143076852	search_economic_indicator	"{""question"":""中国10年期国债到期收益率""}"	72702265cce736dd230cd348eaff9c90
2026-08-30T20:01:35.547+08:00[Asia/Shanghai]	143076852	search_economic_indicator	"{""question"":""央行公开市场操作货币投放与回笼""}"	4a364c33a4663817b2a0d7b4def3950c
2026-08-30T20:01:33.456+08:00[Asia/Shanghai]	143488346	query_economic_indicator_data	"{""question"":""M5786898"",""observation"":""10""}"	dbc2618ea2b165d7858a1957cf45ddf1
2026-08-30T20:00:48.523+08:00[Asia/Shanghai]	143488346	query_economic_indicator_data	"{""question"":""M0325683"",""observation"":""10""}"	7efe152c7130ac628a2f47a3869eb950
2026-08-30T20:00:45.724+08:00[Asia/Shanghai]	143488346	query_economic_indicator_data	"{""question"":""M0010289"",""observation"":""10""}"	639adc4c290a9875322311bdb2022002
2026-08-30T20:00:40.479+08:00[Asia/Shanghai]	115082303	query_economic_indicator_data	"{""question"":""美国10年期国债收益率最新值及最近走势"",""beginDate"":""2026-08-10"",""endDate"":""2026-08-30""}"	f4ca63e446925992e0148e62fb518912
2026-08-30T20:00:39.411+08:00[Asia/Shanghai]	143488346	query_economic_indicator_data	"{""question"":""M0331299"",""observation"":""10""}"	785b87e4e3cecd636fec17e19a9e69e5
2026-08-30T20:00:26.776+08:00[Asia/Shanghai]	143488346	query_economic_indicator_data	"{""question"":""S0107771"",""observation"":""10""}"	62e1eba8b2ab1b1dd4ce41856d195ab7
2026-08-30T19:57:47.483+08:00[Asia/Shanghai]	101107720	query_economic_indicator_data	"{""question"":""M0330166"",""beginDate"":""2016-01-01"",""endDate"":""2026-08-30""}"	ba51a40aa6c9f56c9cb61d6baa3baacf
2026-08-30T19:57:33.395+08:00[Asia/Shanghai]	101107720	query_economic_indicator_data	"{""question"":""M0330161"",""beginDate"":""2016-01-01"",""endDate"":""2026-08-30""}"	3b48562906c0aed1fe017cbe0aed10c5
2026-08-30T19:56:48.395+08:00[Asia/Shanghai]	143971469	search_economic_indicator	"{""question"":""中债 国债 总 财富 指数 比值""}"	c1fb6579e29d6a3480c7efaef7799f38
2026-08-30T19:56:39.964+08:00[Asia/Shanghai]	144130585	query_economic_indicator_data	"{""question"":""S0009118"",""beginDate"":""2024-01-01"",""endDate"":""2026-08-30""}"	61f89759a14538872df18f38f18ed509
2026-08-30T19:56:33.872+08:00[Asia/Shanghai]	143971469	search_economic_indicator	"{""question"":""中债 国债 综合 财富 指数 比值 收盘价""}"	bd71e27b2a9f41445fc9acdf72ce10aa
2026-08-30T19:56:23.054+08:00[Asia/Shanghai]	144130585	query_economic_indicator_data	"{""question"":""S0009117,S0009118"",""beginDate"":""2024-01-01"",""endDate"":""2026-08-30""}"	ecf7113582e1cbd08768bb640f9920bb
2026-08-30T19:55:21.383+08:00[Asia/Shanghai]	141325652	query_economic_indicator_data	"{""question"":""M1004911"",""beginDate"":""2026-08-24"",""endDate"":""2026-08-28""}"	d456c0cc2a956da1e675d6759b63f746
2026-08-30T19:55:14.370+08:00[Asia/Shanghai]	141325652	search_economic_indicator	"{""question"":""国开行债收益率 5年""}"	0fed9578fe73d532007c635009a2d669
2026-08-30T19:55:13.905+08:00[Asia/Shanghai]	144190467	query_economic_indicator_data	"{""question"":""M0024829"",""beginDate"":""2021-01-01"",""endDate"":""2024-12-31""}"	16eedf47bacedc372492e469eb99a58d
2026-08-30T19:55:09.404+08:00[Asia/Shanghai]	141325652	query_economic_indicator_data	"{""question"":""M1011092"",""observation"":""3""}"	36707de8b5aabbe3fbfc4ab2bd4b4ef6
2026-08-30T19:54:32.953+08:00[Asia/Shanghai]	141325652	search_economic_indicator	"{""question"":""中债国债到期收益率5年""}"	3fd9676b4ebf3f8c530223c12fbec9c9
2026-08-30T19:54:31.692+08:00[Asia/Shanghai]	141325652	search_economic_indicator	"{""question"":""中债国开债到期收益率 5年""}"	79ec1ae7a2dc6ff1ebb59c9dc28f18da
2026-08-30T19:54:26.205+08:00[Asia/Shanghai]	141325652	search_economic_indicator	"{""question"":""国开债到期收益率""}"	3e38bc067faad2d28603a3dbb21901f8
2026-08-30T19:53:42.880+08:00[Asia/Shanghai]	141325652	query_economic_indicator_data	"{""question"":""M1004267"",""observation"":""5""}"	f16d0934ca7309ee1b841ac746df1b4f
2026-08-30T19:53:36.767+08:00[Asia/Shanghai]	141325652	search_economic_indicator	"{""question"":""中债国开债到期收益率曲线5年""}"	38e5cb2ca8edd21b496df99ae2cdc898
2026-08-30T19:48:31.096+08:00[Asia/Shanghai]	144419058	search_economic_indicator	"{""question"":""印度政策回购利率""}"	f21e21c08ec278748e7902ab42cfc874
2026-08-30T19:48:22.886+08:00[Asia/Shanghai]	144419058	search_economic_indicator	"{""question"":""中国中期借贷便利中标利率""}"	5f16f94f96a2026effe33c5ed50dc220
2026-08-30T19:47:52.714+08:00[Asia/Shanghai]	144419058	search_economic_indicator	"{""question"":""欧元区HICP同比""}"	1f811be1f5031e962616714f485de4d0
2026-08-30T19:47:51.734+08:00[Asia/Shanghai]	144419058	search_economic_indicator	"{""question"":""欧元区调和CPI同比""}"	2a2cab38e3842b557f8005072ff8b665
2026-08-30T19:47:32.823+08:00[Asia/Shanghai]	144419058	search_economic_indicator	"{""question"":""美国PPI当月同比""}"	9e75310ee881a7f0163a5223fcd91e90
2026-08-30T19:46:46.571+08:00[Asia/Shanghai]	144419058	search_economic_indicator	"{""question"":""美国生产者价格指数PPI同比""}"	c932da6b54777b46354c5b7807749fde
2026-08-30T19:46:05.380+08:00[Asia/Shanghai]	112145123	search_economic_indicator	"{""question"":""中国10年期国债到期收益率，人民币兑港元即期汇率，2026年8月最新可用指标""}"	585259e27616b54ca9f7f7012af9aeed
2026-08-30T19:42:31.444+08:00[Asia/Shanghai]	114112362	query_economic_indicator_data	"{""question"":""美元指数,COMEX黄金期货收盘价,LME铜现货结算价,布伦特原油期货结算价,中国国债收益率10年"",""beginDate"":""2026-08-17"",""endDate"":""2026-08-30""}"	589f88a59a56be82a212382d68fe6ef4
2026-08-30T19:42:16.580+08:00[Asia/Shanghai]	112145123	query_economic_indicator_data	"{""question"":""提取指标 S0059749 中债国债到期收益率:10年在2026-08-28的最新值。"",""beginDate"":""2026-08-28"",""endDate"":""2026-08-28""}"	0993f200e660973f4bb4993b7e6f3f4b
2026-08-30T19:42:04.205+08:00[Asia/Shanghai]	112145123	search_economic_indicator	"{""question"":""查找中国10年期国债到期收益率（中债/国债收益率曲线）和2026年8月最新可用值，用于人民币股票WACC参考。""}"	d328e90a5a05522374f7b23dcb2fdcbc
2026-08-30T19:41:17.393+08:00[Asia/Shanghai]	144435409	search_economic_indicator	"{""question"":""美国ZEW通胀指数""}"	8257d674c3b8e57a0bdc89e943a4d6fb
2026-08-30T19:41:08.036+08:00[Asia/Shanghai]	144435409	search_economic_indicator	"{""question"":""日本基础货币同比""}"	6536f49cf40e5f22c40018957a05387f
2026-08-30T19:38:57.479+08:00[Asia/Shanghai]	141325652	query_economic_indicator_data	"{""question"":""M1004911,M1005177"",""beginDate"":""2026-07-30"",""endDate"":""2026-08-30""}"	6deab7730036511c55064cfe4e400f0f
2026-08-30T19:38:42.383+08:00[Asia/Shanghai]	141325652	search_economic_indicator	"{""question"":""中债国开债到期收益率:5年""}"	4ea37c465d7232a55cdb0cbff172d1f5
2026-08-30T19:37:39.694+08:00[Asia/Shanghai]	115353491	query_economic_indicator_data	"{""question"":""S5005793"",""beginDate"":""2025-01-01"",""endDate"":""2026-08-28""}"	7bfa3487a493f4f0fd7134ba49ed544f
2026-08-30T19:36:15.130+08:00[Asia/Shanghai]	115353491	search_economic_indicator	"{""question"":""玉米 现货价 平均价""}"	fc04b4f5973fac6a69071ef456be9b48
2026-08-30T19:34:22.887+08:00[Asia/Shanghai]	143774036	query_economic_indicator_data	"{""question"":""中国:国债到期收益率:3年"",""observation"":""5""}"	d306cc21f6e51a48e1d0f05538b6425d
2026-08-30T19:34:20.676+08:00[Asia/Shanghai]	143774036	query_economic_indicator_data	"{""question"":""中国:存款类机构7天质押式回购加权利率（DR007）"",""observation"":""5""}"	cc29eb4774f81494e0ca042752c543d2
2026-08-30T19:34:02.092+08:00[Asia/Shanghai]	143774036	query_economic_indicator_data	"{""question"":""AAA同业存单到期收益率1Y"",""observation"":""5""}"	4c621be8f39b4763d9ad59a1a68d38aa
2026-08-30T19:33:22.455+08:00[Asia/Shanghai]	144130585	query_economic_indicator_data	"{""question"":""G1137316"",""beginDate"":""2025-01-01"",""endDate"":""2026-08-30""}"	f9be97247e77001cd68ffcfab7895586
2026-08-30T19:32:59.645+08:00[Asia/Shanghai]	144130585	search_economic_indicator	"{""question"":""美国化工产品库存/出货比 月度""}"	b506673df73277e720abcd8b3cc84e30
2026-08-30T19:31:27.395+08:00[Asia/Shanghai]	112048050	query_economic_indicator_data	"{""question"":""中国10年期国债到期收益率"",""beginDate"":""2021-08-30"",""endDate"":""2026-08-30""}"	6ad6e93472f8014f6bb512f923b052d6
2026-08-30T19:29:25.274+08:00[Asia/Shanghai]	112048050	query_economic_indicator_data	"{""question"":""中国10年期国债到期收益率"",""beginDate"":""2021-08-30"",""endDate"":""2026-08-30""}"	8dc799257d6e9f1345ce2586f58f5b3e
2026-08-30T19:29:19.976+08:00[Asia/Shanghai]	112145123	search_economic_indicator	"{""question"":""查找中国电煤价格指数 CECI 5500大卡综合价、NCEI 5500大卡、环渤海动力煤 BSPI、CCTD 秦皇岛动力煤 5500大卡综合价格指数的可用日/周/月度指标及来源。""}"	fc86d76a3550263a668fac9e79c1424b
2026-08-30T19:23:42.887+08:00[Asia/Shanghai]	114112362	query_economic_indicator_data	"{""question"":""美国核心PCE物价指数同比"",""observation"":""14""}"	25bcf8ba66e03e98a3704c5f3423c92b
2026-08-30T19:19:39.586+08:00[Asia/Shanghai]	144435409	search_economic_indicator	"{""question"":""美国M1货币供应 月度""}"	d75d28ab14526806f90d10672b6238cc
2026-08-30T19:17:18.774+08:00[Asia/Shanghai]	114112362	query_economic_indicator_data	"{""question"":""原油运输指数BDTI 成品油运输指数BCTI 秦皇岛港平仓价动力煤"",""beginDate"":""2026-08-18"",""endDate"":""2026-08-31""}"	4556e1694b30d8faf0bb4b8768e6e00a
2026-08-30T19:17:07.870+08:00[Asia/Shanghai]	144258228	query_economic_indicator_data	"{""question"":""中债国债到期收益率10年"",""beginDate"":""2026-08-26"",""endDate"":""2026-08-28""}"	2f50e42f9934f4683e3f822a53e9703b
2026-08-30T19:16:59.148+08:00[Asia/Shanghai]	144258228	search_economic_indicator	"{""question"":""国债到期收益率 10年期 30年期""}"	79b5ffec72c12339d754cabebe1b2ad7
2026-08-30T19:16:29.526+08:00[Asia/Shanghai]	128399164	query_economic_indicator_data	"{""question"":""M1001787,M1001791,G0000893,G0005428,G1147403,M0000271,G0003892,S0270980,S0031525,G1139855,G1139859"",""observation"":""10""}"	cc9a79cabe0fe0570f4c71fe28906ba5
2026-08-30T19:16:28.347+08:00[Asia/Shanghai]	144258228	query_economic_indicator_data	"{""question"":""中债国债到期收益率10年期和30年期"",""beginDate"":""2026-08-21"",""endDate"":""2026-08-28""}"	b6c1447af8e893c9ad37ca085791c952
2026-08-30T19:12:20.200+08:00[Asia/Shanghai]	111667015	search_economic_indicator	"{""question"":""大额存单""}"	992bd1eee23f6284ad50be9c7dbed89f
2026-08-30T19:12:07.913+08:00[Asia/Shanghai]	111667015	search_economic_indicator	"{""question"":""同业存单""}"	c7ebe841c406b13fa35116cde8431007
2026-08-30T19:11:28.112+08:00[Asia/Shanghai]	144435409	query_economic_indicator_data	"{""question"":""G1110639"",""beginDate"":""2000-01-01"",""endDate"":""2026-08-31""}"	4f0fea0821df580f21fa860d167160e0
2026-08-30T19:11:18.163+08:00[Asia/Shanghai]	111667015	search_economic_indicator	"{""question"":""同业存单发行量""}"	6f32963824e8a37fbb04d8e0388c24ab
2026-08-30T19:11:16.617+08:00[Asia/Shanghai]	111667015	search_economic_indicator	"{""keyword"":""存单发行""}"	a42d86c4cf26841526ccbe4389590e19
2026-08-30T19:11:16.378+08:00[Asia/Shanghai]	111667015	search_economic_indicator	"{""keyword"":""同业存单""}"	a7d24463c56f8b64bde8be7a8c9ee084
2026-08-30T19:11:13.218+08:00[Asia/Shanghai]	111667015	search_economic_indicator	"{""keyword"":""NCD""}"	8119e860ad6e64c10977b8fd018a40e0
2026-08-30T19:11:10.419+08:00[Asia/Shanghai]	144435409	search_economic_indicator	"{""question"":""美国初请失业金 周度""}"	1de5fa0ba3e08f244ace4428af0c62c3
2026-08-30T19:11:09.499+08:00[Asia/Shanghai]	141762327	query_economic_indicator_data	"{""question"":""PPI"",""observation"":""3""}"	347926cc2d297fdf943be557e9599b26
2026-08-30T19:11:06.610+08:00[Asia/Shanghai]	144435409	search_economic_indicator	"{""question"":""制造业PMI 周频""}"	438075cb3ae09d044564b92ad018a783
2026-08-30T19:10:40.080+08:00[Asia/Shanghai]	144435409	query_economic_indicator_data	"{""question"":""M0341913 日频"",""beginDate"":""2019-01-01"",""endDate"":""2026-08-31""}"	dfd53b775b4a9f606141188f9f012ad2
2026-08-30T19:10:38.827+08:00[Asia/Shanghai]	112145123	query_economic_indicator_data	"{""endDate"":""2026-08-28"",""observation"":3,""question"":""中国10年期国债到期收益率 2026年6月至8月""}"	41afab7ec62674cfd3fba75a2b4518fd
2026-08-30T19:09:55.769+08:00[Asia/Shanghai]	144435409	query_economic_indicator_data	"{""question"":""M0341913"",""beginDate"":""2019-01-01"",""endDate"":""2026-08-31""}"	d7a322fa902c692049afde7fa4e1339b
2026-08-30T19:09:50.284+08:00[Asia/Shanghai]	144435409	query_economic_indicator_data	"{""question"":""G0926423"",""beginDate"":""2000-01-01"",""endDate"":""2026-08-31""}"	c96130f37be529bb03817ae1c5488c15
2026-08-30T19:09:24.169+08:00[Asia/Shanghai]	144435409	search_economic_indicator	"{""question"":""欧元区短期利率ESTR""}"	dc1a8e4688e8aeab12e57f51a2aaa7a3
2026-08-30T19:09:19.958+08:00[Asia/Shanghai]	144435409	search_economic_indicator	"{""question"":""欧央行存款便利利率""}"	b23b920aac8d499f25a9bff2f4f91d8c
2026-08-30T19:09:16.992+08:00[Asia/Shanghai]	144435409	search_economic_indicator	"{""question"":""美国联邦基金有效利率""}"	54a441a09c76c5f6b57283a7831fecee
2026-08-30T19:08:08.886+08:00[Asia/Shanghai]	144456724	query_economic_indicator_data	"{""question"":""M5207869,M5207872,M5207873,M5207874,M5207875,M5207876"",""beginDate"":""2026-07-01"",""endDate"":""2026-08-30""}"	dd19b258e2559a66deb1443f270e704a
2026-08-30T19:08:03.170+08:00[Asia/Shanghai]	144456724	query_economic_indicator_data	"{""question"":""M5543215,M5543221,M5543227,M5543233,M7053435"",""beginDate"":""2026-07-01"",""endDate"":""2026-08-30""}"	61b2b6a019288a8f19a3c964018ce0a3
2026-08-30T19:07:27.287+08:00[Asia/Shanghai]	144456724	query_economic_indicator_data	"{""question"":""M5207869,M5207872,M5207873,M5207874,M5207875,M5207876"",""beginDate"":""2023-01-01"",""endDate"":""2023-12-31""}"	566e095c661ebf624f8924045906aec1
2026-08-30T19:07:19.649+08:00[Asia/Shanghai]	144456724	query_economic_indicator_data	"{""question"":""M5207869,M5207872,M5207873,M5207874,M5207875,M5207876"",""beginDate"":""2022-01-01"",""endDate"":""2022-12-31""}"	2ebe1bdc9f4ebaf9016afd51c120b68e
2026-08-30T19:07:14.856+08:00[Asia/Shanghai]	144456724	query_economic_indicator_data	"{""question"":""M5207869,M5207872,M5207873,M5207874,M5207875,M5207876"",""beginDate"":""2020-01-01"",""endDate"":""2020-12-31""}"	5b666a07d01bae7383e9e5b96b7e9019
2026-08-30T19:06:56.878+08:00[Asia/Shanghai]	144456724	query_economic_indicator_data	"{""question"":""M5207869,M5207872,M5207873,M5207874,M5207875,M5207876"",""beginDate"":""2018-01-01"",""endDate"":""2018-12-31""}"	a68c8cf813c56a4e6faadcc3836152bc
2026-08-30T19:06:46.225+08:00[Asia/Shanghai]	144456724	query_economic_indicator_data	"{""question"":""M5207869,M5207872,M5207873,M5207874,M5207875,M5207876"",""beginDate"":""2017-01-01"",""endDate"":""2017-12-31""}"	0aab036ea5f6a76073320efa48521bcb
2026-08-30T19:06:20.891+08:00[Asia/Shanghai]	144456724	query_economic_indicator_data	"{""question"":""M5207869,M5207872,M5207873,M5207874,M5207875,M5207876"",""beginDate"":""2016-01-01"",""endDate"":""2016-12-31""}"	ec0814ae75f5151913fb97ff6a1f476e
2026-08-30T19:05:40.379+08:00[Asia/Shanghai]	144190467	query_economic_indicator_data	"{""question"":""M1006337"",""beginDate"":""2026-08-27"",""endDate"":""2026-08-28""}"	26bea9721c04454608eda175ac0d9b0c
2026-08-30T19:04:57.663+08:00[Asia/Shanghai]	144433647	search_economic_indicator	"{""question"":""请为“中国市场三元正极材料生产”搜索直接相关的量价与经营指标候选。环节说明：中国境内，将三元前驱体与电池级氢氧化锂或碳酸锂按比例混合，经过高温烧结窑炉反应、粉碎分级及表面改性等工序制备三元正极材料的活动。核心对象：NCM三元正极材料、NCA三元正极材料。排除针对单一公司的指标。""}"	251d96465b312b783f0f841e62251289
2026-08-30T19:04:55.814+08:00[Asia/Shanghai]	144282012	query_economic_indicator_data	"{""beginDate"":""2026-07-24"",""question"":""S0026989,S0026991,S0029335,S0075435,S0029496,S0075454,S0029342,S0075436,S0026990,S0026992,S0075408,S0075462,S0075427,S0075481,S0075409,S0075463"",""endDate"":""2026-08-30""}"	338414db2e10d79bffa4ca6ed7b6e9fc
2026-08-30T19:03:39.827+08:00[Asia/Shanghai]	115374345	query_economic_indicator_data	"{""question"":""M0329701"",""beginDate"":""2026-08-10"",""endDate"":""2026-08-28""}"	cc835f74bdd38ac5db2b38a76e5fbdb1
2026-08-30T19:02:29.030+08:00[Asia/Shanghai]	144435409	query_economic_indicator_data	"{""question"":""G0008060"",""beginDate"":""2011-01-01"",""endDate"":""2026-08-31""}"	965f1c5d2e0bee19b08c153edb9690ab
2026-08-30T19:02:22.543+08:00[Asia/Shanghai]	115374345	search_economic_indicator	"{""question"":""中国波指""}"	ceecafc64ffddc87d573fb8f62be3013
2026-08-30T19:02:18.218+08:00[Asia/Shanghai]	112145123	query_economic_indicator_data	"{""beginDate"":""2025-06-01"",""endDate"":""2026-08-01"",""question"":""中国水电发电量当月值 2025年6月至2026年7月""}"	65cefae26833c152930e3b1a142596f8
2026-08-30T19:01:55.299+08:00[Asia/Shanghai]	115374345	search_economic_indicator	"{""question"":""利率互换""}"	50b4cd1374ebd42c5ce1f207bef1692c
2026-08-30T19:01:01.961+08:00[Asia/Shanghai]	115374345	search_economic_indicator	"{""question"":""美元兑人民币汇率 中间价 离岸CNH 远期掉期点""}"	664123141de4a84a6fa9b785132aa2a7
2026-08-30T19:00:44.371+08:00[Asia/Shanghai]	140323330	query_economic_indicator_data	"{""question"":""P7064322,T3946109"",""beginDate"":""2025-08-29"",""endDate"":""2026-08-30""}"	8156b0862fa5edad6545ef674f07d10b
2026-08-30T19:00:01.908+08:00[Asia/Shanghai]	144213024	query_economic_indicator_data	"{""question"":""S5111926,S0031645,S0029751,Z3869104,O2147044,S5811336"",""beginDate"":""2026-07-01"",""endDate"":""2026-08-30""}"	e277dd17c47253d1fec76ea0e0dbc3b5
2026-08-30T18:59:17.923+08:00[Asia/Shanghai]	144435409	search_economic_indicator	"{""question"":""德国服务业PMI""}"	5c6f16fec65142089e30256aaee3fa33
2026-08-30T18:59:11.172+08:00[Asia/Shanghai]	144435409	search_economic_indicator	"{""question"":""欧元区制造业PMI""}"	b9dbfcc51d0611776e165c41db2b4c7f
2026-08-30T18:59:04.432+08:00[Asia/Shanghai]	144435409	search_economic_indicator	"{""question"":""综合PMI""}"	ae45ef5ab04aadbd36bc252ad68d17fd
2026-08-30T18:58:44.921+08:00[Asia/Shanghai]	144213024	query_economic_indicator_data	"{""question"":""S5111926"",""beginDate"":""2026-08-21"",""endDate"":""2026-08-30""}"	12cee9233cb70cd42a34c6ff4a52c4e0
2026-08-30T18:58:08.541+08:00[Asia/Shanghai]	144435409	query_economic_indicator_data	"{""question"":""法国制造业PMI"",""beginDate"":""1998-01-01"",""endDate"":""2026-08-31""}"	7fd505737429ca0a7321588743a36bac
2026-08-30T18:57:55.951+08:00[Asia/Shanghai]	144435409	query_economic_indicator_data	"{""question"":""德国制造业PMI"",""beginDate"":""1996-01-01"",""endDate"":""2026-08-31""}"	bc0a8d6c8fc8bda54c66bd8786a8d110
2026-08-30T18:56:54.146+08:00[Asia/Shanghai]	144435409	search_economic_indicator	"{""question"":""法国采购经理人指数""}"	253fe400fc31b0de177efcabee5ea1ff
2026-08-30T18:56:26.333+08:00[Asia/Shanghai]	144435409	search_economic_indicator	"{""question"":""日本采购经理人指数""}"	0f149dfd0f78e150c38813a7fce644e6
2026-08-30T18:55:51.382+08:00[Asia/Shanghai]	144435409	search_economic_indicator	"{""question"":""法国HCOB制造业PMI""}"	9aa0a03e7d93fd3562aacfce9c6cb75c
2026-08-30T18:55:32.153+08:00[Asia/Shanghai]	144435409	search_economic_indicator	"{""question"":""日本au Jibun银行制造业PMI""}"	d1962eea2eecde9502debb3f08918d91
2026-08-30T18:55:21.126+08:00[Asia/Shanghai]	144435409	search_economic_indicator	"{""question"":""Markit制造业PMI""}"	cdc70cee8b93012dbfb0893aa192bcd3
2026-08-30T18:54:56.765+08:00[Asia/Shanghai]	144435409	query_economic_indicator_data	"{""question"":""欧元区经济景气指数季调"",""beginDate"":""2000-01-01"",""endDate"":""2026-08-31""}"	8241ca1eee21bdef10ce600972587a77
2026-08-30T18:54:16.878+08:00[Asia/Shanghai]	144435409	search_economic_indicator	"{""question"":""日本制造业PMI指数""}"	334f38776ae1d47e1fbcd515bafcd47f
2026-08-30T18:53:56.585+08:00[Asia/Shanghai]	144458479	query_economic_indicator_data	"{""question"":""M0041371"",""beginDate"":""2021-01-01"",""endDate"":""2026-06-24""}"	113f4ca03ef4343e6c92ea4aaa5f53dd
2026-08-30T18:53:52.433+08:00[Asia/Shanghai]	144435409	search_economic_indicator	"{""question"":""法国 制造业 PMI 采购经理人指数""}"	5c65f5a348ae72650e60d4a5827cdd89
2026-08-30T18:53:47.697+08:00[Asia/Shanghai]	144458479	search_economic_indicator	"{""question"":""中国人民银行公开市场7天期逆回购操作利率""}"	e522143abaf03744ead836ab5459acef
2026-08-30T18:53:31.547+08:00[Asia/Shanghai]	144435409	query_economic_indicator_data	"{""question"":""G0008060"",""beginDate"":""1995-01-01"",""endDate"":""2010-12-31""}"	413f40cef52ff327eb7ef646d8c39d68
2026-08-30T18:53:18.334+08:00[Asia/Shanghai]	144435409	query_economic_indicator_data	"{""question"":""Z0765012"",""beginDate"":""2000-01-01"",""endDate"":""2026-08-31""}"	436f5fb3f54050b01943942c25e6e30a
2026-08-30T18:53:09.160+08:00[Asia/Shanghai]	144435409	query_economic_indicator_data	"{""question"":""L7901809"",""beginDate"":""2000-01-01"",""endDate"":""2026-08-31""}"	53badadc0f3881d0ad05aefd07427afd
2026-08-30T18:52:40.004+08:00[Asia/Shanghai]	144435409	search_economic_indicator	"{""question"":""法国制造业PMI""}"	535745e5c2bb49d3eca4379a45a0fc5b
2026-08-30T18:52:30.012+08:00[Asia/Shanghai]	144435409	search_economic_indicator	"{""question"":""日本制造业PMI""}"	7d55614d4279f98c9ba83b1fa02f8c53
2026-08-30T18:52:29.525+08:00[Asia/Shanghai]	144433647	search_economic_indicator	"{""question"":""请为“中国市场”搜索直接相关的量价与经营指标候选。排除针对单一公司的指标。""}"	38b41ad6c2bb98c382e31ca77b7dfbb0
2026-08-30T18:52:24.198+08:00[Asia/Shanghai]	144435409	query_economic_indicator_data	"{""question"":""Z0765012"",""beginDate"":""2000-01-01"",""endDate"":""2026-08-31""}"	693c363f7fdd89f2a4ba8db3a6d368bf
2026-08-30T18:52:11.771+08:00[Asia/Shanghai]	144435409	query_economic_indicator_data	"{""question"":""L7901809"",""beginDate"":""2000-01-01"",""endDate"":""2026-08-31""}"	6f275334fd149880948529e635a8f091
2026-08-30T18:51:44.898+08:00[Asia/Shanghai]	141034356	query_economic_indicator_data	"{""question"":""S0029658,S0029659,S0029656,S0029669,S0029670,S2707411,S2707380"",""beginDate"":""2025-01-01"",""endDate"":""2026-08-30""}"	ff728505f7168cd85c0f6bf1226823b6
2026-08-30T18:51:37.797+08:00[Asia/Shanghai]	144435409	search_economic_indicator	"{""question"":""德国制造业PMI""}"	04534648ad77cd9e700115a0176b4db7
2026-08-30T18:51:18.160+08:00[Asia/Shanghai]	144435409	query_economic_indicator_data	"{""question"":""G0008060"",""beginDate"":""2000-01-01"",""endDate"":""2026-08-31""}"	dc464835cabb7d8786a9e512964c14a2
2026-08-30T18:50:57.453+08:00[Asia/Shanghai]	116044445	query_economic_indicator_data	"{""question"":""中国动力煤价格指数CCI"",""beginDate"":""2010-01-01"",""endDate"":""2026-08-30""}"	801768edbff7dbf532d1674c742e206c
2026-08-30T18:50:35.387+08:00[Asia/Shanghai]	116044445	query_economic_indicator_data	"{""question"":""中国动力煤价格指数CCI"",""beginDate"":""2010-01-01"",""endDate"":""2026-08-30""}"	6dc1d4db1271427cb3eabd88ad1ebe01
2026-08-30T18:50:19.254+08:00[Asia/Shanghai]	144435409	search_economic_indicator	"{""question"":""德国ZEW经济景气指数""}"	24d4aa716c7db53a4046976285702018
2026-08-30T18:50:09.773+08:00[Asia/Shanghai]	116044445	query_economic_indicator_data	"{""question"":""中国动力煤价格指数CCI"",""beginDate"":""2010-01-01"",""endDate"":""2026-08-30""}"	7b1eefba9a42940aac7efe90798971d6
2026-08-30T18:49:55.536+08:00[Asia/Shanghai]	116044445	query_economic_indicator_data	"{""question"":""英国布伦特原油期货价格"",""beginDate"":""2010-01-01"",""endDate"":""2026-08-30""}"	a06d06f80b7be96df248ebc1a2052eaa
2026-08-30T18:49:41.242+08:00[Asia/Shanghai]	116044445	query_economic_indicator_data	"{""question"":""英国布伦特原油期货价格"",""beginDate"":""2010-01-01"",""endDate"":""2026-08-30""}"	60c16174aadd2cd69d3080efb2c77b3e
2026-08-30T18:49:23.890+08:00[Asia/Shanghai]	116044445	query_economic_indicator_data	"{""question"":""英国布伦特原油期货价格"",""beginDate"":""2010-01-01"",""endDate"":""2026-08-30""}"	b7658bb5df96015d85066bd0972018ce
2026-08-30T18:49:03.810+08:00[Asia/Shanghai]	141034356	query_economic_indicator_data	"{""question"":""S0027374,S0027370,S0027378,S5707798,S5704501,L3818799"",""beginDate"":""2025-01-01"",""endDate"":""2026-08-30""}"	3f8136de233a3716abfc45cc6228dbcf
2026-08-30T18:47:58.981+08:00[Asia/Shanghai]	141034356	query_economic_indicator_data	"{""question"":""S0027374"",""beginDate"":""2025-01-01"",""endDate"":""2026-08-30""}"	44160912f789ebd5c3897f9f67d17cf2
2026-08-30T18:47:40.848+08:00[Asia/Shanghai]	144451074	query_economic_indicator_data	"{""question"":""G0000067"",""beginDate"":""2025-01-01"",""endDate"":""2026-08-31""}"	132e68d2a6e4c81b0414cd089083d4b7
2026-08-30T18:47:40.846+08:00[Asia/Shanghai]	144451074	query_economic_indicator_data	"{""question"":""G0000002"",""beginDate"":""2025-01-01"",""endDate"":""2026-08-31""}"	39912c7255af5b9ab986ab655acfc591
2026-08-30T18:47:40.824+08:00[Asia/Shanghai]	144451074	query_economic_indicator_data	"{""question"":""G1120852"",""beginDate"":""2025-01-01"",""endDate"":""2026-08-31""}"	dc562496285598e47f64f5ae32effbfe
2026-08-30T18:46:31.304+08:00[Asia/Shanghai]	141034356	query_economic_indicator_data	"{""question"":""S0026989,S0027001,S0026997,S5104572,S5132102,S5132320"",""beginDate"":""2025-01-01"",""endDate"":""2026-08-30""}"	e11545cedec1a19e611b1d5fe02aafe0
2026-08-30T18:46:09.929+08:00[Asia/Shanghai]	141034356	query_economic_indicator_data	"{""question"":""S0026989"",""beginDate"":""2025-01-01"",""endDate"":""2026-08-30""}"	405ac877dc17589aa519c1efdb9f82b8
2026-08-30T18:44:54.003+08:00[Asia/Shanghai]	141034356	query_economic_indicator_data	"{""question"":""S0026989,S0027001,S0026997,S5104572,S5132102,S5132320"",""beginDate"":""2025-01-01"",""endDate"":""2026-08-30""}"	ad30d39e2422220ccec6fb69ea362410
2026-08-30T18:44:34.064+08:00[Asia/Shanghai]	141034356	query_economic_indicator_data	"{""question"":""S0029658,S0029659,S0029656,S0029669,S0029670,S2707411,S2707380"",""beginDate"":""2025-01-01"",""endDate"":""2026-08-30""}"	fb21d3478dcbee4ab47877e7642f8179
2026-08-30T18:44:10.939+08:00[Asia/Shanghai]	144028604	query_economic_indicator_data	"{""question"":""M0001428"",""beginDate"":""2026-03-01"",""endDate"":""2026-07-31""}"	fe559b053beeef21e622dd0af04e5ed7
2026-08-30T18:43:56.788+08:00[Asia/Shanghai]	144028604	query_economic_indicator_data	"{""question"":""社会消费品零售总额当月同比"",""observation"":""3""}"	aa248484209b52dc5841a3457f8bdf9e
2026-08-30T18:43:43.164+08:00[Asia/Shanghai]	144000324	query_economic_indicator_data	"{""question"":""M0001383"",""beginDate"":""2021-01-01"",""endDate"":""2026-08-30""}"	4ce358102701e1cb4c51d1bc3c5dc494
2026-08-30T18:43:28.279+08:00[Asia/Shanghai]	116044445	query_economic_indicator_data	"{""question"":""A股融资融券余额"",""observation"":""500""}"	f9cd77ba8fc8cd929a5a38143fbda370
2026-08-30T18:43:21.865+08:00[Asia/Shanghai]	116044445	query_economic_indicator_data	"{""question"":""M1001656"",""beginDate"":""2015-01-01"",""endDate"":""2026-08-30""}"	98f9db3d3166f2169360d430a08b9a14
2026-08-30T18:43:10.958+08:00[Asia/Shanghai]	116044445	query_economic_indicator_data	"{""question"":""M1001651"",""beginDate"":""2015-01-01"",""endDate"":""2026-08-30""}"	54d9f7fd90a34ee95928d7fef301ea3f
2026-08-30T18:42:58.624+08:00[Asia/Shanghai]	144456724	query_economic_indicator_data	"{""question"":""M5207870,M5207871"",""observation"":""2""}"	545e0e150e4deb17accba3534cb187d9
2026-08-30T18:42:45.437+08:00[Asia/Shanghai]	116044445	query_economic_indicator_data	"{""question"":""中国动力煤价格指数CCI"",""beginDate"":""2010-01-01"",""endDate"":""2026-08-30""}"	0b27f9f089787d988912b26589275528
2026-08-30T18:42:40.862+08:00[Asia/Shanghai]	141034356	search_economic_indicator	"{""question"":""中国粗钢产量、生铁产量、钢材产量（国家统计局月度）；螺纹钢价格、铁矿石价格、钢材社会库存（月度或周度）""}"	9de93776ea3f3507b08846f008f9ee34
2026-08-30T18:42:32.243+08:00[Asia/Shanghai]	116044445	query_economic_indicator_data	"{""question"":""英国布伦特原油期货价格"",""beginDate"":""2010-01-01"",""endDate"":""2026-08-30""}"	5e7e0feb1e07c259bd1ff45485fa1390
2026-08-30T18:42:16.694+08:00[Asia/Shanghai]	116044445	query_economic_indicator_data	"{""question"":""美国纳斯达克指数市盈率"",""beginDate"":""2010-01-01"",""endDate"":""2026-08-30""}"	81154c5a60682a80aa73dc2abe96f5ab
2026-08-30T18:42:12.570+08:00[Asia/Shanghai]	116044445	query_economic_indicator_data	"{""question"":""G0003892"",""beginDate"":""2010-01-01"",""endDate"":""2026-08-30""}"	6e7ff8609cb3ae6207d6da0d43b96f22
2026-08-30T18:41:50.643+08:00[Asia/Shanghai]	116044445	query_economic_indicator_data	"{""question"":""中国动力煤价格指数CCI"",""beginDate"":""2010-01-01"",""endDate"":""2026-08-30""}"	2d37f2da8359d0a3558454bf4110007e
2026-08-30T18:41:45.249+08:00[Asia/Shanghai]	116044445	query_economic_indicator_data	"{""question"":""美元指数ICE"",""beginDate"":""2010-01-01"",""endDate"":""2026-08-30""}"	3233f494b47e192c395457485a6da9fa
2026-08-30T18:41:43.552+08:00[Asia/Shanghai]	116044445	query_economic_indicator_data	"{""question"":""美国10年期国债收益率"",""beginDate"":""2010-01-01"",""endDate"":""2026-08-30""}"	08af94674e3898282df8c98aaf547fa8
2026-08-30T18:41:38.887+08:00[Asia/Shanghai]	116044445	query_economic_indicator_data	"{""question"":""美国联邦基金目标利率"",""beginDate"":""2010-01-01"",""endDate"":""2026-08-30""}"	eb9d8fe665ab20031309a9daa7b07a6b
2026-08-30T18:41:33.207+08:00[Asia/Shanghai]	116044445	query_economic_indicator_data	"{""question"":""美国COMEX黄金期货价格"",""beginDate"":""2010-01-01"",""endDate"":""2026-08-30""}"	ab91ed8746583f75902cedbbafbe8a2c
2026-08-30T18:41:27.123+08:00[Asia/Shanghai]	116044445	query_economic_indicator_data	"{""question"":""英国布伦特原油期货价格"",""beginDate"":""2010-01-01"",""endDate"":""2026-08-30""}"	f82c19afd589aa52e87ff2937db94de4
2026-08-30T18:41:18.151+08:00[Asia/Shanghai]	116044445	query_economic_indicator_data	"{""question"":""中国社会消费品零售总额当月同比"",""beginDate"":""2010-01-01"",""endDate"":""2026-08-30""}"	fdf8895d124da8897274c6150c620053
2026-08-30T18:41:15.473+08:00[Asia/Shanghai]	116044445	query_economic_indicator_data	"{""question"":""中国固定资产投资基础设施建设累计同比"",""beginDate"":""2010-01-01"",""endDate"":""2026-08-30""}"	bd18226f353cedc6cfc4cf90b7fd1b5a
2026-08-30T18:41:13.792+08:00[Asia/Shanghai]	116044445	query_economic_indicator_data	"{""question"":""中国固定资产投资完成额累计同比"",""beginDate"":""2010-01-01"",""endDate"":""2026-08-30""}"	c4906ccc0d0da4804a9e393660c22346
2026-08-30T18:41:08.653+08:00[Asia/Shanghai]	116044445	query_economic_indicator_data	"{""question"":""中国M1货币供应量同比"",""beginDate"":""2010-01-01"",""endDate"":""2026-08-30""}"	c4d82b1191b737a35477afcc7ceea988
2026-08-30T18:41:08.050+08:00[Asia/Shanghai]	116044445	query_economic_indicator_data	"{""question"":""中国M2货币供应量同比"",""beginDate"":""2010-01-01"",""endDate"":""2026-08-30""}"	ccb1980b7011d0279855fbf57bd2bb6d
2026-08-30T18:40:51.571+08:00[Asia/Shanghai]	116044445	query_economic_indicator_data	"{""question"":""M0061518"",""beginDate"":""2010-01-01"",""endDate"":""2026-08-30""}"	293c0e0dcc58ee4402f78ddabbc56a77
2026-08-30T18:40:37.646+08:00[Asia/Shanghai]	144456724	search_economic_indicator	"{""question"":""隐含波动率溢价 VRP 波动率风险溢价""}"	57fdc9a2ec10d7bed3dc0db1d23e00af
2026-08-30T18:40:28.203+08:00[Asia/Shanghai]	141034356	search_economic_indicator	"{""question"":""中国房地产月度指标：商品房销售面积、商品房销售额、房地产开发投资、房屋新开工面积、竣工面积、70个大中城市新建商品住宅价格指数、30个大中城市商品房成交面积""}"	7769949a767ffb40d03384cc06974d57
2026-08-30T18:39:54.897+08:00[Asia/Shanghai]	144000324	search_economic_indicator	"{""question"":""中国大陆货币供应量M1、M2月度同比指标，以及可用于计算同比的M1、M2月度余额水平指标""}"	c5693f3450416ae564b0caa852667f2d
2026-08-30T18:38:06.521+08:00[Asia/Shanghai]	143522292	query_economic_indicator_data	"{""question"":""S0059744"",""beginDate"":""2026-08-28"",""endDate"":""2026-08-28""}"	0c5f0549f9c70ca1e5954ce0d4a0e0b0
2026-08-30T18:37:46.336+08:00[Asia/Shanghai]	144456724	search_economic_indicator	"{""question"":""中国 公募基金净值 指数基金""}"	8c93228dc20a93051939d059544ba070
2026-08-30T18:37:36.237+08:00[Asia/Shanghai]	144433647	search_economic_indicator	"{""question"":""请为“中国市场车规级功率半导体制造”搜索直接相关的量价与经营指标候选。环节说明：中国境内，进行硅基IGBT和碳化硅（SiC）功率器件的芯片设计、晶圆加工及功率模块封装测试的半导体制造活动。核心对象：车规级IGBT模块、车规级SiC功率模块。排除针对单一公司的指标。""}"	99d3c98c90e19b7fd9557ee26dd443b6
2026-08-30T18:37:33.367+08:00[Asia/Shanghai]	143522292	search_economic_indicator	"{""question"":""中债国债到期收益率1年""}"	4eb76da8f9f385ecc3bf3f5a0904d524
2026-08-30T18:37:30.616+08:00[Asia/Shanghai]	144456724	search_economic_indicator	"{""question"":""公募基金净值中的股票基金和债券基金 月度数据""}"	c5a6d080a9e8b6b77d287179e1837766
2026-08-30T18:37:26.135+08:00[Asia/Shanghai]	144433647	search_economic_indicator	"{""question"":""请为“中国市场驱动电机制造”搜索直接相关的量价与经营指标候选。环节说明：中国境内，利用定子、转子、稀土永磁体及结构件组装制造为新能源汽车提供机械驱动力的电动机的活动。核心对象：驱动电机总成。排除针对单一公司的指标。""}"	2fda102e1ae24ef683e72b3d2029ea93
2026-08-30T18:37:10.146+08:00[Asia/Shanghai]	144433647	search_economic_indicator	"{""question"":""请为“面向个人的新能源乘用车充电服务”搜索直接相关的量价与经营指标候选。环节说明：新能源乘用车充电服务通常由场站运营者来负责场站投资、管理、运维、充电服务、收费结算；可以自建场站，也可以租赁场地、托管别人的桩站。依托场站向个人新能源乘用车车主提供家用充电桩安装、供电维护及配套用电管理服务。核心对象：个人充电服务。排除针对单一公司的指标。""}"	68482a4c57959c8ece76216c17940e93
2026-08-30T18:37:01.891+08:00[Asia/Shanghai]	116044445	query_economic_indicator_data	"{""question"":""深交所:创业板:平均市净率"",""beginDate"":""2010-01-01"",""endDate"":""2026-08-30""}"	2b9ed92ebc513f46c734f6180416f9a6
2026-08-30T18:36:54.597+08:00[Asia/Shanghai]	116044445	query_economic_indicator_data	"{""question"":""创业板平均市净率"",""beginDate"":""2010-01-01"",""endDate"":""2026-08-30""}"	1f63f3d7491c07f0350027c325e8bb69
2026-08-30T18:36:52.488+08:00[Asia/Shanghai]	116044445	query_economic_indicator_data	"{""question"":""创业板指市净率"",""beginDate"":""2010-01-01"",""endDate"":""2026-08-30""}"	93afaabade884b57d886ee5f8d43977e
2026-08-30T18:36:49.943+08:00[Asia/Shanghai]	144456724	search_economic_indicator	"{""question"":""公募基金净值 指数基金 封闭式基金 开放式基金 基金份额""}"	2fe392e1b0b18d0c106a214f30f48eee
2026-08-30T18:35:17.140+08:00[Asia/Shanghai]	144456724	search_economic_indicator	"{""question"":""公募基金净值 指数基金 封闭式基金 开放式基金""}"	6cbe6ad5f25d5de98d6609e5292773da
2026-08-30T18:34:50.512+08:00[Asia/Shanghai]	144433647	search_economic_indicator	"{""question"":""请为“中国市场三元锂电池包Pack集成”搜索直接相关的量价与经营指标候选。环节说明：中国境内，将电池模组、电池管理系统（BMS）以及散热等辅助装置进一步封装在电池箱体内，形成可直接装载于整车或储能系统的电池包集成过程。核心对象：三元锂电池包。排除针对单一公司的指标。""}"	a1300aecf30ed817439132c826b99367
2026-08-30T18:34:49.957+08:00[Asia/Shanghai]	144433647	search_economic_indicator	"{""question"":""请为“中国市场石墨负极材料生产”搜索直接相关的量价与经营指标候选。环节说明：中国境内，以针状焦或天然石墨为主要原料，经过破碎、粉碎、石墨化加工及表面改性等工艺制造人造石墨或天然石墨负极材料的活动。核心对象：人造石墨负极材料、天然石墨负极材料、硅碳复合负极材料。排除针对单一公司的指标。""}"	a6a7a1b52dccae1ff835a14e981a6945
2026-08-30T18:34:35.260+08:00[Asia/Shanghai]	144433647	search_economic_indicator	"{""question"":""请为“中国市场三元电芯制造”搜索直接相关的量价与经营指标候选。环节说明：中国境内，将NCM或NCA正极材料与石墨负极材料、电解液、隔膜等原材料通过涂布、卷绕或叠片等生产工艺，制造出基础三元锂离子电池电芯的生产活动。主流制造方法：三元锂电电芯是由正极极片 + 负极极片 + 隔膜 + 电解液构成，其中：极片由活性物质 + 导电剂 + 粘结剂 + 集流体涂布制成。核心对象：三元电芯、NCM三元电芯、NCA三元电芯。排除针对单一公司的指标。""}"	d5ae358195f7457f40a1eca271bb3986
2026-08-30T18:34:22.765+08:00[Asia/Shanghai]	144433647	search_economic_indicator	"{""question"":""请为“中国市场三元正极材料生产”搜索直接相关的量价与经营指标候选。环节说明：中国境内，将三元前驱体与电池级氢氧化锂或碳酸锂按比例混合，经过高温烧结窑炉反应、粉碎分级及表面改性等工序制备三元正极材料的活动。核心对象：NCM三元正极材料、NCA三元正极材料。排除针对单一公司的指标。""}"	ff413ac2533c8e19f1fca669f1e7d21e
2026-08-30T18:34:07.637+08:00[Asia/Shanghai]	144456724	search_economic_indicator	"{""question"":""中国公募基金各类型基金资产净值 规模 月度 股票型 混合型 债券型 货币型 指数型 QDII""}"	ba4c5a7d5ed0e477ebc51cf1aaaf914a
2026-08-30T18:34:03.533+08:00[Asia/Shanghai]	144433647	search_economic_indicator	"{""question"":""请为“中国市场智能座舱系统集成”搜索直接相关的量价与经营指标候选。环节说明：中国境内，将域控制器、多屏显示系统、HUD、音响等软硬件子系统组装集成为完整的智能座舱总成，并向整车厂交付。核心对象：智能座舱系统总成。排除针对单一公司的指标。""}"	177f85a9b5362a1cd6c13c1ffbaa867d
2026-08-30T18:33:32.498+08:00[Asia/Shanghai]	144433647	search_economic_indicator	"{""question"":""请为“中国市场智能座舱系统集成”搜索直接相关的量价与经营指标候选。环节说明：中国境内，将域控制器、多屏显示系统、HUD、音响等软硬件子系统组装集成为完整的智能座舱总成，并向整车厂交付。核心对象：智能座舱系统总成。排除针对单一公司的指标。""}"	32e0a950b16d3d059ce861fdc520c00f
2026-08-30T18:33:20.828+08:00[Asia/Shanghai]	144433647	search_economic_indicator	"{""question"":""请为“中国市场车载多屏系统制造”搜索直接相关的量价与经营指标候选。环节说明：中国境内，生产包括全液晶仪表、中控屏、副驾娱乐屏及后排显示屏等在内的多屏交互硬件设备。核心对象：液晶仪表屏、中控显示屏、副驾娱乐屏。排除针对单一公司的指标。""}"	4af1763adae65cef80dec8482b01e355
2026-08-30T18:33:06.792+08:00[Asia/Shanghai]	144433647	search_economic_indicator	"{""question"":""请为“中国市场流媒体后视镜制造”搜索直接相关的量价与经营指标候选。环节说明：中国境内，基于高分辨率摄像头与显示屏的组合，制造用于提供更广阔后方视野的智能流媒体后视镜。核心对象：流媒体后视镜。排除针对单一公司的指标。""}"	33b5b77dbf81a5ac46f1e0c5b260b28d
2026-08-30T18:33:00.912+08:00[Asia/Shanghai]	144433647	search_economic_indicator	"{""question"":""请为“中国市场车载CMOS图像传感器制造”搜索直接相关的量价与经营指标候选。环节说明：中国境内，研发与制造应用于座舱内驾驶员监控（DMS）、乘客监控（OMS）及视觉人机交互的CMOS图像传感器芯片。核心对象：车载CMOS图像传感器芯片。排除针对单一公司的指标。""}"	e163ec6be29342a5f10ef569a1ebb738
2026-08-30T18:32:47.186+08:00[Asia/Shanghai]	143971469	query_economic_indicator_data	"{""question"":""M1010688"",""beginDate"":""2026-08-23"",""endDate"":""2026-08-30""}"	d1794be2d119316bbd14469885ecffde
2026-08-30T18:32:41.351+08:00[Asia/Shanghai]	144433647	search_economic_indicator	"{""question"":""请为“中国市场车载软件服务订阅”搜索直接相关的量价与经营指标候选。环节说明：中国境内，车企及第三方软件服务商基于智能座舱底层操作系统与中间件，为车队运营商等B端客户提供座舱应用软件付费、OTA升级与网联增值服务。核心对象：车载软件订阅服务。排除针对单一公司的指标。""}"	f62d0931bea32e8225d8d86c48fbfd50
2026-08-30T18:32:39.055+08:00[Asia/Shanghai]	144433647	search_economic_indicator	"{""question"":""请为“中国市场HUD抬头显示制造”搜索直接相关的量价与经营指标候选。环节说明：中国境内，研发与生产C-HUD、W-HUD及AR-HUD等抬头显示系统，将行车信息及实景导航投影至挡风玻璃上。核心对象：HUD抬头显示系统、AR-HUD。排除针对单一公司的指标。""}"	0ea30d98d58e05a1c974531b0ebf6873
2026-08-30T18:31:57.137+08:00[Asia/Shanghai]	144297969	query_economic_indicator_data	"{""question"":""S2707411,S2707425"",""beginDate"":""2019-01-01"",""endDate"":""2026-08-30""}"	9afa35adb2cd22bc76e8ba8c06c2958b
2026-08-30T18:31:50.933+08:00[Asia/Shanghai]	144433647	search_economic_indicator	"{""question"":""请为“中国市场车载显示面板制造”搜索直接相关的量价与经营指标候选。环节说明：中国境内，研发与切割制造用于车载液晶仪表、中控屏、副驾屏及后排屏等车载显示模组的LCD与OLED液晶显示面板。核心对象：车载LCD显示面板、车载OLED显示面板。排除针对单一公司的指标。""}"	d7d7d5e2ad079f3fd2fa154098c0e6ca
2026-08-30T18:31:37.820+08:00[Asia/Shanghai]	144433647	search_economic_indicator	"{""question"":""请为“中国市场HUD抬头显示制造”搜索直接相关的量价与经营指标候选。环节说明：中国境内，研发与生产C-HUD、W-HUD及AR-HUD等抬头显示系统，将行车信息及实景导航投影至挡风玻璃上。核心对象：HUD抬头显示系统、AR-HUD。排除针对单一公司的指标。""}"	3f20be452860553adf0cb6dcf996bbe9
2026-08-30T18:31:20.346+08:00[Asia/Shanghai]	101423457	query_economic_indicator_data	"{""question"":""万得全A每日成交额"",""beginDate"":""2026-08-22"",""endDate"":""2026-08-28""}"	70e8ef294d8cc72e2ab8780b38b7788d
2026-08-30T18:31:07.128+08:00[Asia/Shanghai]	141760648	query_economic_indicator_data	"{""question"":""中国M2同比"",""beginDate"":""2026-05-02"",""endDate"":""2026-08-30""}"	6fbf8049a965c846e063be34b09ca7f7
2026-08-30T18:31:04.094+08:00[Asia/Shanghai]	144451074	query_economic_indicator_data	"{""question"":""G0000893"",""beginDate"":""1997-03-01"",""endDate"":""1998-12-31""}"	08da458bb61fa19867a2cdcf6444507b
2026-08-30T18:31:04.047+08:00[Asia/Shanghai]	144451074	query_economic_indicator_data	"{""question"":""G0000067"",""beginDate"":""2014-01-01"",""endDate"":""2017-12-31""}"	e5dc671b140d4abdbafaceae0f67b56b
2026-08-30T18:31:02.459+08:00[Asia/Shanghai]	101423457	query_economic_indicator_data	"{""question"":""万得全A每日成交额"",""beginDate"":""2026-08-22"",""endDate"":""2026-08-28""}"	7ed2151c01117924641f48f255ba874b
2026-08-30T18:31:01.245+08:00[Asia/Shanghai]	144433647	search_economic_indicator	"{""question"":""请为“中国市场智能座舱域控制器制造”搜索直接相关的量价与经营指标候选。环节说明：中国境内，集成SoC芯片、存储和基础软件，生产用于集中管理和调度多屏交互、HUD、视觉等座舱功能的域控制器产品。核心对象：座舱域控制器。排除针对单一公司的指标。""}"	d5f9a4e78e3319c99459bc2ce82dd083
2026-08-30T18:31:01.147+08:00[Asia/Shanghai]	144433647	search_economic_indicator	"{""question"":""请为“中国市场车规级存储芯片制造”搜索直接相关的量价与经营指标候选。环节说明：中国境内，生产符合车规高可靠性要求的高速内存与大容量存储芯片（如LPDDR4/5、eUFS等），满足座舱高算力计算平台的数据缓存与系统存储需求。核心对象：LPDDR5芯片、eUFS存储芯片。排除针对单一公司的指标。""}"	701d1bc10396e0fdaee979512c9e07b4
2026-08-30T18:30:56.670+08:00[Asia/Shanghai]	116044445	query_economic_indicator_data	"{""question"":""沪深300自由流通市值股息率"",""beginDate"":""2010-01-01"",""endDate"":""2026-08-30""}"	14abb61d372d7ced2bb4ed28c5301331
2026-08-30T18:30:47.831+08:00[Asia/Shanghai]	141760648	query_economic_indicator_data	"{""question"":""中国制造业PMI生产经营活动预期"",""beginDate"":""2026-05-02"",""endDate"":""2026-08-30""}"	85ef2949703a066c3bae67e9c66594fb
2026-08-30T18:30:46.110+08:00[Asia/Shanghai]	101423457	query_economic_indicator_data	"{""question"":""万得全A每日成交额"",""beginDate"":""2026-08-22"",""endDate"":""2026-08-28""}"	c647d32a5fe07cd28d8195552c85df2b
2026-08-30T18:30:27.905+08:00[Asia/Shanghai]	101423457	query_economic_indicator_data	"{""question"":""万得全A每日成交额"",""beginDate"":""2026-08-22"",""endDate"":""2026-08-28""}"	1a13bc16dc49bf30187519527afdbf89
2026-08-30T18:30:26.182+08:00[Asia/Shanghai]	141760648	query_economic_indicator_data	"{""question"":""中国制造业PMI主要原材料购进价格"",""beginDate"":""2026-05-02"",""endDate"":""2026-08-30""}"	4b0eddec51ed0e45a382f9d3934854cd
2026-08-30T18:30:25.585+08:00[Asia/Shanghai]	116044445	query_economic_indicator_data	"{""question"":""中证全指股息率"",""beginDate"":""2010-01-01"",""endDate"":""2026-08-30""}"	8e54848f4c10c9ebb293b065a43ce61c
2026-08-30T18:30:24.767+08:00[Asia/Shanghai]	110898333	query_economic_indicator_data	"{""question"":""S5713307,H6924748,S5704509"",""beginDate"":""2026-07-11"",""endDate"":""2026-08-30""}"	b67da0f2208a6a6bef19f3469372084c
2026-08-30T18:30:18.850+08:00[Asia/Shanghai]	141760648	query_economic_indicator_data	"{""question"":""中国制造业PMI新出口订单"",""beginDate"":""2026-05-02"",""endDate"":""2026-08-30""}"	3eaa7ea63273a29aca09e681011d992d
2026-08-30T18:30:12.990+08:00[Asia/Shanghai]	141760648	query_economic_indicator_data	"{""question"":""中国制造业PMI大型企业"",""beginDate"":""2026-05-02"",""endDate"":""2026-08-30""}"	ee348a726a81c3d52df00f21826fefc6
2026-08-30T18:30:12.035+08:00[Asia/Shanghai]	141760648	query_economic_indicator_data	"{""question"":""中国制造业PMI小型企业"",""beginDate"":""2026-05-02"",""endDate"":""2026-08-30""}"	fe09b84f1cf19136277382f91e075376
2026-08-30T18:30:10.667+08:00[Asia/Shanghai]	116044445	query_economic_indicator_data	"{""question"":""沪深300指数分红收益率"",""beginDate"":""2010-01-01"",""endDate"":""2026-08-30""}"	4768a4f1e6e0dd27e90a2805d009e8b7
2026-08-30T18:30:09.447+08:00[Asia/Shanghai]	144451074	query_economic_indicator_data	"{""question"":""G1120852"",""beginDate"":""2014-01-01"",""endDate"":""2017-12-31""}"	c9fc31b13d511862483c1ca2aee89fb9
2026-08-30T18:30:09.271+08:00[Asia/Shanghai]	144451074	query_economic_indicator_data	"{""question"":""G1120852"",""beginDate"":""2017-01-01"",""endDate"":""2020-01-31""}"	ba1b46b2c7dbc6e623e7d62f1a4d3ce8
2026-08-30T18:30:09.101+08:00[Asia/Shanghai]	144451074	query_economic_indicator_data	"{""question"":""G0000002"",""beginDate"":""2014-01-01"",""endDate"":""2017-12-31""}"	970730a41b145b523b6f6c32a3a52e11
2026-08-30T18:30:08.561+08:00[Asia/Shanghai]	101423457	query_economic_indicator_data	"{""question"":""万得全A每日成交额"",""beginDate"":""2026-08-22"",""endDate"":""2026-08-28""}"	b495fe6ff2fea88bab1405ad5f9b4131
2026-08-30T18:30:05.933+08:00[Asia/Shanghai]	141760648	query_economic_indicator_data	"{""question"":""中国制造业PMI"",""beginDate"":""2026-05-02"",""endDate"":""2026-08-30""}"	e1249a4c687dfcc6b34e6841130a6a3c
2026-08-30T18:30:05.631+08:00[Asia/Shanghai]	144451074	query_economic_indicator_data	"{""question"":""G0000028"",""beginDate"":""2017-01-01"",""endDate"":""2020-01-31""}"	01db2a18c60ed1afb11c6aeb7dbcbe56
2026-08-30T18:29:30.742+08:00[Asia/Shanghai]	116044445	query_economic_indicator_data	"{""question"":""沪深300滚动股息率"",""beginDate"":""2010-01-01"",""endDate"":""2026-08-30""}"	c6aeb687349ac1c5ce9bfde499dcd3eb
2026-08-30T18:29:02.312+08:00[Asia/Shanghai]	116044445	query_economic_indicator_data	"{""question"":""M0340806"",""beginDate"":""2010-01-01"",""endDate"":""2026-08-30""}"	06b8d9e5e461eb10213bcf83461c2e00
2026-08-30T18:28:53.560+08:00[Asia/Shanghai]	116044445	query_economic_indicator_data	"{""question"":""S5716219"",""beginDate"":""2010-01-01"",""endDate"":""2026-08-30""}"	32ed73bfbd8ad8907defe4643d5ecd63
2026-08-30T18:28:49.882+08:00[Asia/Shanghai]	116044445	query_economic_indicator_data	"{""question"":""M0061518"",""beginDate"":""2010-01-01"",""endDate"":""2026-08-30""}"	164e946979b7b82afdb77f69c36dd9fb
2026-08-30T18:28:07.795+08:00[Asia/Shanghai]	144297969	query_economic_indicator_data	"{""question"":""S0029658,S0029659,S0029656,S0029669,S0029670,S0029672,S0029652,S0073300,S0049591,S0029657,S0073293,S0073297,S0029673"",""beginDate"":""2019-01-01"",""endDate"":""2026-08-30""}"	e6ccc035d668b7957ca256ca8cf0b61f
2026-08-30T18:27:50.327+08:00[Asia/Shanghai]	144451074	query_economic_indicator_data	"{""question"":""G0000067,G0000028,G1120852,G0000002"",""beginDate"":""2014-01-01"",""endDate"":""2020-12-31""}"	81cbf9fb851139553ad748267fe38bbb
2026-08-30T18:27:48.187+08:00[Asia/Shanghai]	144028604	search_economic_indicator	"{""question"":""银行卡""}"	d6af16e1d3c5f64460c702eb390d5238
2026-08-30T18:27:38.529+08:00[Asia/Shanghai]	144451074	query_economic_indicator_data	"{""question"":""G1100020"",""beginDate"":""2014-01-01"",""endDate"":""2020-12-31""}"	feb263f489284c0b8e0b5b1d87da17e7
2026-08-30T18:27:33.866+08:00[Asia/Shanghai]	144028604	search_economic_indicator	"{""question"":""中国社会消费品零售总额同比""}"	17595ce8222b316c9096cdc09255732e
2026-08-30T18:26:49.518+08:00[Asia/Shanghai]	144028604	search_economic_indicator	"{""question"":""信用卡 在用发卡量 应偿信贷""}"	0f9dd738ef0999892f6aa5639899513f
2026-08-30T18:26:43.800+08:00[Asia/Shanghai]	144451074	query_economic_indicator_data	"{""question"":""G1100020,G0000067,G0000028,G1120852,G0000002"",""beginDate"":""1986-01-01"",""endDate"":""1990-12-31""}"	eaf218fe0fc83671e5c2641b45ad692e
2026-08-30T18:26:40.009+08:00[Asia/Shanghai]	144451074	search_economic_indicator	"{""question"":""美国长期政府债券收益率月度1950年代1960年代历史指标""}"	7b46468089446a4dc5ae92ffdbb4ab4c
2026-08-30T18:25:32.909+08:00[Asia/Shanghai]	144451074	search_economic_indicator	"{""question"":""美国劳工部消费者价格指数CPI季调同比、核心CPI同比月度""}"	dcd25f8687951cc64aee51bf2d12b52e
2026-08-30T18:25:32.330+08:00[Asia/Shanghai]	144028604	search_economic_indicator	"{""question"":""中国信用卡应偿信贷总额""}"	50d98b5fa12bbc8d31f42ad5f58536e2
2026-08-30T18:25:12.849+08:00[Asia/Shanghai]	144451074	search_economic_indicator	"{""question"":""美国有效联邦基金利率、美国10年期国债收益率、美国30年期国债收益率、美国失业率、美国工业生产指数、美国CPI同比历史指标""}"	5bea4019b082368a9101ad38ccc0eca8
2026-08-30T18:24:12.019+08:00[Asia/Shanghai]	144028604	search_economic_indicator	"{""question"":""中国信用卡和借贷合一卡在用发卡量""}"	bc9c922b04ba6592b5051e0a1e31b80a
2026-08-30T18:23:07.409+08:00[Asia/Shanghai]	143909033	search_economic_indicator	"{""question"":""中国商品房现房销售面积、期房销售面积、现房销售额、期房销售额累计值和占比""}"	88bdf89dd5f33af78dc6c690bedfd04e
2026-08-30T18:22:39.769+08:00[Asia/Shanghai]	143909033	query_economic_indicator_data	"{""question"":""中国:房地产开发资金来源:国内贷款:累计同比,中国:房地产开发资金来源:自筹资金:累计同比"",""beginDate"":""2025-01-01"",""endDate"":""2026-08-30""}"	493b6c6a5cf03a36adfa33a1af533b4b
2026-08-30T18:22:03.634+08:00[Asia/Shanghai]	116044445	query_economic_indicator_data	"{""question"":""创业板指:市盈率"",""beginDate"":""2010-01-01"",""endDate"":""2026-08-30""}"	32d070d46fdd2e141f4b5ddd9a8229bb
2026-08-30T18:21:59.384+08:00[Asia/Shanghai]	144433647	search_economic_indicator	"{""question"":""请为“中国市场电子控制单元制造”搜索直接相关的量价与经营指标候选。环节说明：中国境内，生产包括车身控制、底盘控制等各类分布式汽车电子控制单元（ECU），实现特定车辆功能的电子化控制。核心对象：车身ECU、底盘ECU。排除针对单一公司的指标。""}"	0906e380e66f81ed9d091023a5685af4
2026-08-30T18:21:58.452+08:00[Asia/Shanghai]	144433647	search_economic_indicator	"{""question"":""请为“中国市场ADAS域控制器制造”搜索直接相关的量价与经营指标候选。环节说明：中国境内，研发和制造用于高级驾驶辅助系统和自动驾驶的域控制器，集成大算力芯片与环境感知传感器接口，负责实现自动巡航、自动泊车等功能运算。核心对象：ADAS域控制器。排除针对单一公司的指标。""}"	5bf3694590ff2954631d3d18219c1f88
2026-08-30T18:21:55.435+08:00[Asia/Shanghai]	116044445	query_economic_indicator_data	"{""question"":""创业板市盈率"",""beginDate"":""2010-01-01"",""endDate"":""2026-08-30""}"	4ee6d1d2249ba353ef23d81c9c21395d
2026-08-30T18:21:55.432+08:00[Asia/Shanghai]	143909033	search_economic_indicator	"{""question"":""房地产开发企业资金来源个人按揭贷款累计同比""}"	7463f958b4c9c87519cbdf9098e850cc
2026-08-30T18:21:49.115+08:00[Asia/Shanghai]	116044445	query_economic_indicator_data	"{""question"":""创业板指指数市盈率TTM"",""beginDate"":""2010-01-01"",""endDate"":""2026-08-30""}"	9efe2969154b8f41466565b9faed0c72
2026-08-30T18:21:42.334+08:00[Asia/Shanghai]	144433647	search_economic_indicator	"{""question"":""请为“中国市场汽车后装电子设备采购”搜索直接相关的量价与经营指标候选。环节说明：中国境内，汽车售后维修网络、第三方配件渠道（IAM）以及车队管理服务商采购车载电子配件、替换用电控部件（如智能仪表、盲点监测、进气格栅电控模块等），用于保有车辆的维修替换、加装与智能化升级。核心对象：后装汽车电子设备。排除针对单一公司的指标。""}"	2e158912ebb7bf990fb95ee1ce0f4df3
2026-08-30T18:21:27.340+08:00[Asia/Shanghai]	143909033	search_economic_indicator	"{""question"":""中国房地产开发资金来源个人按揭贷款累计同比、国内贷款累计同比、自筹资金累计同比、到位资金累计同比""}"	0dc2551897f86a697a0c06f43e4d2721
2026-08-30T18:21:23.282+08:00[Asia/Shanghai]	116044445	query_economic_indicator_data	"{""question"":""沪深300:股息率"",""beginDate"":""2010-01-01"",""endDate"":""2026-08-30""}"	a6761fa2c60af09c601c49e303323254
2026-08-30T18:21:15.452+08:00[Asia/Shanghai]	144433647	search_economic_indicator	"{""question"":""请为“中国市场智能座舱域控制器制造”搜索直接相关的量价与经营指标候选。环节说明：中国境内，将车规级主控芯片（如SoC）、通信模块、PCB、存储器及配套软件进行集成加工，制造用于控制车载信息娱乐、仪表、抬头显示等座舱电子系统的智能座舱域控制器。核心对象：智能座舱域控制器。排除针对单一公司的指标。""}"	9ed5c2ef891d805bde22514edb05c8d5
2026-08-30T18:21:14.409+08:00[Asia/Shanghai]	143909033	query_economic_indicator_data	"{""question"":""中国:房地产开发资金来源:其他资金:定金及预收款:累计同比"",""beginDate"":""2025-01-01"",""endDate"":""2026-08-30""}"	f753d8a87788d0a362f028d732c549e7
2026-08-30T18:21:11.306+08:00[Asia/Shanghai]	144433647	search_economic_indicator	"{""question"":""请为“中国市场汽车后装电子设备采购”搜索直接相关的量价与经营指标候选。环节说明：中国境内，汽车售后维修网络、第三方配件渠道（IAM）以及车队管理服务商采购车载电子配件、替换用电控部件（如智能仪表、盲点监测、进气格栅电控模块等），用于保有车辆的维修替换、加装与智能化升级。核心对象：后装汽车电子设备。排除针对单一公司的指标。""}"	ddd80bfc30d3231d5360641179b9bdbf
2026-08-30T18:21:10.605+08:00[Asia/Shanghai]	116044445	query_economic_indicator_data	"{""question"":""沪深300指数股息率TTM"",""beginDate"":""2010-01-01"",""endDate"":""2026-08-30""}"	5093a89f3d84a24e1395b2d3f470e9b3
2026-08-30T18:21:01.866+08:00[Asia/Shanghai]	144433647	search_economic_indicator	"{""question"":""请为“中国市场车载PCB制造”搜索直接相关的量价与经营指标候选。环节说明：中国境内，针对汽车电子高可靠性、高频高速及耐高温等严苛要求，生产用于动力系统、控制系统、智能座舱及自动驾驶雷达的多层刚性板、高密度互连板（HDI）、柔性电路板（FPC）及高频毫米波雷达板等车规级印制电路板。核心对象：车载多层PCB、车载HDI板、高频毫米波雷达板、车载FPC。排除针对单一公司的指标。""}"	15482b8325e1db675630ef78b81a70ef
2026-08-30T18:20:59.186+08:00[Asia/Shanghai]	116044445	query_economic_indicator_data	"{""question"":""沪深300股息率"",""beginDate"":""2010-01-01"",""endDate"":""2026-08-30""}"	c9a527c3fd8e4d22f1535bda9b1e07df
2026-08-30T18:20:48.609+08:00[Asia/Shanghai]	116044445	query_economic_indicator_data	"{""question"":""沪深300指数股息率"",""beginDate"":""2010-01-01"",""endDate"":""2026-08-30""}"	7b53c074f596f5dc8887851c969a51b5
2026-08-30T18:20:41.451+08:00[Asia/Shanghai]	143909033	query_economic_indicator_data	"{""question"":""中国房地产开发资金来源中定金及预收款累计同比"",""beginDate"":""2025-01-01"",""endDate"":""2026-08-30""}"	7a89e9015da7145a5d57ffdd2a3fb64d
2026-08-30T18:20:39.742+08:00[Asia/Shanghai]	144433647	search_economic_indicator	"{""question"":""请为“中国市场车规级MCU芯片制造”搜索直接相关的量价与经营指标候选。环节说明：中国境内，研发与生产用于汽车车身控制、动力传动、底盘安全以及分布式电子控制单元（ECU）的高可靠性微控制器芯片（MCU）。核心对象：车规级MCU芯片、车身控制MCU。排除针对单一公司的指标。""}"	ab1d0691b857abb10ae6ad5736813e1c
2026-08-30T18:20:38.756+08:00[Asia/Shanghai]	144433647	search_economic_indicator	"{""question"":""请为“中国市场车载基础软件开发”搜索直接相关的量价与经营指标候选。环节说明：中国境内，开发符合AUTOSAR架构的车载基础软件、车规级实时操作系统（RTOS）及底层驱动软件，为芯片与硬件控制器提供底层软件支撑。核心对象：AUTOSAR基础软件、车规级操作系统。排除针对单一公司的指标。""}"	825e0eca1ad92f40bf91eb827f89f58f
2026-08-30T18:20:31.006+08:00[Asia/Shanghai]	116044445	query_economic_indicator_data	"{""question"":""MySpic铁矿石价格指数"",""beginDate"":""2010-01-01"",""endDate"":""2026-08-30""}"	cc4c96bf95c5daf80d605897a74e7637
2026-08-30T18:20:30.258+08:00[Asia/Shanghai]	116044445	query_economic_indicator_data	"{""question"":""创业板399006市盈率"",""beginDate"":""2010-01-01"",""endDate"":""2026-08-30""}"	f21fce912b46c614ef1ee3f69eb0ce1f
2026-08-30T18:20:29.277+08:00[Asia/Shanghai]	116044445	query_economic_indicator_data	"{""question"":""普氏铁矿石价格指数"",""beginDate"":""2010-01-01"",""endDate"":""2026-08-30""}"	df6df7d8062b05371a2ca78d57d25424
2026-08-30T18:20:23.900+08:00[Asia/Shanghai]	116044445	query_economic_indicator_data	"{""question"":""铁矿石62%Fe普氏指数"",""beginDate"":""2010-01-01"",""endDate"":""2026-08-30""}"	895194e9ce017040f132ccdc90e2cf57
2026-08-30T18:20:05.770+08:00[Asia/Shanghai]	144433647	search_economic_indicator	"{""question"":""请为“中国市场车规级SoC芯片制造”搜索直接相关的量价与经营指标候选。环节说明：中国境内，设计与制造集成多核异构计算单元的系统级芯片（SoC），为智能座舱和高级驾驶辅助系统（ADAS）域控制器提供高算力支撑。核心对象：智能座舱SoC芯片、自动驾驶SoC芯片。排除针对单一公司的指标。""}"	dfde01848a933a0c017e449092a9d9dc
2026-08-30T18:20:05.769+08:00[Asia/Shanghai]	144433647	search_economic_indicator	"{""question"":""请为“中国市场车规级MCU芯片制造”搜索直接相关的量价与经营指标候选。环节说明：中国境内，研发与生产用于汽车车身控制、动力传动、底盘安全以及分布式电子控制单元（ECU）的高可靠性微控制器芯片（MCU）。核心对象：车规级MCU芯片、车身控制MCU。排除针对单一公司的指标。""}"	ad5a0b5d708c0e05036a68c6ccc4dac3
2026-08-30T18:19:39.497+08:00[Asia/Shanghai]	116044445	query_economic_indicator_data	"{""question"":""CIOPI铁矿石价格指数"",""beginDate"":""2010-01-01"",""endDate"":""2026-08-30""}"	a8acbc25449eb489a566d3d24bde3120
2026-08-30T18:19:37.221+08:00[Asia/Shanghai]	116044445	query_economic_indicator_data	"{""question"":""创业板:市盈率:TTM"",""beginDate"":""2010-01-01"",""endDate"":""2026-08-30""}"	9eb5bfa7d497bdf98e13af0085827237
2026-08-30T18:19:29.080+08:00[Asia/Shanghai]	116044445	query_economic_indicator_data	"{""question"":""创业板指:市盈率"",""beginDate"":""2010-01-01"",""endDate"":""2026-08-30""}"	c71976a3ded2ad64ae6a10486de49c92
2026-08-30T18:19:12.218+08:00[Asia/Shanghai]	116044445	query_economic_indicator_data	"{""question"":""中国铁矿石价格指数CIOPI"",""beginDate"":""2010-01-01"",""endDate"":""2026-08-30""}"	a65bdedd3346e86030b3d3553b2d5618
2026-08-30T18:19:07.048+08:00[Asia/Shanghai]	116044445	query_economic_indicator_data	"{""question"":""M0000509"",""beginDate"":""2010-01-01"",""endDate"":""2026-08-30""}"	e53d554de00ed93c8e0e2d4a9a5f8e32
2026-08-30T18:18:55.908+08:00[Asia/Shanghai]	116044445	query_economic_indicator_data	"{""question"":""创业板市盈率"",""beginDate"":""2010-01-01"",""endDate"":""2026-08-30""}"	abbe4b89fb298c283aacf6e4573cb0af
2026-08-30T18:18:55.581+08:00[Asia/Shanghai]	144125023	search_economic_indicator	"{""question"":""美元兑日元汇率""}"	fd0dbcd042d5cf114127112990e2d035
2026-08-30T18:18:47.885+08:00[Asia/Shanghai]	143909033	query_economic_indicator_data	"{""question"":""S0029657,S0049576,S0073294,S0073306,S0073307,S0073300,S0073301,S0073253"",""beginDate"":""2025-01-01"",""endDate"":""2026-08-30""}"	ef4fd38c14dfec748033ddc8939cc637
2026-08-30T18:18:45.095+08:00[Asia/Shanghai]	116044445	query_economic_indicator_data	"{""question"":""创业板指指数市盈率TTM"",""beginDate"":""2010-01-01"",""endDate"":""2026-08-30""}"	9478900cac04bda9c949e091f37b5428
2026-08-30T18:18:44.394+08:00[Asia/Shanghai]	116044445	query_economic_indicator_data	"{""question"":""存款准备金率:大型商业银行"",""beginDate"":""2010-01-01"",""endDate"":""2026-08-30""}"	d9a0f559f55b0606dba5c628926fe2b2
2026-08-30T18:18:42.928+08:00[Asia/Shanghai]	116044445	query_economic_indicator_data	"{""question"":""人民币存款准备金率:大型存款类金融机构"",""beginDate"":""2010-01-01"",""endDate"":""2026-08-30""}"	41d844b3c5e0bce54f0b0d9243f61553
2026-08-30T18:18:41.651+08:00[Asia/Shanghai]	116044445	query_economic_indicator_data	"{""question"":""中国:存款准备金率:大型存款类金融机构"",""beginDate"":""2010-01-01"",""endDate"":""2026-08-30""}"	61c202b66d8050b6786294960750b15a
2026-08-30T18:18:25.047+08:00[Asia/Shanghai]	116044445	query_economic_indicator_data	"{""question"":""中国存款准备金率大型金融机构"",""beginDate"":""2010-01-01"",""endDate"":""2026-08-30""}"	41bc1ae8343eab22a8ce6d28f0611dad
2026-08-30T18:18:21.993+08:00[Asia/Shanghai]	116044445	query_economic_indicator_data	"{""question"":""沪深300:股息率"",""beginDate"":""2010-01-01"",""endDate"":""2026-08-30""}"	c012cdf7e04fcb362336bf4451a50e46
2026-08-30T18:18:14.892+08:00[Asia/Shanghai]	143909033	search_economic_indicator	"{""question"":""中国房地产开发投资完成额累计同比、房地产开发企业到位资金累计同比、国内贷款累计同比、个人按揭贷款累计同比、土地购置面积累计同比、土地成交价款累计同比""}"	e4993c8893795e7ab28254f058239104
2026-08-30T18:18:13.568+08:00[Asia/Shanghai]	116044445	query_economic_indicator_data	"{""question"":""沪深300指数股息率TTM"",""beginDate"":""2010-01-01"",""endDate"":""2026-08-30""}"	792b69e8bb8a4cfab94d764008ce1449
2026-08-30T18:18:03.047+08:00[Asia/Shanghai]	116044445	query_economic_indicator_data	"{""question"":""沪深300股息率"",""beginDate"":""2010-01-01"",""endDate"":""2026-08-30""}"	da705f02bc731b07b23e7654bb41335d
2026-08-30T18:17:51.452+08:00[Asia/Shanghai]	143909033	search_economic_indicator	"{""question"":""中国房地产开发投资、住宅开发投资、房屋新开工面积、房屋施工面积、房屋竣工面积、商品房销售面积、住宅销售面积、房地产开发企业到位资金、定金及预收款、个人按揭贷款月度累计同比指标""}"	ab9cce639e8fb40b029ee2aefe3bc020
2026-08-30T18:17:38.887+08:00[Asia/Shanghai]	116044445	query_economic_indicator_data	"{""question"":""沪深300指数股息率"",""beginDate"":""2010-01-01"",""endDate"":""2026-08-30""}"	9273d414714687b19158d49f15d30692
2026-08-30T18:17:27.181+08:00[Asia/Shanghai]	140340387	query_economic_indicator_data	"{""question"":""J9455629,M5541327,M0009973,M0017127,M0000545,M1006337,M1005158,M0001383,M0001385,S2707388,M0009970"",""beginDate"":""2022-10-30"",""endDate"":""2026-08-30""}"	fcd0d486e9814ef811111abf7dd71274
2026-08-30T18:17:23.269+08:00[Asia/Shanghai]	116044445	query_economic_indicator_data	"{""question"":""MySpic铁矿石价格指数"",""beginDate"":""2010-01-01"",""endDate"":""2026-08-30""}"	fffaf1e1bcd178e2988f0fde720fc931
2026-08-30T18:17:22.028+08:00[Asia/Shanghai]	140340387	query_economic_indicator_data	"{""question"":""人民币贷款余额同比"",""observation"":""24""}"	a38d26ffcc9110f09b158992565ac1ae
2026-08-30T18:17:19.981+08:00[Asia/Shanghai]	101423457	query_economic_indicator_data	"{""question"":""万得全A每日成交额"",""beginDate"":""2026-08-01"",""endDate"":""2026-08-29""}"	4d2bf065162164a4c6471c763c65adb0
2026-08-30T18:17:18.577+08:00[Asia/Shanghai]	140340387	query_economic_indicator_data	"{""question"":""中国M2同比"",""observation"":""24""}"	0dc33ae47692e46d19f73c63e252b89e
2026-08-30T18:17:16.664+08:00[Asia/Shanghai]	140340387	query_economic_indicator_data	"{""question"":""中国M1同比"",""observation"":""24""}"	d29280252f66f491ab623217b17de645
2026-08-30T18:17:16.376+08:00[Asia/Shanghai]	116044445	query_economic_indicator_data	"{""question"":""普氏铁矿石价格指数"",""beginDate"":""2010-01-01"",""endDate"":""2026-08-30""}"	ad4b862a08f8086f2e02eb4ab801bf14
2026-08-30T18:17:12.658+08:00[Asia/Shanghai]	140340387	query_economic_indicator_data	"{""question"":""社会融资规模增量"",""observation"":""24""}"	01f97dd02f1fd99510ad18dff2576c67
2026-08-30T18:17:05.779+08:00[Asia/Shanghai]	116044445	query_economic_indicator_data	"{""question"":""铁矿石62%Fe普氏指数"",""beginDate"":""2010-01-01"",""endDate"":""2026-08-30""}"	cb2d9d26bdd2e209234e13e6b173436d
2026-08-30T18:17:05.486+08:00[Asia/Shanghai]	140340387	query_economic_indicator_data	"{""question"":""M0000273"",""observation"":""12""}"	777b45ba64bc7696dba623edd6d8fa06
2026-08-30T18:16:28.699+08:00[Asia/Shanghai]	140340387	query_economic_indicator_data	"{""question"":""M0001428"",""observation"":""12""}"	c4772a5838f9c0872238f58a420d92f3
2026-08-30T18:15:52.396+08:00[Asia/Shanghai]	144433647	search_economic_indicator	"{""question"":""请为“中国市场智驾域控制器制造”搜索直接相关的量价与经营指标候选。环节说明：中国境内，采购核心计算芯片（SoC）、安全微控制器（MCU）、存储芯片及电子元器件，进行硬件架构设计与制造组装，生产用于集中处理自动驾驶数据的行泊一体或高算力智驾域控制器。核心对象：智驾域控制器。排除针对单一公司的指标。""}"	2029499373ffee5e1b3bd7ef05781e5a
2026-08-30T18:15:39.130+08:00[Asia/Shanghai]	116044445	query_economic_indicator_data	"{""question"":""CIOPI铁矿石价格指数"",""beginDate"":""2010-01-01"",""endDate"":""2026-08-30""}"	f07774ca0e53f60201d10932d9bc58e7
2026-08-30T18:15:36.058+08:00[Asia/Shanghai]	140340387	query_economic_indicator_data	"{""question"":""布伦特原油收盘价"",""observation"":""1400""}"	2918d6950a0006ba030932b339ab529a
2026-08-30T18:15:35.233+08:00[Asia/Shanghai]	144433647	search_economic_indicator	"{""question"":""请为“中国市场智能驾驶软硬件集成”搜索直接相关的量价与经营指标候选。环节说明：中国境内，将智驾域控制器硬件、算法软件、底层操作系统以及外部车载传感器进行系统级联调与整合，向乘用车主机厂供应满足不同辅助驾驶及自动驾驶级别（如ADAS、高阶智驾）的软硬一体系统总成方案。核心对象：乘用车智能驾驶系统总成、ADAS软硬一体方案。排除针对单一公司的指标。""}"	3ba222a3e13dc0f758d35e0cd62d8e2e
2026-08-30T18:15:21.469+08:00[Asia/Shanghai]	140340387	query_economic_indicator_data	"{""question"":""S5708246,C1925068,S6124651,M0017127,M0017128,D1081308,S6001312,M5658439,L0889272,S0000066,M0017129,G0002329,B8393374,S2707388,M0001428"",""beginDate"":""2022-10-30"",""endDate"":""2026-08-30""}"	d909b9de266a9229a1899309e23a8156
2026-08-30T18:14:50.931+08:00[Asia/Shanghai]	144433647	search_economic_indicator	"{""question"":""请为“中国市场智驾域控制器制造”搜索直接相关的量价与经营指标候选。环节说明：中国境内，采购核心计算芯片（SoC）、安全微控制器（MCU）、存储芯片及电子元器件，进行硬件架构设计与制造组装，生产用于集中处理自动驾驶数据的行泊一体或高算力智驾域控制器。核心对象：智驾域控制器。排除针对单一公司的指标。""}"	2de803681c31db7dd418c7dfbf89bbf2
2026-08-30T18:14:45.623+08:00[Asia/Shanghai]	116044445	query_economic_indicator_data	"{""question"":""中国铁矿石价格指数CIOPI"",""beginDate"":""2010-01-01"",""endDate"":""2026-08-30""}"	b98e0a125badb95cd5fd2b7457407c13
2026-08-30T18:14:44.682+08:00[Asia/Shanghai]	144433647	search_economic_indicator	"{""question"":""请为“中国市场高精定位模组制造”搜索直接相关的量价与经营指标候选。环节说明：中国境内，采购GNSS卫星定位芯片、IMU惯性测量传感器及高频天线等元器件，结合RTK差分定位算法与卫惯组合导航技术进行系统集成与模组封装，生产用于智能驾驶车辆提供车道级精准位置及姿态感知的定位模组与P-BOX组合导航系统。核心对象：高精定位模组、P-BOX组合导航系统、RTK定位模块。排除针对单一公司的指标。""}"	a025abe63992b7239dc4fdb0650723a3
2026-08-30T18:14:35.569+08:00[Asia/Shanghai]	144433647	search_economic_indicator	"{""question"":""请为“中国市场智驾算法研发”搜索直接相关的量价与经营指标候选。环节说明：中国境内，基于深度学习、Transformer等模型开发环境感知、行为决策与路径规划算法，并通过建立数据闭环系统进行模型训练与迭代，涵盖纯视觉及多传感器融合技术路线。核心对象：智驾感知规划决策软件、智驾算法授权服务。排除针对单一公司的指标。""}"	c1f5f043bf4804883bf903d5d46522a7
2026-08-30T18:14:33.023+08:00[Asia/Shanghai]	116044445	query_economic_indicator_data	"{""question"":""M0000509"",""beginDate"":""2010-01-01"",""endDate"":""2026-08-30""}"	853986642c12dfa4195039423397cfd8
2026-08-30T18:14:20.043+08:00[Asia/Shanghai]	144433647	search_economic_indicator	"{""question"":""请为“中国市场智驾底层操作系统开发”搜索直接相关的量价与经营指标候选。环节说明：中国境内，开发符合车规级高实时性与功能安全要求的底层操作系统（RTOS）及中间件（AUTOSAR），为上层智驾算法运行和硬件算力调度提供底层支撑。核心对象：智驾RTOS操作系统、AUTOSAR中间件、底层操作系统软件授权。排除针对单一公司的指标。""}"	b0f754d47a77b0688890f656f7bf954a
2026-08-30T18:13:57.146+08:00[Asia/Shanghai]	144433647	search_economic_indicator	"{""question"":""请为“中国市场线控底盘系统制造”搜索直接相关的量价与经营指标候选。环节说明：中国境内，研发与生产通过电信号直接控制车辆执行机构的线控底盘系统，包括线控制动（EHB/EMB）、线控转向及线控悬架等，精准响应智驾域控指令。核心对象：线控制动系统、线控转向系统。排除针对单一公司的指标。""}"	4aa3c121680f8cb458066460fd714351
2026-08-30T18:13:46.026+08:00[Asia/Shanghai]	144460061	query_economic_indicator_data	"{""question"":""G0008345,G0008349"",""beginDate"":""2016-01-01"",""endDate"":""2026-08-30""}"	f339620bfafa218e0aff26790a35096e
2026-08-30T18:13:45.880+08:00[Asia/Shanghai]	140340387	query_economic_indicator_data	"{""question"":""M0000273"",""observation"":""12""}"	a8b95cb608ec4852bd47424371bd51ba
2026-08-30T18:13:44.736+08:00[Asia/Shanghai]	116044445	query_economic_indicator_data	"{""question"":""存款准备金率:大型商业银行"",""beginDate"":""2010-01-01"",""endDate"":""2026-08-30""}"	7bfb290951f2f6b6f19dcc0d3e34fb83
2026-08-30T18:13:38.476+08:00[Asia/Shanghai]	144433647	search_economic_indicator	"{""question"":""请为“中国市场毫米波雷达制造”搜索直接相关的量价与经营指标候选。环节说明：中国境内，基于雷达射频前端芯片（MMIC）、天线阵列及数字信号处理器（DSP），设计与生产用于车载测距、测速及全天候环境感知的毫米波雷达与4D成像雷达。核心对象：前向毫米波雷达、4D毫米波雷达。排除针对单一公司的指标。""}"	91b246766e9b616178c9a0128545f5f4
2026-08-30T18:13:37.781+08:00[Asia/Shanghai]	116044445	query_economic_indicator_data	"{""question"":""人民币存款准备金率:大型存款类金融机构"",""beginDate"":""2010-01-01"",""endDate"":""2026-08-30""}"	db4607f2d17083238117c8ffbba7e14b
2026-08-30T18:13:33.292+08:00[Asia/Shanghai]	144433647	search_economic_indicator	"{""question"":""请为“中国市场激光雷达制造”搜索直接相关的量价与经营指标候选。环节说明：中国境内，集成激光发射芯片、探测器、扫描振镜及接收光学部件，研发并生产用于高阶智能驾驶三维环境识别的固态与半固态激光雷达系统。核心对象：半固态激光雷达、全固态激光雷达。排除针对单一公司的指标。""}"	071d2a0c765194c0e81e90d440e6b056
2026-08-30T18:13:13.415+08:00[Asia/Shanghai]	144433647	search_economic_indicator	"{""question"":""请为“中国市场车载摄像头模组制造”搜索直接相关的量价与经营指标候选。环节说明：中国境内，采购车载图像传感器（CIS）、光学镜头及图像信号处理器（ISP），进行高精度封装与光学校准，生产用于前视、环视及后视的高像素车规级摄像头模组。核心对象：前视摄像头模组、环视摄像头模组、车载摄像头模组。排除针对单一公司的指标。""}"	9321d4330e396c9af483d632022be177
2026-08-30T18:13:13.396+08:00[Asia/Shanghai]	144433647	search_economic_indicator	"{""question"":""请为“中国市场智驾SoC芯片制造”搜索直接相关的量价与经营指标候选。环节说明：中国境内，设计与制造用于智能驾驶系统的系统级芯片（SoC），集成CPU、GPU、NPU及ISP等异构计算单元，为环境感知、传感器融合及路径规划决策提供高算力支持。核心对象：智驾SoC芯片、高算力自动驾驶芯片。排除针对单一公司的指标。""}"	9544be766d803b9584436ca4134e7b6b
2026-08-30T18:13:11.617+08:00[Asia/Shanghai]	116044445	query_economic_indicator_data	"{""question"":""中国存款准备金率大型金融机构"",""beginDate"":""2010-01-01"",""endDate"":""2026-08-30""}"	897d9185591276f7a666327a9b3d2608
2026-08-30T18:12:54.975+08:00[Asia/Shanghai]	140340387	query_economic_indicator_data	"{""question"":""J9455629,M5541327,M0009973,M0017127,M0000545,M1006337,M1005158,M0001383,M0001385,S2707388,M0009970"",""beginDate"":""2022-10-30"",""endDate"":""2026-08-30""}"	1a191703d4abf039a6c6af512f74925f
2026-08-30T18:12:52.437+08:00[Asia/Shanghai]	140340387	query_economic_indicator_data	"{""question"":""人民币存款余额同比"",""observation"":""24""}"	b98e012b4596efacd15a7677623e9768
2026-08-30T18:12:49.453+08:00[Asia/Shanghai]	140340387	query_economic_indicator_data	"{""question"":""人民币贷款余额同比"",""observation"":""24""}"	5a1bddf73bbb9377f14af1d901d6e283
2026-08-30T18:12:47.954+08:00[Asia/Shanghai]	140340387	query_economic_indicator_data	"{""question"":""新增人民币贷款"",""observation"":""24""}"	8f25dc753e2ee51077a61e201f5acd97
2026-08-30T18:12:44.239+08:00[Asia/Shanghai]	140340387	query_economic_indicator_data	"{""question"":""中国M1同比"",""observation"":""24""}"	72a52aeb345fc2626133dfa79c8e77d9
2026-08-30T18:12:42.147+08:00[Asia/Shanghai]	140340387	query_economic_indicator_data	"{""question"":""社会融资规模存量同比"",""observation"":""24""}"	66628f0f51e132c20d816686fdec1e54
2026-08-30T18:12:34.479+08:00[Asia/Shanghai]	140340387	query_economic_indicator_data	"{""question"":""M0000607"",""observation"":""12""}"	f6669ecb2ce217a5c42dad2bd756af75
2026-08-30T18:12:30.086+08:00[Asia/Shanghai]	140340387	query_economic_indicator_data	"{""question"":""M0000273"",""observation"":""12""}"	ceaec66d99a53445503d27d3ac7c17b1
2026-08-30T18:12:27.079+08:00[Asia/Shanghai]	140340387	query_economic_indicator_data	"{""question"":""M0001428"",""observation"":""12""}"	a754dd7d4e49336e945aa095e0366598
2026-08-30T18:11:41.617+08:00[Asia/Shanghai]	140340387	query_economic_indicator_data	"{""question"":""S5708246,C1925068,S6124651,M0017127,M0017128,D1081308,S6001312,M5658439,L0889272,S0000066,M0017129,G0002329,B8393374,S2707388,M0001428"",""beginDate"":""2022-10-30"",""endDate"":""2026-08-30""}"	238b2739c9a0d5e23a0f5f2e1b85bb28
2026-08-30T18:11:27.822+08:00[Asia/Shanghai]	144362983	query_economic_indicator_data	"{""question"":""S0213050,M0066367,S0213049,Y4998629"",""beginDate"":""2022-08-01"",""endDate"":""2026-08-30""}"	6e918cf236e02acfb3012d376417a817
2026-08-30T18:11:25.062+08:00[Asia/Shanghai]	144362983	query_economic_indicator_data	"{""question"":""S0213050,M0066367,S0213049,Y4998629"",""beginDate"":""2022-08-01"",""endDate"":""2026-08-30""}"	ba0d21d77198dc639eac029be7ad4b8c
2026-08-30T18:11:22.295+08:00[Asia/Shanghai]	144362983	query_economic_indicator_data	"{""question"":""S0213050,M0066367,S0213049,Y4998629"",""beginDate"":""2022-08-01"",""endDate"":""2026-08-30""}"	246ca37619fe1a6c62d539731ccf01f2
2026-08-30T18:11:19.303+08:00[Asia/Shanghai]	144362983	query_economic_indicator_data	"{""question"":""S0213050,M0066367,S0213049,Y4998629"",""beginDate"":""2022-08-01"",""endDate"":""2026-08-30""}"	cb13833eeb1db0c526245398c997363f
2026-08-30T18:11:13.448+08:00[Asia/Shanghai]	144362983	query_economic_indicator_data	"{""question"":""S0213050,M0066367,S0213049,Y4998629"",""beginDate"":""2022-08-01"",""endDate"":""2026-08-30""}"	51f98a8878923ebb2862181a85c94009
2026-08-30T18:11:10.799+08:00[Asia/Shanghai]	144362983	query_economic_indicator_data	"{""question"":""S0213050,M0066367,S0213049,Y4998629"",""beginDate"":""2022-08-01"",""endDate"":""2026-08-30""}"	d78a867e9b33775e7d7cc78bab484b80
2026-08-30T18:11:08.124+08:00[Asia/Shanghai]	144362983	query_economic_indicator_data	"{""question"":""S0213050,M0066367,S0213049,Y4998629"",""beginDate"":""2022-08-01"",""endDate"":""2026-08-30""}"	ad28b18226a31ef825d80f6373b468ac
2026-08-30T18:11:05.286+08:00[Asia/Shanghai]	144362983	query_economic_indicator_data	"{""question"":""S0213050,M0066367,S0213049,Y4998629"",""beginDate"":""2022-08-01"",""endDate"":""2026-08-30""}"	d5ca4d7adb31555ec39e911591a9a2b3
2026-08-30T18:11:01.856+08:00[Asia/Shanghai]	140340387	query_economic_indicator_data	"{""question"":""M0000607"",""observation"":""12""}"	88f9bc91dbbff2f1e0aa0ed5016e2913
2026-08-30T18:10:59.573+08:00[Asia/Shanghai]	144362983	query_economic_indicator_data	"{""question"":""S0213050,M0066367,S0213049,Y4998629"",""beginDate"":""2022-08-01"",""endDate"":""2026-08-30""}"	9eb7187f887c7fbc15ac203da19fdb9c
2026-08-30T18:10:59.107+08:00[Asia/Shanghai]	144433647	search_economic_indicator	"{""question"":""请为“中国市场高精定位模组制造”搜索直接相关的量价与经营指标候选。环节说明：中国境内，采购GNSS卫星定位芯片、IMU惯性测量传感器及高频天线等元器件，结合RTK差分定位算法与卫惯组合导航技术进行系统集成与模组封装，生产用于智能驾驶车辆提供车道级精准位置及姿态感知的定位模组与P-BOX组合导航系统。核心对象：高精定位模组、P-BOX组合导航系统、RTK定位模块。排除针对单一公司的指标。""}"	25afb2e25fb715a59b56499e962bc923
2026-08-30T18:10:56.780+08:00[Asia/Shanghai]	144362983	query_economic_indicator_data	"{""question"":""S0213050,M0066367,S0213049,Y4998629"",""beginDate"":""2022-08-01"",""endDate"":""2026-08-30""}"	dfd1d3af6a4b467885a68404e1b92576
2026-08-30T18:10:53.987+08:00[Asia/Shanghai]	144362983	query_economic_indicator_data	"{""question"":""S0213050,M0066367,S0213049,Y4998629"",""beginDate"":""2022-08-01"",""endDate"":""2026-08-30""}"	433db5f956e00d360c84b4491edfc522
2026-08-30T18:10:51.305+08:00[Asia/Shanghai]	144433647	search_economic_indicator	"{""question"":""请为“中国市场智驾底层操作系统开发”搜索直接相关的量价与经营指标候选。环节说明：中国境内，开发符合车规级高实时性与功能安全要求的底层操作系统（RTOS）及中间件（AUTOSAR），为上层智驾算法运行和硬件算力调度提供底层支撑。核心对象：智驾RTOS操作系统、AUTOSAR中间件、底层操作系统软件授权。排除针对单一公司的指标。""}"	2eca6ab0fa2cd07334b64f2390836367
2026-08-30T18:10:51.215+08:00[Asia/Shanghai]	144362983	query_economic_indicator_data	"{""question"":""S0213050,M0066367,S0213049,Y4998629"",""beginDate"":""2022-08-01"",""endDate"":""2026-08-30""}"	a92fc22ac40ffb88a1f62d39939284b4
2026-08-30T18:10:50.316+08:00[Asia/Shanghai]	140340387	query_economic_indicator_data	"{""question"":""M0000545"",""observation"":""12""}"	6fbacb38f248c4a2390ff637e234b28c
2026-08-30T18:10:45.090+08:00[Asia/Shanghai]	144362983	query_economic_indicator_data	"{""question"":""S0213050,M0066367,S0213049,Y4998629"",""beginDate"":""2022-08-01"",""endDate"":""2026-08-30""}"	7de15d7acb21cd5b58a980a8a21f6d76
2026-08-30T18:10:42.261+08:00[Asia/Shanghai]	144362983	query_economic_indicator_data	"{""question"":""S0213050,M0066367,S0213049,Y4998629"",""beginDate"":""2022-08-01"",""endDate"":""2026-08-30""}"	2f83c86e5303dcebc6bd423fafb39a01
2026-08-30T18:10:39.537+08:00[Asia/Shanghai]	144362983	query_economic_indicator_data	"{""question"":""S0213050,M0066367,S0213049,Y4998629"",""beginDate"":""2022-08-01"",""endDate"":""2026-08-30""}"	7e468ceaa373729d98ff47c4f1da2dfb
2026-08-30T18:10:36.712+08:00[Asia/Shanghai]	144362983	query_economic_indicator_data	"{""question"":""S0213050,M0066367,S0213049,Y4998629"",""beginDate"":""2022-08-01"",""endDate"":""2026-08-30""}"	f933edf91aca21beaea90e079fcc7d28
2026-08-30T18:10:30.914+08:00[Asia/Shanghai]	144362983	query_economic_indicator_data	"{""question"":""S0213050,M0066367,S0213049,Y4998629"",""beginDate"":""2022-08-01"",""endDate"":""2026-08-30""}"	65ccb26242c982727a003adb3cab0a5b
2026-08-30T18:10:29.547+08:00[Asia/Shanghai]	144433647	search_economic_indicator	"{""question"":""请为“中国市场线控底盘系统制造”搜索直接相关的量价与经营指标候选。环节说明：中国境内，研发与生产通过电信号直接控制车辆执行机构的线控底盘系统，包括线控制动（EHB/EMB）、线控转向及线控悬架等，精准响应智驾域控指令。核心对象：线控制动系统、线控转向系统。排除针对单一公司的指标。""}"	e32044d491a420ef845dd986d0c12a8d
2026-08-30T18:10:28.172+08:00[Asia/Shanghai]	144362983	query_economic_indicator_data	"{""question"":""S0213050,M0066367,S0213049,Y4998629"",""beginDate"":""2022-08-01"",""endDate"":""2026-08-30""}"	80f063b69d52dfd9323797c17cc41150
2026-08-30T18:10:27.852+08:00[Asia/Shanghai]	140340387	query_economic_indicator_data	"{""question"":""新增人民币贷款"",""observation"":""24""}"	f1ed48004637a7e42bfa3d25721c7bdd
2026-08-30T18:10:25.307+08:00[Asia/Shanghai]	144362983	query_economic_indicator_data	"{""question"":""S0213050,M0066367,S0213049,Y4998629"",""beginDate"":""2022-08-01"",""endDate"":""2026-08-30""}"	140cb9292ebd11b0a3c08db9dc5ef7d7
2026-08-30T18:10:22.201+08:00[Asia/Shanghai]	144362983	query_economic_indicator_data	"{""question"":""S0213050,M0066367,S0213049,Y4998629"",""beginDate"":""2022-08-01"",""endDate"":""2026-08-30""}"	1196805313404e3bfb4d3bfe5394e8ff
2026-08-30T18:10:20.441+08:00[Asia/Shanghai]	140340387	query_economic_indicator_data	"{""question"":""社会融资规模存量同比"",""observation"":""24""}"	5ebeaae706a3965f6a06a19a690bc55d
2026-08-30T18:10:16.355+08:00[Asia/Shanghai]	144362983	query_economic_indicator_data	"{""question"":""S0213050,M0066367,S0213049,Y4998629"",""beginDate"":""2022-08-01"",""endDate"":""2026-08-30""}"	5dc4d0b39e7f88659224f7b07f1ece1a
2026-08-30T18:10:11.845+08:00[Asia/Shanghai]	140340387	query_economic_indicator_data	"{""question"":""M0000607"",""observation"":""12""}"	83254c2ef452f976c758ee74efc79aa5
2026-08-30T18:10:10.993+08:00[Asia/Shanghai]	144362983	query_economic_indicator_data	"{""question"":""S0213050,M0066367,S0213049,Y4998629"",""beginDate"":""2022-08-01"",""endDate"":""2026-08-30""}"	b6f462ab03647806c08d8cc064df6c21
2026-08-30T18:10:10.060+08:00[Asia/Shanghai]	144362983	query_economic_indicator_data	"{""question"":""S0213050,M0066367,S0213049,Y4998629"",""beginDate"":""2022-08-01"",""endDate"":""2026-08-30""}"	f58fae4fc575a4715e6c81b15532b75b
2026-08-30T18:10:09.040+08:00[Asia/Shanghai]	140340387	query_economic_indicator_data	"{""question"":""M0000273"",""observation"":""12""}"	d09ed20982118ce603debdd60436d3fa
2026-08-30T18:10:08.248+08:00[Asia/Shanghai]	144362983	query_economic_indicator_data	"{""question"":""S0213050,M0066367,S0213049,Y4998629"",""beginDate"":""2022-08-01"",""endDate"":""2026-08-30""}"	60f7d8c862d1340eb3297672ad24ff84
2026-08-30T18:10:00.674+08:00[Asia/Shanghai]	140340387	query_economic_indicator_data	"{""question"":""M0000545"",""observation"":""12""}"	e7c8a80d741d1d301144ea7ce241a498
2026-08-30T18:09:58.248+08:00[Asia/Shanghai]	144433647	search_economic_indicator	"{""question"":""请为“中国市场毫米波雷达制造”搜索直接相关的量价与经营指标候选。环节说明：中国境内，基于雷达射频前端芯片（MMIC）、天线阵列及数字信号处理器（DSP），设计与生产用于车载测距、测速及全天候环境感知的毫米波雷达与4D成像雷达。核心对象：前向毫米波雷达、4D毫米波雷达。排除针对单一公司的指标。""}"	1e72cc34ad3dfab871a6c13b5e797f83
2026-08-30T18:09:49.058+08:00[Asia/Shanghai]	140340387	query_economic_indicator_data	"{""question"":""S5708246,C1925068,S6124651,M0017127,M0017128,D1081308,S6001312,M5658439,L0889272,S0000066,M0017129,G0002329,B8393374,S2707388,M0001428"",""beginDate"":""2022-10-30"",""endDate"":""2026-08-30""}"	66e06e5f9041d41ca34a7d55fd21790c
2026-08-30T18:09:41.027+08:00[Asia/Shanghai]	144433647	search_economic_indicator	"{""question"":""请为“中国市场车载摄像头模组制造”搜索直接相关的量价与经营指标候选。环节说明：中国境内，采购车载图像传感器（CIS）、光学镜头及图像信号处理器（ISP），进行高精度封装与光学校准，生产用于前视、环视及后视的高像素车规级摄像头模组。核心对象：前视摄像头模组、环视摄像头模组、车载摄像头模组。排除针对单一公司的指标。""}"	f58652e110b94298d277fadef3be6339
2026-08-30T18:09:26.099+08:00[Asia/Shanghai]	144433647	search_economic_indicator	"{""question"":""请为“中国市场智驾SoC芯片制造”搜索直接相关的量价与经营指标候选。环节说明：中国境内，设计与制造用于智能驾驶系统的系统级芯片（SoC），集成CPU、GPU、NPU及ISP等异构计算单元，为环境感知、传感器融合及路径规划决策提供高算力支持。核心对象：智驾SoC芯片、高算力自动驾驶芯片。排除针对单一公司的指标。""}"	b34ea92616854747fd85ed89c249c96c
2026-08-30T18:09:15.307+08:00[Asia/Shanghai]	144433647	search_economic_indicator	"{""question"":""请为“中国市场激光雷达制造”搜索直接相关的量价与经营指标候选。环节说明：中国境内，集成激光发射芯片、探测器、扫描振镜及接收光学部件，研发并生产用于高阶智能驾驶三维环境识别的固态与半固态激光雷达系统。核心对象：半固态激光雷达、全固态激光雷达。排除针对单一公司的指标。""}"	13cb95d82323a97de5f6cce9769ae111
2026-08-30T18:08:56.558+08:00[Asia/Shanghai]	144433647	search_economic_indicator	"{""question"":""请为“中国市场智能驾驶软硬件集成”搜索直接相关的量价与经营指标候选。环节说明：中国境内，将智驾域控制器硬件、算法软件、底层操作系统以及外部车载传感器进行系统级联调与整合，向乘用车主机厂供应满足不同辅助驾驶及自动驾驶级别（如ADAS、高阶智驾）的软硬一体系统总成方案。核心对象：乘用车智能驾驶系统总成、ADAS软硬一体方案。排除针对单一公司的指标。""}"	535d5a7b8c4fca99730ed7fccbf2790f
2026-08-30T18:08:28.957+08:00[Asia/Shanghai]	144433647	search_economic_indicator	"{""question"":""请为“中国市场智驾域控制器制造”搜索直接相关的量价与经营指标候选。环节说明：中国境内，采购核心计算芯片（SoC）、安全微控制器（MCU）、存储芯片及电子元器件，进行硬件架构设计与制造组装，生产用于集中处理自动驾驶数据的行泊一体或高算力智驾域控制器。核心对象：智驾域控制器。排除针对单一公司的指标。""}"	079bee46f4e25aceface8c1a3d8f567e
2026-08-30T18:08:28.955+08:00[Asia/Shanghai]	144433647	search_economic_indicator	"{""question"":""请为“中国市场智驾算法研发”搜索直接相关的量价与经营指标候选。环节说明：中国境内，基于深度学习、Transformer等模型开发环境感知、行为决策与路径规划算法，并通过建立数据闭环系统进行模型训练与迭代，涵盖纯视觉及多传感器融合技术路线。核心对象：智驾感知规划决策软件、智驾算法授权服务。排除针对单一公司的指标。""}"	e069cf64604cb332d4fad0920a986150
2026-08-30T18:07:51.712+08:00[Asia/Shanghai]	140697088	search_economic_indicator	"{""question"":""美国国债实际收益率10年 TIPS""}"	9d2a3acba2c9df33bcf7bf41fc7f2949
2026-08-30T18:07:07.724+08:00[Asia/Shanghai]	144362983	query_economic_indicator_data	"{""question"":""M0066367"",""beginDate"":""2026-08-01"",""endDate"":""2026-08-28""}"	6a019a8fefb9eb098e90402b766a841b
2026-08-30T18:06:58.435+08:00[Asia/Shanghai]	144362983	query_economic_indicator_data	"{""question"":""M0066367"",""beginDate"":""2026-08-01"",""endDate"":""2026-08-28""}"	478488aa8fd2c62cea318580b03a3508
2026-08-30T18:06:55.750+08:00[Asia/Shanghai]	144362983	query_economic_indicator_data	"{""question"":""M0066367"",""beginDate"":""2026-08-01"",""endDate"":""2026-08-28""}"	067978f85b7d8a018b481fe80b147cc2
2026-08-30T18:06:52.899+08:00[Asia/Shanghai]	144362983	query_economic_indicator_data	"{""question"":""M0066367"",""beginDate"":""2026-08-01"",""endDate"":""2026-08-28""}"	8ac394502c8a5ac889754c04efa1883c
2026-08-30T18:06:49.500+08:00[Asia/Shanghai]	144362983	query_economic_indicator_data	"{""question"":""M0066367"",""beginDate"":""2026-08-01"",""endDate"":""2026-08-28""}"	745605c1ddca25c0c635c0351e8229f8
2026-08-30T18:06:43.761+08:00[Asia/Shanghai]	144362983	query_economic_indicator_data	"{""question"":""M0066367"",""beginDate"":""2026-08-01"",""endDate"":""2026-08-28""}"	d65a78a8afef9af2005da549aabea62a
2026-08-30T18:06:40.982+08:00[Asia/Shanghai]	144362983	query_economic_indicator_data	"{""question"":""M0066367"",""beginDate"":""2026-08-01"",""endDate"":""2026-08-28""}"	2796e4927ae62d368e049c092665cd02
2026-08-30T18:06:38.228+08:00[Asia/Shanghai]	144362983	query_economic_indicator_data	"{""question"":""M0066367"",""beginDate"":""2026-08-01"",""endDate"":""2026-08-28""}"	5af07de386ad1ff9a9bab5513e342000
2026-08-30T18:06:35.250+08:00[Asia/Shanghai]	144362983	query_economic_indicator_data	"{""question"":""M0066367"",""beginDate"":""2026-08-01"",""endDate"":""2026-08-28""}"	31d7136e001ecf8ac826e7a18bb1f330
2026-08-30T18:06:29.467+08:00[Asia/Shanghai]	144362983	query_economic_indicator_data	"{""question"":""M0066367"",""beginDate"":""2026-08-01"",""endDate"":""2026-08-28""}"	ba1fbd8ab142c127128ffb7598f959b5
2026-08-30T18:06:26.680+08:00[Asia/Shanghai]	144362983	query_economic_indicator_data	"{""question"":""M0066367"",""beginDate"":""2026-08-01"",""endDate"":""2026-08-28""}"	16e6bc917587127f801c318d05a958e6
2026-08-30T18:06:23.923+08:00[Asia/Shanghai]	144362983	query_economic_indicator_data	"{""question"":""M0066367"",""beginDate"":""2026-08-01"",""endDate"":""2026-08-28""}"	1710a7e70de8e760878bdfe00eba85f1
2026-08-30T18:05:59.594+08:00[Asia/Shanghai]	144362983	query_economic_indicator_data	"{""question"":""M0066367"",""beginDate"":""2026-08-01"",""endDate"":""2026-08-28""}"	97d3f6b7b779c4e6b3bb6f48e6bb5f14
2026-08-30T18:05:51.222+08:00[Asia/Shanghai]	144362983	query_economic_indicator_data	"{""question"":""M0066367"",""beginDate"":""2026-08-01"",""endDate"":""2026-08-28""}"	8fa4e116ab61d3a0f93a8378ff3b48bb
2026-08-30T18:05:50.288+08:00[Asia/Shanghai]	144362983	query_economic_indicator_data	"{""question"":""M0066367"",""beginDate"":""2026-08-01"",""endDate"":""2026-08-28""}"	2fc76b6e445b5659b20dcf85cf77466f
2026-08-30T18:05:48.033+08:00[Asia/Shanghai]	144362983	query_economic_indicator_data	"{""question"":""M0066367"",""beginDate"":""2026-08-01"",""endDate"":""2026-08-28""}"	1a0d40fc5db64e230f1c7a47b524346c
2026-08-30T18:05:41.637+08:00[Asia/Shanghai]	144362983	query_economic_indicator_data	"{""question"":""M0066367"",""beginDate"":""2026-08-01"",""endDate"":""2026-08-28""}"	6c7332b80b9203f062c2d93f7455ab33
2026-08-30T18:05:39.654+08:00[Asia/Shanghai]	144362983	query_economic_indicator_data	"{""question"":""M0066367"",""beginDate"":""2026-08-01"",""endDate"":""2026-08-28""}"	ce97ddef147028e3ce1a774bbaf9573a
2026-08-30T18:05:36.961+08:00[Asia/Shanghai]	144362983	query_economic_indicator_data	"{""question"":""M0066367"",""beginDate"":""2026-08-01"",""endDate"":""2026-08-28""}"	da4eff356505479b93541e2cfaeb14cd
2026-08-30T18:05:31.478+08:00[Asia/Shanghai]	144362983	query_economic_indicator_data	"{""question"":""M0066367"",""beginDate"":""2026-08-01"",""endDate"":""2026-08-28""}"	596ebdd23403cacfad85b8a50c6d1370
2026-08-30T18:05:30.464+08:00[Asia/Shanghai]	144362983	query_economic_indicator_data	"{""question"":""M0066367"",""beginDate"":""2026-08-01"",""endDate"":""2026-08-28""}"	32ec2ad3f50b24709e9300b5b47fb434
2026-08-30T18:05:25.896+08:00[Asia/Shanghai]	144362983	query_economic_indicator_data	"{""question"":""M0066367"",""beginDate"":""2026-08-01"",""endDate"":""2026-08-28""}"	dd9568f23ec279f2313eb748dc056612
2026-08-30T18:05:23.285+08:00[Asia/Shanghai]	144362983	query_economic_indicator_data	"{""question"":""M0066367"",""beginDate"":""2026-08-01"",""endDate"":""2026-08-28""}"	00763509d5d590a094e9f05a36790829
2026-08-30T18:05:20.694+08:00[Asia/Shanghai]	144362983	query_economic_indicator_data	"{""question"":""M0066367"",""beginDate"":""2026-08-01"",""endDate"":""2026-08-28""}"	f25860d0bcb981b30e5241da183c9c81
2026-08-30T18:05:18.004+08:00[Asia/Shanghai]	144362983	query_economic_indicator_data	"{""question"":""M0066367"",""beginDate"":""2026-08-01"",""endDate"":""2026-08-28""}"	3733e4e08618d8119e082bbe0fb77655
2026-08-30T18:04:01.242+08:00[Asia/Shanghai]	144362983	query_economic_indicator_data	"{""question"":""S0213050,M0066367,S0213049,Y4998629"",""beginDate"":""2022-08-01"",""endDate"":""2026-08-30""}"	a387f94206f88c6daea5049016b3a33c
2026-08-30T18:03:58.441+08:00[Asia/Shanghai]	144362983	query_economic_indicator_data	"{""question"":""S0213050,M0066367,S0213049,Y4998629"",""beginDate"":""2022-08-01"",""endDate"":""2026-08-30""}"	56d0bfa8fa72399e8eabe8ce32a03c25
2026-08-30T18:03:55.349+08:00[Asia/Shanghai]	144362983	query_economic_indicator_data	"{""question"":""S0213050,M0066367,S0213049,Y4998629"",""beginDate"":""2022-08-01"",""endDate"":""2026-08-30""}"	bbcee507a8d30ab6fbe2ea567265547d
2026-08-30T18:03:52.553+08:00[Asia/Shanghai]	144362983	query_economic_indicator_data	"{""question"":""S0213050,M0066367,S0213049,Y4998629"",""beginDate"":""2022-08-01"",""endDate"":""2026-08-30""}"	ae57be320112a2b2fa0484546c0cd244
2026-08-30T18:03:46.761+08:00[Asia/Shanghai]	144362983	query_economic_indicator_data	"{""question"":""S0213050,M0066367,S0213049,Y4998629"",""beginDate"":""2022-08-01"",""endDate"":""2026-08-30""}"	33dc96971fbb68070c6ff8e001d531f5
2026-08-30T18:03:44.087+08:00[Asia/Shanghai]	144362983	query_economic_indicator_data	"{""question"":""S0213050,M0066367,S0213049,Y4998629"",""beginDate"":""2022-08-01"",""endDate"":""2026-08-30""}"	e39aa09ebf9b6a4999f5c859519af899
2026-08-30T18:03:41.330+08:00[Asia/Shanghai]	144362983	query_economic_indicator_data	"{""question"":""S0213050,M0066367,S0213049,Y4998629"",""beginDate"":""2022-08-01"",""endDate"":""2026-08-30""}"	d1d76d68cdb80ac375d6e45c009fc916
2026-08-30T18:03:38.513+08:00[Asia/Shanghai]	144362983	query_economic_indicator_data	"{""question"":""S0213050,M0066367,S0213049,Y4998629"",""beginDate"":""2022-08-01"",""endDate"":""2026-08-30""}"	a4079d118bb08ffd83ab84737fed598f
2026-08-30T18:03:37.835+08:00[Asia/Shanghai]	144460061	query_economic_indicator_data	"{""question"":""M0000607,M0017129,G0004042,O1897683"",""beginDate"":""2005-01-01"",""endDate"":""2010-12-31""}"	9cabec76a3dc4e5acd19f02c7e363714
2026-08-30T18:03:32.725+08:00[Asia/Shanghai]	144362983	query_economic_indicator_data	"{""question"":""S0213050,M0066367,S0213049,Y4998629"",""beginDate"":""2022-08-01"",""endDate"":""2026-08-30""}"	c94c7c7a590e2e0b9e95ea80b77e3820
2026-08-30T18:03:30.025+08:00[Asia/Shanghai]	144362983	query_economic_indicator_data	"{""question"":""S0213050,M0066367,S0213049,Y4998629"",""beginDate"":""2022-08-01"",""endDate"":""2026-08-30""}"	592d09554d733a98f2407fb0f5e3209b
2026-08-30T18:03:27.220+08:00[Asia/Shanghai]	144362983	query_economic_indicator_data	"{""question"":""S0213050,M0066367,S0213049,Y4998629"",""beginDate"":""2022-08-01"",""endDate"":""2026-08-30""}"	791d51647bd721a00906a61928792a66
2026-08-30T18:03:24.567+08:00[Asia/Shanghai]	144362983	query_economic_indicator_data	"{""question"":""S0213050,M0066367,S0213049,Y4998629"",""beginDate"":""2022-08-01"",""endDate"":""2026-08-30""}"	87e07009445fb3471ad86f8f50690f05
2026-08-30T18:03:18.801+08:00[Asia/Shanghai]	144362983	query_economic_indicator_data	"{""question"":""S0213050,M0066367,S0213049,Y4998629"",""beginDate"":""2022-08-01"",""endDate"":""2026-08-30""}"	442f182e4a8d2b04d79d937c68892f49
2026-08-30T18:03:15.943+08:00[Asia/Shanghai]	144362983	query_economic_indicator_data	"{""question"":""S0213050,M0066367,S0213049,Y4998629"",""beginDate"":""2022-08-01"",""endDate"":""2026-08-30""}"	cdb2f15e8f1a81c6d805926bed89edde
2026-08-30T18:03:13.103+08:00[Asia/Shanghai]	144362983	query_economic_indicator_data	"{""question"":""S0213050,M0066367,S0213049,Y4998629"",""beginDate"":""2022-08-01"",""endDate"":""2026-08-30""}"	71eeccffbf22a95c893fa57d6e20e71c
2026-08-30T18:03:10.359+08:00[Asia/Shanghai]	144362983	query_economic_indicator_data	"{""question"":""S0213050,M0066367,S0213049,Y4998629"",""beginDate"":""2022-08-01"",""endDate"":""2026-08-30""}"	4eebe4dd9244ba293dbcf5702cc16a34
2026-08-30T18:03:04.578+08:00[Asia/Shanghai]	144362983	query_economic_indicator_data	"{""question"":""S0213050,M0066367,S0213049,Y4998629"",""beginDate"":""2022-08-01"",""endDate"":""2026-08-30""}"	ce7092f8adb63a0be56599bb7947a226
2026-08-30T18:03:01.896+08:00[Asia/Shanghai]	144362983	query_economic_indicator_data	"{""question"":""S0213050,M0066367,S0213049,Y4998629"",""beginDate"":""2022-08-01"",""endDate"":""2026-08-30""}"	11fa66cd5ee491bf271f2553e4184137
2026-08-30T18:02:58.679+08:00[Asia/Shanghai]	144362983	query_economic_indicator_data	"{""question"":""S0213050,M0066367,S0213049,Y4998629"",""beginDate"":""2022-08-01"",""endDate"":""2026-08-30""}"	60f12ac42cc6c4b3a0289bd30d3dd1d7
2026-08-30T18:02:57.513+08:00[Asia/Shanghai]	144460061	query_economic_indicator_data	"{""question"":""G0004042"",""beginDate"":""2005-01-01"",""endDate"":""2026-08-30""}"	8dde331080d8e6c3e091968bd508f445
2026-08-30T18:02:55.971+08:00[Asia/Shanghai]	144362983	query_economic_indicator_data	"{""question"":""S0213050,M0066367,S0213049,Y4998629"",""beginDate"":""2022-08-01"",""endDate"":""2026-08-30""}"	d2d3c3c2cf4591ea3c4f149468321a25
2026-08-30T18:02:50.134+08:00[Asia/Shanghai]	144362983	query_economic_indicator_data	"{""question"":""S0213050,M0066367,S0213049,Y4998629"",""beginDate"":""2022-08-01"",""endDate"":""2026-08-30""}"	af63d7f976d21c97cb748b200ebc472e
2026-08-30T18:02:47.444+08:00[Asia/Shanghai]	144362983	query_economic_indicator_data	"{""question"":""S0213050,M0066367,S0213049,Y4998629"",""beginDate"":""2022-08-01"",""endDate"":""2026-08-30""}"	7743e4c26b646ed3536ef78f03be1105
2026-08-30T18:02:44.692+08:00[Asia/Shanghai]	144362983	query_economic_indicator_data	"{""question"":""S0213050,M0066367,S0213049,Y4998629"",""beginDate"":""2022-08-01"",""endDate"":""2026-08-30""}"	02c03a9dac878ba6c728b8f7852617f6
2026-08-30T18:02:41.373+08:00[Asia/Shanghai]	144362983	query_economic_indicator_data	"{""question"":""S0213050,M0066367,S0213049,Y4998629"",""beginDate"":""2022-08-01"",""endDate"":""2026-08-30""}"	9f709733961f1a14b3f0a194c0432db4
2026-08-30T18:02:32.340+08:00[Asia/Shanghai]	144460061	query_economic_indicator_data	"{""question"":""M0017129"",""beginDate"":""2005-01-01"",""endDate"":""2026-08-30""}"	bab0f2a980b28ada664937e70cf25192
2026-08-30T18:02:26.846+08:00[Asia/Shanghai]	144460061	query_economic_indicator_data	"{""question"":""M0000607"",""beginDate"":""2005-01-01"",""endDate"":""2026-08-30""}"	977b480767ecb02ad98bed2b8e0bc9bc
2026-08-30T18:02:10.661+08:00[Asia/Shanghai]	144460061	search_economic_indicator	"{""question"":""财新中国制造业采购经理指数PMI""}"	ee86a697e63b89b572e4625f090e71cf
2026-08-30T18:00:58.703+08:00[Asia/Shanghai]	144460061	search_economic_indicator	"{""question"":""财新制造业PMI 新出口订单""}"	e5b255900b7a768efb8a7f41575eb360
2026-08-30T18:00:57.425+08:00[Asia/Shanghai]	144460061	search_economic_indicator	"{""question"":""越南出口金额同比 月度""}"	2d3e06d7392f9098d409ecef9f3a90b0
2026-08-30T18:00:27.892+08:00[Asia/Shanghai]	144460061	search_economic_indicator	"{""question"":""中国官方制造业PMI 新出口订单 分项指数""}"	cee317d3327bcfda23f1504b0a7d6c90
2026-08-30T18:00:20.548+08:00[Asia/Shanghai]	144460061	search_economic_indicator	"{""question"":""中国出口金额 美元 当月同比 海关总署""}"	30170978aa9e0df6db524e6c1b58908a
2026-08-30T18:00:13.393+08:00[Asia/Shanghai]	144433647	search_economic_indicator	"{""question"":""请为“中国市场汽车改性塑料生产”搜索直接相关的量价与经营指标候选。环节说明：中国境内，针对聚丙烯（PP）、ABS及聚碳酸酯（PC）等基础树脂进行填充、增强、阻燃或合金化改性加工，生产具备高强度、耐热性及良好外观特性的乘用车内外饰专用改性塑料。核心对象：改性PP、改性ABS、PC/ABS合金。排除针对单一公司的指标。""}"	f57a2898ed97b5ed1346d9598176daed
2026-08-30T17:59:58.016+08:00[Asia/Shanghai]	144433647	search_economic_indicator	"{""question"":""请为“中国市场聚氨酯发泡材料生产”搜索直接相关的量价与经营指标候选。环节说明：中国境内，利用异氰酸酯与多元醇等原料通过化学反应合成聚氨酯发泡体，为汽车座椅发泡海绵、仪表板缓冲层及门内板衬垫提供具备减振、隔音及舒适触感的软质或半硬质发泡材料。核心对象：聚氨酯发泡材料、PU发泡块料。排除针对单一公司的指标。""}"	56c1c214cbc775ec8cf6201f7e35f2c6
2026-08-30T17:59:54.053+08:00[Asia/Shanghai]	144433647	search_economic_indicator	"{""question"":""请为“中国市场乘用车座椅总成装配”搜索直接相关的量价与经营指标候选。环节说明：中国境内，将座椅金属骨架、发泡海绵坐垫、皮革或织物蒙皮、调节机构及轨道等零部件装配为完整的汽车座椅总成。核心对象：汽车座椅总成。排除针对单一公司的指标。""}"	09d863af42104c55429b6d7e8fc747af
2026-08-30T17:59:43.003+08:00[Asia/Shanghai]	144460061	search_economic_indicator	"{""question"":""中国出口金额当月同比 美元计价""}"	15002f3d9c90c45d759eaa39601f199a
2026-08-30T17:59:20.229+08:00[Asia/Shanghai]	144433647	search_economic_indicator	"{""question"":""请为“中国市场乘用车仪表板总成装配”搜索直接相关的量价与经营指标候选。环节说明：中国境内，将仪表板骨架、包覆表皮、空调出风口、储物盒及线束支架等零部件组装成为高度集成的仪表板总成模块化产品。核心对象：仪表板总成。排除针对单一公司的指标。""}"	310dcea27a06732073d6eb266c9781a1
2026-08-30T17:59:12.146+08:00[Asia/Shanghai]	144433647	search_economic_indicator	"{""question"":""请为“中国市场乘用车内外饰表皮包覆”搜索直接相关的量价与经营指标候选。环节说明：中国境内，对注塑成型的内饰基础件表面进行搪塑成型、聚氨酯发泡及皮革、织物等柔性材料的包覆与贴合处理，以提升乘坐舒适度与视觉触觉质感。核心对象：包覆内饰件。排除针对单一公司的指标。""}"	3d78f9f0bbb93b4974fca6ef34d018fe
2026-08-30T17:58:59.601+08:00[Asia/Shanghai]	144433647	search_economic_indicator	"{""question"":""请为“中国市场乘用车保险杠总成装配”搜索直接相关的量价与经营指标候选。环节说明：中国境内，将保险杠蒙皮、吸能盒、防撞梁支架、格栅及外部雷达传感器外壳等零配件模块化装配成为完整的保险杠总成并进行质量检测交付。核心对象：保险杠总成。排除针对单一公司的指标。""}"	442520a0dc667a2d495544ca82f66659
2026-08-30T17:58:43.076+08:00[Asia/Shanghai]	144433647	search_economic_indicator	"{""question"":""请为“中国市场乘用车内饰外饰制造”搜索直接相关的量价与经营指标候选。环节说明：中国境内，各类乘用车内饰外饰零部件的制造企业。核心对象：注塑模具、冲压模具。排除针对单一公司的指标。""}"	51176f5bf81f3306ae8918413dab5ae5
2026-08-30T17:58:42.666+08:00[Asia/Shanghai]	144433647	search_economic_indicator	"{""question"":""请为“中国市场乘用车内外饰注塑成型”搜索直接相关的量价与经营指标候选。环节说明：中国境内，利用注塑机及注塑模具，将改性塑料（如PP、ABS等）融化后注入模腔，成型为乘用车内部及外部的硬质基础零部件或装饰件。核心对象：内外饰注塑基础件、骨架件。排除针对单一公司的指标。""}"	d0124e8b5228bc7aa542baddb3e555af
2026-08-30T17:58:37.604+08:00[Asia/Shanghai]	144457581	query_economic_indicator_data	"{""question"":""M0001383,M5525763"",""beginDate"":""2026-07-26"",""endDate"":""2026-08-30""}"	ca985c7aee79bca2dd2a5c1ad5f4d8fc
2026-08-30T17:58:36.887+08:00[Asia/Shanghai]	144457581	query_economic_indicator_data	"{""question"":""DR007"",""beginDate"":""2026-08-23"",""endDate"":""2026-08-30""}"	c5dcd0fd85fa031758556e0e521f79e2
2026-08-30T17:58:32.573+08:00[Asia/Shanghai]	144457581	query_economic_indicator_data	"{""question"":""M0075992"",""beginDate"":""2026-08-22"",""endDate"":""2026-08-30""}"	55251497269191e24fa51eb7579cc26e
2026-08-30T17:57:17.703+08:00[Asia/Shanghai]	144457581	query_economic_indicator_data	"{""question"":""M0001383,M5525763"",""beginDate"":""2026-07-26"",""endDate"":""2026-08-30""}"	de3c8ce3cc396ed70ed0df49b9e428e8
2026-08-30T17:57:17.103+08:00[Asia/Shanghai]	144457581	query_economic_indicator_data	"{""question"":""DR007"",""beginDate"":""2026-08-23"",""endDate"":""2026-08-30""}"	61714ab993f411be5c7984ce72025db8
2026-08-30T17:57:16.472+08:00[Asia/Shanghai]	144457581	query_economic_indicator_data	"{""question"":""M0075992"",""beginDate"":""2026-08-22"",""endDate"":""2026-08-30""}"	70bbcf38e22824e03dbad48ca0d42e02
2026-08-30T17:56:16.509+08:00[Asia/Shanghai]	140340387	query_economic_indicator_data	"{""question"":""中国国债收益率30年"",""observation"":""10""}"	267f47044bc677828560edd38a2c2b9e
2026-08-30T17:54:10.683+08:00[Asia/Shanghai]	144433647	search_economic_indicator	"{""question"":""请为“中国市场乘用车底盘集成”搜索直接相关的量价与经营指标候选。环节说明：中国境内，将行驶、转向、制动、传动等子系统集成为完整的乘用车底盘总成，包含面向高级别自动驾驶的线控底盘模块及高度集成的滑板底盘解决方案，直接交付给乘用车整车厂。核心对象：乘用车线控底盘总成、乘用车底盘系统(新能源或燃油车)。排除针对单一公司的指标。""}"	ee6cd208a9e2c2e0c4afbda1ec4f3bc6
2026-08-30T17:54:03.932+08:00[Asia/Shanghai]	144433647	search_economic_indicator	"{""question"":""请为“中国市场乘用车制动系统制造”搜索直接相关的量价与经营指标候选。环节说明：涵盖传统盘式制动器及线控制动系统（如EHB、EMB）的生产，负责汽车纵向（X轴）运动及刹车控制，是自动驾驶安全底盘的关键冗余部件。核心对象：线控制动系统(EHB/EMB)、电子驻车系统(EPB)、基础制动器。排除针对单一公司的指标。""}"	966ef8af6f4d0986598b98046abe7d8a
2026-08-30T17:54:03.195+08:00[Asia/Shanghai]	144433647	search_economic_indicator	"{""question"":""请为“中国市场乘用车行驶系统制造”搜索直接相关的量价与经营指标候选。环节说明：中国境内，包括副车架、控制臂、减震器以及智能化的空气悬架系统（Air Suspension）等行驶系统部件的生产制造，负责车身垂向（Z轴）控制，缓冲振动并保持车辆平稳行驶。核心对象：乘用车悬架。排除针对单一公司的指标。""}"	aa2ad0ea42cfdfe1defc64a00c55fde9
2026-08-30T17:53:58.286+08:00[Asia/Shanghai]	144130585	search_economic_indicator	"{""question"":""中国规模以上工业企业化学原料和化学制品制造业产成品存货月度指标""}"	ab732211205a33f8f9c43d9370f9bb36
2026-08-30T17:53:50.164+08:00[Asia/Shanghai]	144433647	search_economic_indicator	"{""question"":""请为“中国市场乘用车转向系统制造”搜索直接相关的量价与经营指标候选。环节说明：中国境内，包括电动助力转向（EPS）及面向高级别自动驾驶的线控转向系统（Steer-by-Wire）的制造，负责汽车横向（Y轴）运动控制。核心对象：转向系统。排除针对单一公司的指标。""}"	22b382c784a682b1d17314ddf8289f62
2026-08-30T17:53:37.067+08:00[Asia/Shanghai]	144433647	search_economic_indicator	"{""question"":""请为“中国市场底盘电动执行器制造”搜索直接相关的量价与经营指标候选。环节说明：中国境内，研发与制造适用于乘用车底盘转向、制动及悬架等子系统的执行机构，支撑线控底盘与智能悬架的精准执行。具体产品包括：电动执行器、转向执行器等。核心对象：底盘电动执行器。排除针对单一公司的指标。""}"	9526e8622c6d2a4a27443418e390af65
2026-08-30T17:53:33.374+08:00[Asia/Shanghai]	144433647	search_economic_indicator	"{""question"":""请为“中国市场底盘铝合金零件”搜索直接相关的量价与经营指标候选。环节说明：中国境内，采用压铸及挤压铸造等工艺生产乘用车底盘铝合金铸件，包括：铝合金副车架、转向节、控制臂等轻量化零部件，实现底盘减重与结构集成。核心对象：底盘铝合金铸件。排除针对单一公司的指标。""}"	85af309b95dc27e622293da457e26006
2026-08-30T17:53:02.399+08:00[Asia/Shanghai]	144130585	search_economic_indicator	"{""question"":""欧盟或欧元区化学工业、化学品制造业产成品库存判断、库存水平、库存指数、库存景气的月度指标""}"	49ce8d690a5d1c9d116cf8c1b7bc5fa9
2026-08-30T17:52:32.394+08:00[Asia/Shanghai]	144433647	search_economic_indicator	"{""question"":""请为“中国市场乘用车转向系统制造”搜索直接相关的量价与经营指标候选。环节说明：中国境内，包括电动助力转向（EPS）及面向高级别自动驾驶的线控转向系统（Steer-by-Wire）的制造，负责汽车横向（Y轴）运动控制。核心对象：转向系统。排除针对单一公司的指标。""}"	819f3dcd03170d3dc5752e389f4ae380
2026-08-30T17:52:25.742+08:00[Asia/Shanghai]	144130585	search_economic_indicator	"{""question"":""欧盟或欧元区化学工业、化学品制造业产成品库存判断、库存水平、库存指数、库存景气的月度指标""}"	e6bece74ab82eca19f6f79d49866a0a2
2026-08-30T17:52:20.188+08:00[Asia/Shanghai]	116044445	query_economic_indicator_data	"{""question"":""北向资金净流入"",""observation"":""500""}"	592b785132c8b6166e143441d36d808d
2026-08-30T17:52:10.763+08:00[Asia/Shanghai]	116044445	query_economic_indicator_data	"{""question"":""A股融资融券余额"",""observation"":""500""}"	36c130914de6b5e7baf10335a0e8d5aa
2026-08-30T17:52:05.837+08:00[Asia/Shanghai]	144433647	search_economic_indicator	"{""question"":""请为“中国市场乘用车底盘集成”搜索直接相关的量价与经营指标候选。环节说明：中国境内，将行驶、转向、制动、传动等子系统集成为完整的乘用车底盘总成，包含面向高级别自动驾驶的线控底盘模块及高度集成的滑板底盘解决方案，直接交付给乘用车整车厂。核心对象：乘用车线控底盘总成、乘用车底盘系统(新能源或燃油车)。排除针对单一公司的指标。""}"	ead393ddec0fff7b7802688994cfc196
2026-08-30T17:52:00.602+08:00[Asia/Shanghai]	144433647	search_economic_indicator	"{""question"":""请为“中国市场底盘电动执行器制造”搜索直接相关的量价与经营指标候选。环节说明：中国境内，研发与制造适用于乘用车底盘转向、制动及悬架等子系统的执行机构，支撑线控底盘与智能悬架的精准执行。具体产品包括：电动执行器、转向执行器等。核心对象：底盘电动执行器。排除针对单一公司的指标。""}"	82c2e431cd7a4fdbd8af4745aee26259
2026-08-30T17:51:52.554+08:00[Asia/Shanghai]	116044445	query_economic_indicator_data	"{""question"":""M1001653"",""beginDate"":""2015-01-01"",""endDate"":""2026-08-30""}"	cbf283e8c50f3912372ec90efd863708
2026-08-30T17:51:40.112+08:00[Asia/Shanghai]	144433647	search_economic_indicator	"{""question"":""请为“中国市场乘用车制动系统制造”搜索直接相关的量价与经营指标候选。环节说明：涵盖传统盘式制动器及线控制动系统（如EHB、EMB）的生产，负责汽车纵向（X轴）运动及刹车控制，是自动驾驶安全底盘的关键冗余部件。核心对象：线控制动系统(EHB/EMB)、电子驻车系统(EPB)、基础制动器。排除针对单一公司的指标。""}"	b56e96aa6e71a1a8a5a899e185b75ad1
2026-08-30T17:51:40.061+08:00[Asia/Shanghai]	144433647	search_economic_indicator	"{""question"":""请为“中国市场底盘铝合金零件”搜索直接相关的量价与经营指标候选。环节说明：中国境内，采用压铸及挤压铸造等工艺生产乘用车底盘铝合金铸件，包括：铝合金副车架、转向节、控制臂等轻量化零部件，实现底盘减重与结构集成。核心对象：底盘铝合金铸件。排除针对单一公司的指标。""}"	29501e4ffce7dbcba161a97639b6f566
2026-08-30T17:51:37.218+08:00[Asia/Shanghai]	116044445	query_economic_indicator_data	"{""question"":""M1001650"",""beginDate"":""2015-01-01"",""endDate"":""2026-08-30""}"	e847a12a384fb6e6481aa5bcbcdf9347
2026-08-30T17:51:28.015+08:00[Asia/Shanghai]	116044445	query_economic_indicator_data	"{""question"":""创业板指指数市盈率TTM"",""beginDate"":""2010-01-01"",""endDate"":""2026-08-30""}"	99f82cdbc832b8d4508caef58837c50f
2026-08-30T17:51:14.919+08:00[Asia/Shanghai]	116044445	query_economic_indicator_data	"{""question"":""沪深300指数股息率"",""beginDate"":""2010-01-01"",""endDate"":""2026-08-30""}"	7b7c7d254bcbeba269d00366fad486a2
2026-08-30T17:50:33.377+08:00[Asia/Shanghai]	116044445	query_economic_indicator_data	"{""question"":""中国铁矿石价格指数CIOPI"",""beginDate"":""2010-01-01"",""endDate"":""2026-08-30""}"	5011eb0b0f933fa2a204854b2624ac90
2026-08-30T17:50:28.702+08:00[Asia/Shanghai]	140340387	query_economic_indicator_data	"{""question"":""中国国债收益率10年"",""observation"":""10""}"	db76815b108fd5bced4b39fbec06354e
2026-08-30T17:50:24.861+08:00[Asia/Shanghai]	116044445	query_economic_indicator_data	"{""question"":""英国布伦特原油期货价格"",""beginDate"":""2010-01-01"",""endDate"":""2026-08-30""}"	831748357ddc5339a544afae816172ef
2026-08-30T17:49:57.876+08:00[Asia/Shanghai]	116044445	query_economic_indicator_data	"{""question"":""中国存款准备金率大型金融机构"",""beginDate"":""2010-01-01"",""endDate"":""2026-08-30""}"	215de0f71cefd7c3c90db64f9fb291d9
2026-08-30T17:49:52.079+08:00[Asia/Shanghai]	116044445	query_economic_indicator_data	"{""question"":""美国30年期国债收益率"",""beginDate"":""2010-01-01"",""endDate"":""2026-08-30""}"	797b894d274979dd462968c1717c659b
2026-08-30T17:49:49.028+08:00[Asia/Shanghai]	116044445	query_economic_indicator_data	"{""question"":""中国国债到期收益率1年"",""beginDate"":""2010-01-01"",""endDate"":""2026-08-30""}"	d989bc94872b69181ef888642f12c03d
2026-08-30T17:49:48.396+08:00[Asia/Shanghai]	116044445	query_economic_indicator_data	"{""question"":""美国标普500指数市盈率"",""beginDate"":""2010-01-01"",""endDate"":""2026-08-30""}"	ee02cb49aba48bda797642bd32ba3295
2026-08-30T17:49:43.982+08:00[Asia/Shanghai]	116044445	query_economic_indicator_data	"{""question"":""创业板指指数市净率"",""beginDate"":""2010-01-01"",""endDate"":""2026-08-30""}"	6faaf9fc00f16146ded1fe30d1885f16
2026-08-30T17:49:40.611+08:00[Asia/Shanghai]	116044445	query_economic_indicator_data	"{""question"":""M1005972"",""beginDate"":""2010-01-01"",""endDate"":""2026-08-30""}"	eea309f19b33efe9ef31aa43d85c2443
2026-08-30T17:49:37.857+08:00[Asia/Shanghai]	116044445	query_economic_indicator_data	"{""question"":""创业板指指数市盈率TTM"",""beginDate"":""2010-01-01"",""endDate"":""2026-08-30""}"	c1b15f84d55f608f3e227767af4ae2dc
2026-08-30T17:49:30.192+08:00[Asia/Shanghai]	116044445	query_economic_indicator_data	"{""question"":""沪深300指数股息率"",""beginDate"":""2010-01-01"",""endDate"":""2026-08-30""}"	4e4ff60fa33fbf31043f282b8ca03d19
2026-08-30T17:49:28.574+08:00[Asia/Shanghai]	116044445	query_economic_indicator_data	"{""question"":""中证500指数市净率"",""beginDate"":""2010-01-01"",""endDate"":""2026-08-30""}"	01cb3fd969fbec4e75f8bd922c7b29e7
2026-08-30T17:49:27.255+08:00[Asia/Shanghai]	116044445	query_economic_indicator_data	"{""question"":""中证500指数市盈率TTM"",""beginDate"":""2010-01-01"",""endDate"":""2026-08-30""}"	3bef4e46bf85312048002ed12450b34e
2026-08-30T17:49:23.973+08:00[Asia/Shanghai]	116044445	query_economic_indicator_data	"{""question"":""日本CPI消费者价格指数当月同比"",""beginDate"":""2010-01-01"",""endDate"":""2026-08-30""}"	d5559463d88c44392a23373aaf926c27
2026-08-30T17:49:11.977+08:00[Asia/Shanghai]	116044445	query_economic_indicator_data	"{""question"":""美国联邦基金目标利率"",""beginDate"":""2010-01-01"",""endDate"":""2026-08-30""}"	8a115d9104da323e5409a8ff30ef7eb2
2026-08-30T17:49:08.388+08:00[Asia/Shanghai]	116044445	query_economic_indicator_data	"{""question"":""中国动力煤价格指数CCI"",""beginDate"":""2010-01-01"",""endDate"":""2026-08-30""}"	e47afa02c805af818fa3cfced2fc0d72
2026-08-30T17:48:59.476+08:00[Asia/Shanghai]	116044445	query_economic_indicator_data	"{""question"":""中国铁矿石价格指数CIOPI"",""beginDate"":""2010-01-01"",""endDate"":""2026-08-30""}"	5580c670e78a81c45453211c98b4c03b
2026-08-30T17:48:58.188+08:00[Asia/Shanghai]	116044445	query_economic_indicator_data	"{""question"":""中国70个大中城市二手住宅价格指数当月同比"",""beginDate"":""2010-01-01"",""endDate"":""2026-08-30""}"	421e8ea34c61bf21d1609bb08afb7ea0
2026-08-30T17:48:57.869+08:00[Asia/Shanghai]	116044445	query_economic_indicator_data	"{""question"":""英国布伦特原油期货价格"",""beginDate"":""2010-01-01"",""endDate"":""2026-08-30""}"	8f702a149a5f82fded0601986e46cedf
2026-08-30T17:48:56.098+08:00[Asia/Shanghai]	116044445	query_economic_indicator_data	"{""question"":""中国城镇调查失业率"",""beginDate"":""2010-01-01"",""endDate"":""2026-08-30""}"	ffd21d9d5fb07c315c2ca8333d25095d
2026-08-30T17:48:53.527+08:00[Asia/Shanghai]	116044445	query_economic_indicator_data	"{""question"":""中国进口金额当月同比按美元计"",""beginDate"":""2010-01-01"",""endDate"":""2026-08-30""}"	5b03d47f6e69af85ca2f05b3b08b5ce7
2026-08-30T17:48:47.032+08:00[Asia/Shanghai]	116044445	query_economic_indicator_data	"{""question"":""中国固定资产投资完成额累计同比"",""beginDate"":""2010-01-01"",""endDate"":""2026-08-30""}"	da5b607a71aee0468f85293e1fedcb03
2026-08-30T17:48:46.759+08:00[Asia/Shanghai]	116044445	query_economic_indicator_data	"{""question"":""中国固定资产投资基础设施建设累计同比"",""beginDate"":""2010-01-01"",""endDate"":""2026-08-30""}"	d235c182ee401be6c5bc71ec602e051a
2026-08-30T17:48:41.112+08:00[Asia/Shanghai]	116044445	query_economic_indicator_data	"{""question"":""中国M2货币供应量同比"",""beginDate"":""2010-01-01"",""endDate"":""2026-08-30""}"	664408f170649111ac9b2fd067d21eef
2026-08-30T17:48:39.526+08:00[Asia/Shanghai]	116044445	query_economic_indicator_data	"{""question"":""M0017126"",""beginDate"":""2010-01-01"",""endDate"":""2026-08-30""}"	22c33a1a2904634da132a450273936da
2026-08-30T17:48:36.205+08:00[Asia/Shanghai]	116044445	query_economic_indicator_data	"{""question"":""中国非制造业PMI商务活动指数"",""beginDate"":""2010-01-01"",""endDate"":""2026-08-30""}"	c8d538ec3cf8f1c1a8b1175db7cd5e5b
2026-08-30T17:48:33.110+08:00[Asia/Shanghai]	116044445	query_economic_indicator_data	"{""question"":""M0000612"",""beginDate"":""2010-01-01"",""endDate"":""2026-08-30""}"	8c7d775801204039647661b86bd1a9a1
2026-08-30T17:48:27.425+08:00[Asia/Shanghai]	116044445	query_economic_indicator_data	"{""question"":""中国GDP不变价当季同比"",""beginDate"":""2010-01-01"",""endDate"":""2026-08-30""}"	191d062d4e12e012837dd7b708ea098d
2026-08-30T17:48:23.785+08:00[Asia/Shanghai]	116044445	query_economic_indicator_data	"{""question"":""中国存款准备金率大型金融机构"",""beginDate"":""2010-01-01"",""endDate"":""2026-08-30""}"	5462636cfed860fb954aff4009f8ad92
2026-08-30T17:48:23.645+08:00[Asia/Shanghai]	116044445	query_economic_indicator_data	"{""question"":""M0096870"",""beginDate"":""2010-01-01"",""endDate"":""2026-08-30""}"	4430e72ae45f2d0b1c0f7af4e725d195
2026-08-30T17:48:23.615+08:00[Asia/Shanghai]	116044445	query_economic_indicator_data	"{""question"":""M1001654"",""beginDate"":""2010-01-01"",""endDate"":""2026-08-30""}"	95f0d0fcb55f4233ed40e7d4ed2225d0
2026-08-30T17:47:48.695+08:00[Asia/Shanghai]	144104465	search_economic_indicator	"{""question"":""日本银行业净息差 NIM、银行部门净利息边际、上市银行净息差""}"	c88502ae4d6b9afdc6c466fd226698be
2026-08-30T17:47:26.394+08:00[Asia/Shanghai]	143956382	search_economic_indicator	"{""question"":""中国锦纶长丝FDY现货价格、PA6民用锦纶长丝价格""}"	b1c1c88ec4e10e6d228b0951ba509507
2026-08-30T17:46:56.427+08:00[Asia/Shanghai]	143956382	search_economic_indicator	"{""question"":""中国己内酰胺现货价格、锦纶长丝价格、锦纶库存、PA6切片价格""}"	f0869bf818bedb3b738849b077c4e629
2026-08-30T17:46:51.798+08:00[Asia/Shanghai]	143971469	search_economic_indicator	"{""question"":""CBA01532 中债 比值 财富 净价 指数""}"	af744ab57ead56d024c0ffceb683a6d6
2026-08-30T17:45:43.887+08:00[Asia/Shanghai]	144460061	query_economic_indicator_data	"{""question"":""S0073300,S0029657,S2707411"",""beginDate"":""2011-01-01"",""endDate"":""2026-08-31""}"	50cf535dfbf65417fca9cdbbfe4b9967
2026-08-30T17:45:38.073+08:00[Asia/Shanghai]	144460061	query_economic_indicator_data	"{""question"":""S0073300,S0029657,S2707411"",""beginDate"":""2000-01-01"",""endDate"":""2010-12-31""}"	79a5f973f537c2518f40c153f5647953
2026-08-30T17:45:27.435+08:00[Asia/Shanghai]	116371632	query_economic_indicator_data	"{""question"":""美国:PCE:同比"",""beginDate"":""2021-01-01"",""endDate"":""2021-12-31""}"	5070884217b4f26de11793f66f35bce3
2026-08-30T17:45:12.300+08:00[Asia/Shanghai]	116371632	query_economic_indicator_data	"{""question"":""G1100004"",""beginDate"":""2020-01-01"",""endDate"":""2022-12-31""}"	86b339beaa65507db51aa8ec5220c605
2026-08-30T17:45:09.590+08:00[Asia/Shanghai]	143774036	search_economic_indicator	"{""question"":""民爆行业 民用爆破 指数""}"	dca67ce5e722fbee2034ce59e35b49ca
2026-08-30T17:45:05.880+08:00[Asia/Shanghai]	144460061	search_economic_indicator	"{""question"":""房地产开发投资完成额累计同比""}"	7c85ae535582c9a43c9619d68abff8e8
2026-08-30T17:44:57.623+08:00[Asia/Shanghai]	116371632	search_economic_indicator	"{""question"":""美国PCE价格指数季调 美国WTI原油现货价格 美国非农就业人数增加值""}"	df3c7ec9151b02dea9631065bd58c832
2026-08-30T17:44:22.129+08:00[Asia/Shanghai]	144457581	query_economic_indicator_data	"{""question"":""M0001383,M5525763"",""beginDate"":""2026-07-26"",""endDate"":""2026-08-30""}"	8c6447835893c84c9d7af42e8284631b
2026-08-30T17:44:21.391+08:00[Asia/Shanghai]	144457581	query_economic_indicator_data	"{""question"":""DR007"",""beginDate"":""2026-08-23"",""endDate"":""2026-08-30""}"	f9b1bcaedbcefd596d19bbf3c467977f
2026-08-30T17:44:20.643+08:00[Asia/Shanghai]	144457581	query_economic_indicator_data	"{""question"":""M0075992"",""beginDate"":""2026-08-22"",""endDate"":""2026-08-30""}"	33acca5a51ee765cb5ce2ca07c8b91a9
2026-08-30T17:44:16.365+08:00[Asia/Shanghai]	116371632	search_economic_indicator	"{""question"":""美国非农就业人数变动季调 美国PCE价格指数 美国高收益债券利差OAS""}"	88405b0d668833675f42af91246b32df
2026-08-30T17:43:49.693+08:00[Asia/Shanghai]	116371632	query_economic_indicator_data	"{""question"":""M1001787,M1001791,G0000893,M0000271,G0001699"",""beginDate"":""2026-07-01"",""endDate"":""2026-08-29""}"	240171f5db8217612d0ebf839035626a
2026-08-30T17:43:49.673+08:00[Asia/Shanghai]	116371632	search_economic_indicator	"{""question"":""美国非农就业人数变动 美国PCE环比 美国M2同比 美国高收益债利差 美国投资级信用利差""}"	161c16283471d17069d9a8a999d15f97
2026-08-30T17:43:33.199+08:00[Asia/Shanghai]	116371632	query_economic_indicator_data	"{""question"":""G1100004,G1100005,G0000067"",""beginDate"":""2025-01-01"",""endDate"":""2026-08-30""}"	df861cb766d79be038920acec968183b
2026-08-30T17:43:09.385+08:00[Asia/Shanghai]	143774036	search_economic_indicator	"{""question"":""申万民爆行业指数 民爆用品""}"	bc48e57559e8920c8da93feb95cfa9ed
2026-08-30T17:42:41.958+08:00[Asia/Shanghai]	143774036	query_economic_indicator_data	"{""question"":""M5440435"",""beginDate"":""2026-07-01"",""endDate"":""2026-08-30""}"	8545d9443ed6aa53014a67093d1e5e21
2026-08-30T17:42:28.525+08:00[Asia/Shanghai]	143774036	search_economic_indicator	"{""question"":""固定资产投资基础设施投资累计同比""}"	36aa87cb190feb8ca1e4d1cd885cfd63
2026-08-30T17:42:16.988+08:00[Asia/Shanghai]	144295451	query_economic_indicator_data	"{""question"":""上海黄金交易所黄金Au9999现货收盘价日度数据"",""beginDate"":""2007-01-01"",""endDate"":""2026-08-28"",""targetFrequency"":""日""}"	cda9eebd6b9b926ba6a23edaf08f20c7
2026-08-30T17:42:06.369+08:00[Asia/Shanghai]	143774036	search_economic_indicator	"{""question"":""M0049262 申万民爆行业指数""}"	ade64478ef441ccedd8408c06f836775
2026-08-30T17:41:36.610+08:00[Asia/Shanghai]	144364111	query_economic_indicator_data	"{""question"":""S0059749,S0059747"",""beginDate"":""2025-01-01"",""endDate"":""2026-08-30""}"	9235712466fea040cee8390b8e8a512d
2026-08-30T17:41:09.485+08:00[Asia/Shanghai]	144364111	search_economic_indicator	"{""question"":""10年期国债活跃券到期收益率（连续）和5年期国债活跃券到期收益率（连续）""}"	5b94351800d1bfe37b400bca2323dad0
2026-08-30T17:40:24.148+08:00[Asia/Shanghai]	143774036	query_economic_indicator_data	"{""question"":""M1001654"",""beginDate"":""2026-08-20"",""endDate"":""2026-08-30""}"	8e8d9ccd9abaafed55646d5351a0d401
2026-08-30T17:40:13.306+08:00[Asia/Shanghai]	143774036	search_economic_indicator	"{""question"":""中国10年期国债收益率""}"	15e285c7f72eb44041f5fae043db277a
2026-08-30T17:40:09.226+08:00[Asia/Shanghai]	144423980	query_economic_indicator_data	"{""question"":""中国PPI全部工业品出厂价格同比"",""beginDate"":""2021-08-31"",""endDate"":""2026-08-30""}"	5b211803c273e035a372534318e551b2
2026-08-30T17:40:05.884+08:00[Asia/Shanghai]	144364111	search_economic_indicator	"{""question"":""中国银行间市场10年期国债活跃券（连续）到期收益率、5年期国债活跃券（连续）到期收益率""}"	95f158d7574dd11c948f4f33b95c84eb
2026-08-30T17:40:02.178+08:00[Asia/Shanghai]	144423980	query_economic_indicator_data	"{""question"":""中国国债到期收益率10年"",""beginDate"":""2021-08-31"",""endDate"":""2026-08-30""}"	45d33c882f61f3eb94cdd626ba41c1a4
2026-08-30T17:39:57.593+08:00[Asia/Shanghai]	143774036	query_economic_indicator_data	"{""question"":""G0000520"",""beginDate"":""2026-08-24"",""endDate"":""2026-08-30""}"	7c4482b196d7be7ec6b0eb1e08cd6c4e
2026-08-30T17:39:51.777+08:00[Asia/Shanghai]	144423980	query_economic_indicator_data	"{""question"":""DR007加权平均利率"",""beginDate"":""2021-08-31"",""endDate"":""2026-08-30""}"	d3a64639d2973e10406b634e631139f5
2026-08-30T17:39:19.914+08:00[Asia/Shanghai]	144423980	query_economic_indicator_data	"{""question"":""中国固定资产投资完成额累计同比"",""beginDate"":""2021-08-31"",""endDate"":""2026-08-30""}"	aa6cd59cb95d5bb93ceb48f883c7faa8
2026-08-30T17:38:49.678+08:00[Asia/Shanghai]	143971469	query_economic_indicator_data	"{""question"":""M1010688"",""beginDate"":""2026-08-23"",""endDate"":""2026-08-30""}"	3e12d2caaebd3c9b6e4dd4840eb84753
2026-08-30T17:38:04.476+08:00[Asia/Shanghai]	144104465	search_economic_indicator	"{""question"":""美国标普500股票回购总额、日本TOPIX股票回购总额、欧洲STOXX600股票回购总额、中国沪深300股票回购总额；上市公司现金分红总额；股东回报总额""}"	812c4d21fb11dc60347f4c7fa5b442b4
2026-08-30T17:36:52.121+08:00[Asia/Shanghai]	143971469	query_economic_indicator_data	"{""question"":""M1010688"",""beginDate"":""2026-08-23"",""endDate"":""2026-08-30""}"	2f4e6e4cccffa432e84e1d5b27bdd926
2026-08-30T17:35:42.552+08:00[Asia/Shanghai]	144457578	query_economic_indicator_data	"{""question"":""S0253859,S0253912,S0253965,S0254018"",""beginDate"":""2015-01-01"",""endDate"":""2026-07-31""}"	98e88c49b8a9e029692b151191c8b337
2026-08-30T17:34:38.061+08:00[Asia/Shanghai]	144457578	search_economic_indicator	"{""question"":""东部地区 中部 西部 房屋新开工面积 办公楼 累计值""}"	c947b7214943e683926ba5ddb3a34e02
2026-08-30T17:34:31.211+08:00[Asia/Shanghai]	144457578	search_economic_indicator	"{""question"":""中部地区 西部地区 东北地区 房屋新开工面积 商业营业用房 累计值""}"	82a8452ae3d2ec68127c10cbaa57a79f
2026-08-30T17:34:17.599+08:00[Asia/Shanghai]	144457578	search_economic_indicator	"{""question"":""上海 商业营业用房 新开工面积""}"	08bd9f7aeaa9d6920a8b245db8e17be7
2026-08-30T17:33:59.556+08:00[Asia/Shanghai]	144457578	search_economic_indicator	"{""question"":""东部地区 商业营业用房 新开工面积""}"	8957d0104fcc110559e0d9eb8fba2e50
2026-08-30T17:32:57.596+08:00[Asia/Shanghai]	144460061	query_economic_indicator_data	"{""question"":""M0017126"",""beginDate"":""2005-01-01"",""endDate"":""2010-12-31""}"	e7c3306401cfda114e29d040940bf749
2026-08-30T17:32:33.493+08:00[Asia/Shanghai]	144258228	search_economic_indicator	"{""question"":""布伦特原油期货结算价""}"	67e50a8abbf237dc44155f11bebb8f7f
2026-08-30T17:32:32.670+08:00[Asia/Shanghai]	144460061	query_economic_indicator_data	"{""question"":""M0039354"",""beginDate"":""2000-01-01"",""endDate"":""2026-08-31""}"	9c3f7015f250cafd830f1563936a118e
2026-08-30T17:32:28.899+08:00[Asia/Shanghai]	144460061	query_economic_indicator_data	"{""question"":""M0017126"",""beginDate"":""2005-01-01"",""endDate"":""2026-08-31""}"	7a343bfc5b8c532d577ef8727f3b002a
2026-08-30T17:31:59.808+08:00[Asia/Shanghai]	144460061	search_economic_indicator	"{""question"":""中国实际GDP当季同比增速指标""}"	df1d953cfdfd6f4a65bec4907999398b
2026-08-30T17:31:44.469+08:00[Asia/Shanghai]	144460061	search_economic_indicator	"{""question"":""中国官方制造业PMI月度指标""}"	463d71c64e53f8b3811b7713c6082937
2026-08-30T17:31:31.763+08:00[Asia/Shanghai]	144457581	query_economic_indicator_data	"{""question"":""M0001383,M5525763"",""beginDate"":""2016-01-01"",""endDate"":""2026-08-30""}"	f14d4a4ac8c684118848ddd1c076b662
2026-08-30T17:31:31.014+08:00[Asia/Shanghai]	144457581	query_economic_indicator_data	"{""question"":""DR007"",""beginDate"":""2016-01-01"",""endDate"":""2026-08-30""}"	d52772695c247aea7f2ea20ca9f43d8d
2026-08-30T17:31:30.277+08:00[Asia/Shanghai]	144457581	query_economic_indicator_data	"{""question"":""M0075992"",""beginDate"":""2016-01-01"",""endDate"":""2026-08-30""}"	fda108f9f59b9d7dc962ccd81ce4a5b2
2026-08-30T17:29:44.221+08:00[Asia/Shanghai]	144459267	query_economic_indicator_data	"{""question"":""M0014960"",""beginDate"":""2008-01-01"",""endDate"":""2009-12-31""}"	149170e3c2771db773a6607a6bb6b632
2026-08-30T17:29:06.854+08:00[Asia/Shanghai]	144459267	query_economic_indicator_data	"{""question"":""M0014976"",""beginDate"":""2008-01-01"",""endDate"":""2009-12-31""}"	3185d891e18170e76aedd6fe513017ba
2026-08-30T17:28:58.514+08:00[Asia/Shanghai]	144459267	query_economic_indicator_data	"{""question"":""M0014968"",""beginDate"":""2008-01-01"",""endDate"":""2009-12-31""}"	e64086cb41c73bdb696c89fcf72b46aa
2026-08-30T17:28:55.757+08:00[Asia/Shanghai]	144104465	query_economic_indicator_data	"{""question"":""国际清算银行 中国 杠杆率 非金融企业部门"",""beginDate"":""2006-01-01"",""endDate"":""2010-12-31""}"	563d60f205220a0fdb5a0a4f5aaa27ca
2026-08-30T17:28:54.137+08:00[Asia/Shanghai]	144459267	query_economic_indicator_data	"{""question"":""M0014964"",""beginDate"":""2008-01-01"",""endDate"":""2009-12-31""}"	d50ee539bbd29a120ded6f748ee5a067
2026-08-30T17:28:31.688+08:00[Asia/Shanghai]	144104465	query_economic_indicator_data	"{""question"":""中国杠杆率非金融企业部门季度数据"",""beginDate"":""2006-01-01"",""endDate"":""2010-12-31""}"	268631159723fd444dccea210204db37
2026-08-30T17:28:28.407+08:00[Asia/Shanghai]	144459267	query_economic_indicator_data	"{""question"":""M0014948"",""beginDate"":""2008-01-01"",""endDate"":""2009-12-31""}"	d6af06fd7e44bcf94e0708522b49d1c3
2026-08-30T17:28:24.147+08:00[Asia/Shanghai]	144459267	query_economic_indicator_data	"{""question"":""M0014944"",""beginDate"":""2008-01-01"",""endDate"":""2009-12-31""}"	0789af4a4ceb84b9bf43da3dbae73ca7
2026-08-30T17:28:09.784+08:00[Asia/Shanghai]	144459267	query_economic_indicator_data	"{""question"":""M0014932"",""beginDate"":""2008-01-01"",""endDate"":""2009-12-31""}"	c61e87da6b2e7be6707536b364494b82
2026-08-30T17:28:02.918+08:00[Asia/Shanghai]	144104465	query_economic_indicator_data	"{""question"":""G4902550"",""beginDate"":""2006-01-01"",""endDate"":""2010-12-31""}"	216f742d702869473f2990a1e9d8ff0c
2026-08-30T17:27:58.912+08:00[Asia/Shanghai]	144459267	query_economic_indicator_data	"{""question"":""M0014924"",""beginDate"":""2008-01-01"",""endDate"":""2009-12-31""}"	c1d21233f58fd0610ce8068530655cfa
2026-08-30T17:27:56.288+08:00[Asia/Shanghai]	144104465	query_economic_indicator_data	"{""question"":""G4902535"",""beginDate"":""2011-01-01"",""endDate"":""2026-08-30""}"	4c4e222932854d670a975117464ecc6b
2026-08-30T17:27:54.080+08:00[Asia/Shanghai]	144459267	query_economic_indicator_data	"{""question"":""M0014920"",""beginDate"":""2008-01-01"",""endDate"":""2009-12-31""}"	3707c5caeba2728492da18a29e4a8903
2026-08-30T17:27:43.075+08:00[Asia/Shanghai]	144459267	query_economic_indicator_data	"{""question"":""M0014912"",""beginDate"":""2008-01-01"",""endDate"":""2009-12-31""}"	ebad5c1cdbf97f94f4c337fb1e2a01c8
2026-08-30T17:27:38.313+08:00[Asia/Shanghai]	144459267	query_economic_indicator_data	"{""question"":""M0014908"",""beginDate"":""2008-01-01"",""endDate"":""2009-12-31""}"	23823420fb4e9079973dee27b3ef979a
2026-08-30T17:27:33.097+08:00[Asia/Shanghai]	144459267	query_economic_indicator_data	"{""question"":""M0014904"",""beginDate"":""2008-01-01"",""endDate"":""2009-12-31""}"	57f3510521229388ca6d94b7cd8a748d
2026-08-30T17:27:24.923+08:00[Asia/Shanghai]	144459267	query_economic_indicator_data	"{""question"":""M0014896"",""beginDate"":""2008-01-01"",""endDate"":""2009-12-31""}"	ebdeb978a0b629ab00e07d468eb80414
2026-08-30T17:27:04.366+08:00[Asia/Shanghai]	144104465	query_economic_indicator_data	"{""question"":""G4902550"",""beginDate"":""2006-01-01"",""endDate"":""2026-08-30""}"	a376fb162725d328ac6c6b8dc5fd2c29
2026-08-30T17:26:57.116+08:00[Asia/Shanghai]	144459267	query_economic_indicator_data	"{""question"":""M0014872"",""beginDate"":""2008-01-01"",""endDate"":""2009-12-31""}"	a70a884a2330a6bab6f3bec7da9ff583
2026-08-30T17:26:42.609+08:00[Asia/Shanghai]	144459267	query_economic_indicator_data	"{""question"":""M0014860"",""beginDate"":""2008-01-01"",""endDate"":""2009-12-31""}"	a414b5c6cd90b1b84c8effd661ea9441
2026-08-30T17:26:42.137+08:00[Asia/Shanghai]	144104465	query_economic_indicator_data	"{""question"":""G4902533"",""beginDate"":""2006-01-01"",""endDate"":""2026-08-30""}"	a16e01664c59b65c7a306bb5bc40b584
2026-08-30T17:24:32.437+08:00[Asia/Shanghai]	144459267	query_economic_indicator_data	"{""question"":""M0014924,M0014928,M0014932,M0014936,M0014940,M0014944,M0014948,M0014952"",""beginDate"":""2008-01-01"",""endDate"":""2009-12-31""}"	427ba6578b1d4b646868ba663b882244
2026-08-30T17:24:13.171+08:00[Asia/Shanghai]	144459267	query_economic_indicator_data	"{""question"":""M0014860,M0014864,M0014868,M0014872,M0014876,M0014880,M0014884,M0014888"",""beginDate"":""2008-01-01"",""endDate"":""2009-12-31""}"	04e5912b4cb5985c1d8b61364f957aa4
2026-08-30T17:19:10.237+08:00[Asia/Shanghai]	143922247	query_economic_indicator_data	"{""question"":""M5786900"",""beginDate"":""2018-01-01"",""endDate"":""2026-08-30""}"	ee2e4b06dcc58266fb5e47ce8a2b3a9d
2026-08-30T17:17:00.637+08:00[Asia/Shanghai]	140281596	query_economic_indicator_data	"{""question"":""M0017126"",""observation"":""60""}"	18238ff952e82466c82a0fcb48682ac1
2026-08-30T17:13:36.947+08:00[Asia/Shanghai]	141303256	search_economic_indicator	"{""question"":""碳酸锂价格""}"	d2577b71758c2452f91aa3d141691b7d
2026-08-30T17:13:18.665+08:00[Asia/Shanghai]	141303256	search_economic_indicator	"{""question"":""电池级碳酸锂现货价格""}"	5bd0b54076358eaebf134a96d6070f4f
2026-08-30T17:12:22.290+08:00[Asia/Shanghai]	143506917	query_economic_indicator_data	"{""question"":""焦化企业230家开工率"",""beginDate"":""2026-07-01"",""endDate"":""2026-08-30""}"	7bbad2dca730d80fd77dd78dace12c53
2026-08-30T17:12:18.495+08:00[Asia/Shanghai]	144130585	query_economic_indicator_data	"{""question"":""G1137316"",""beginDate"":""2000-01-01"",""endDate"":""2026-08-30""}"	440ce84c2429c6952061fb460ec62b95
2026-08-30T17:11:59.752+08:00[Asia/Shanghai]	143506917	query_economic_indicator_data	"{""question"":""水泥发运率"",""beginDate"":""2026-07-01"",""endDate"":""2026-08-30""}"	506c3dcdebd06b3571b6bf77a51713b4
2026-08-30T17:11:59.441+08:00[Asia/Shanghai]	143506917	query_economic_indicator_data	"{""question"":""建筑钢材成交量"",""beginDate"":""2026-07-01"",""endDate"":""2026-08-30""}"	2dc9eebaf54c6b00428ec1bbb39a4553
2026-08-30T17:11:54.743+08:00[Asia/Shanghai]	144130585	search_economic_indicator	"{""question"":""S&P Global Sector PMI Chemicals 全球化学品行业PMI""}"	f364de056fce1da46095a7a44b41041b
2026-08-30T17:11:52.619+08:00[Asia/Shanghai]	143506917	query_economic_indicator_data	"{""question"":""沥青开工率"",""beginDate"":""2026-07-01"",""endDate"":""2026-08-30""}"	4ed6446bfa924e7206fbe954211827dc
2026-08-30T17:11:29.255+08:00[Asia/Shanghai]	143506917	query_economic_indicator_data	"{""question"":""焦化开工率(230家)"",""beginDate"":""2026-07-01"",""endDate"":""2026-08-30""}"	d767f37340220f516f125af771d0a8c8
2026-08-30T17:10:52.581+08:00[Asia/Shanghai]	144130585	search_economic_indicator	"{""question"":""全球制造业PMI 产成品库存 采购库存""}"	cbd2947781a6d7f3e55bbe418e0cec77
2026-08-30T17:10:45.499+08:00[Asia/Shanghai]	143506917	search_economic_indicator	"{""question"":""焦化企业开工率""}"	01e83e950ee528d50d4a99658ba72d1d
2026-08-30T17:09:25.111+08:00[Asia/Shanghai]	144130585	search_economic_indicator	"{""question"":""美国化学制品制造业 库存 出货 库存销售比 NAICS 325 Census M3""}"	fa60a318fd3565bc5910d02d50387e36
2026-08-30T17:09:04.782+08:00[Asia/Shanghai]	144130585	search_economic_indicator	"{""question"":""J.P. Morgan 标普全球制造业PMI 采购品库存 产成品库存 全球 monthly stocks of purchases finished goods""}"	ec4d4857f75d0eef2961078909cd7a4b
2026-08-30T17:08:11.415+08:00[Asia/Shanghai]	110634389	query_economic_indicator_data	"{""question"":""M0000187"",""observation"":""1""}"	a6dd9ede24506774589ca922dee281a3
2026-08-30T17:07:14.495+08:00[Asia/Shanghai]	144432639	search_economic_indicator	"{""question"":""全球黄金ETF总持仓量 吨 2003""}"	920546865b4ccb0eb32e5e894797bccc
2026-08-30T17:06:42.526+08:00[Asia/Shanghai]	144456724	query_economic_indicator_data	"{""question"":""SI.GFE"",""beginDate"":""2026-08-03"",""endDate"":""2026-08-28""}"	ebc1e2e15af698b4d86924b1ad19d5fb
2026-08-30T17:06:28.011+08:00[Asia/Shanghai]	144456724	query_economic_indicator_data	"{""question"":""TA.CZC"",""beginDate"":""2026-08-03"",""endDate"":""2026-08-28""}"	3708644e5b152dcada46a40ccfb90539
2026-08-30T17:06:06.384+08:00[Asia/Shanghai]	144456724	query_economic_indicator_data	"{""question"":""MA.CZC"",""beginDate"":""2026-08-03"",""endDate"":""2026-08-28""}"	b0c9bf18938f03d132bed322a2c93c87
2026-08-30T17:05:38.800+08:00[Asia/Shanghai]	144456724	query_economic_indicator_data	"{""question"":""FG.CZC"",""beginDate"":""2026-08-03"",""endDate"":""2026-08-28""}"	079be12355100838f69e5ed743cb7543
2026-08-30T17:05:29.252+08:00[Asia/Shanghai]	115136967	search_economic_indicator	"{""question"":""港元兑人民币即期汇率或中间价日度""}"	27ff77f3b1c33903c8978fa4bf17918d
2026-08-30T17:04:49.749+08:00[Asia/Shanghai]	143971469	search_economic_indicator	"{""question"":""银行间质押式回购加权利率 1个月 R1M""}"	301ac111480acdc9ef7420637d89815a
2026-08-30T17:04:19.803+08:00[Asia/Shanghai]	143971469	search_economic_indicator	"{""question"":""GC007 上交所 国债逆回购""}"	65571e4104a3c5d95c4c710e0773a5f0
2026-08-30T17:04:13.247+08:00[Asia/Shanghai]	133257703	query_economic_indicator_data	"{""question"":""S0031525"",""beginDate"":""2000-01-01"",""endDate"":""2026-08-20""}"	3eb0328eb667d8fe863fa80f22170f9a
2026-08-30T17:04:11.361+08:00[Asia/Shanghai]	144456724	query_economic_indicator_data	"{""question"":""NH0100.NHF"",""beginDate"":""2026-08-03"",""endDate"":""2026-08-28""}"	a939f06261a052083c1e17c01aa26548
2026-08-30T17:04:10.079+08:00[Asia/Shanghai]	133257703	query_economic_indicator_data	"{""question"":""S0180938"",""beginDate"":""2000-01-01"",""endDate"":""2026-08-20""}"	8e415b0ca1f8ad37c8ac1851d104e134
2026-08-30T17:04:09.815+08:00[Asia/Shanghai]	115136967	search_economic_indicator	"{""question"":""COMEX黄金活跃合约结算价日度美元每盎司""}"	d7275a6a249b65f82eb107611617a16e
2026-08-30T17:01:16.025+08:00[Asia/Shanghai]	114151497	search_economic_indicator	"{""question"":""社会融资规模增量""}"	ddda36e46019d0b2bf97ae09bdc3789a
2026-08-30T17:00:07.245+08:00[Asia/Shanghai]	144130585	search_economic_indicator	"{""question"":""隆众资讯 全球化工品库存 化工品库存指数 社会库存综合指标""}"	77e3bfdbe589c4c59afdabaee966772c
2026-08-30T16:59:41.358+08:00[Asia/Shanghai]	141762327	search_economic_indicator	"{""question"":""中国工业生产者出厂价格指数PPI当月同比""}"	f289b8c3af3914de31f0dc187cb41e89
2026-08-30T16:59:17.680+08:00[Asia/Shanghai]	114151497	search_economic_indicator	"{""question"":""中国利润总额规模以上工业企业累计值""}"	76c35774a4fd32c99812f0ec174393cb
2026-08-30T16:58:12.512+08:00[Asia/Shanghai]	114151497	search_economic_indicator	"{""question"":""社会融资规模存量""}"	8e943e27fef6b1b78801a59f099ea862
2026-08-30T16:57:02.960+08:00[Asia/Shanghai]	143583673	query_economic_indicator_data	"{""question"":""M0067855"",""beginDate"":""2026-06-01"",""endDate"":""2026-08-28""}"	98ca4565dc5bfdb1f5525845fe5197f2
2026-08-30T16:56:56.414+08:00[Asia/Shanghai]	143583673	search_economic_indicator	"{""question"":""美元兑人民币日频即期汇率，1美元折合人民币""}"	8a2d0515459015e12432c4134e0120ac
2026-08-30T16:56:51.540+08:00[Asia/Shanghai]	114151497	search_economic_indicator	"{""question"":""美国国债收益率2年""}"	a14a1310795b2f8d819fa1011ec56da8
2026-08-30T16:56:31.172+08:00[Asia/Shanghai]	142776049	query_economic_indicator_data	"{""question"":""G1100004"",""observation"":""6""}"	05acb1042b7793aa3dfc409c7506a2f1
2026-08-30T16:56:24.664+08:00[Asia/Shanghai]	142776049	query_economic_indicator_data	"{""question"":""G1100004"",""observation"":""6""}"	90b5c759de37a019d28284388bf78927
2026-08-30T16:56:19.521+08:00[Asia/Shanghai]	114151497	search_economic_indicator	"{""question"":""中国一般公共预算支出当月值""}"	50c29501dfed019645f899552fe9dc3d
2026-08-30T16:54:05.271+08:00[Asia/Shanghai]	143583673	search_economic_indicator	"{""question"":""港币兑人民币日频即期汇率，1港币折合人民币""}"	dd1ae43de3483a14103e2c0e8f275931
2026-08-30T16:53:32.313+08:00[Asia/Shanghai]	133257703	query_economic_indicator_data	"{""question"":""S0180938"",""beginDate"":""2020-04-15"",""endDate"":""2020-04-24""}"	1974a8d48bdcd8f1900e9ee3c0bb4f6d
2026-08-30T16:52:56.806+08:00[Asia/Shanghai]	133257703	search_economic_indicator	"{""question"":""原油期货可投资指数每日收盘""}"	70993fd8cbf8e443f1bc07f393c8b08b
2026-08-30T16:52:37.686+08:00[Asia/Shanghai]	133257703	search_economic_indicator	"{""question"":""标普GSCI原油指数总收益日频""}"	3399f4c3c984285467d45cfe498aec5f
2026-08-30T16:51:44.905+08:00[Asia/Shanghai]	133257703	search_economic_indicator	"{""question"":""ICE Brent布伦特原油期货活跃合约日结算价""}"	2987bd8ac5a96df232889909249888db
2026-08-30T16:51:20.979+08:00[Asia/Shanghai]	144130585	query_economic_indicator_data	"{""question"":""Z8548885"",""beginDate"":""2018-01-01"",""endDate"":""2026-08-30""}"	2216c434cd32092d068a936b0090a324
2026-08-30T16:50:56.448+08:00[Asia/Shanghai]	144130585	search_economic_indicator	"{""question"":""美国化工产品制造业出货额季调月度指标""}"	4d345fad39cab9a841ff6ab577bc0257
2026-08-30T16:50:48.885+08:00[Asia/Shanghai]	133257703	search_economic_indicator	"{""question"":""WTI原油现货价格和纽约WTI原油期货连续合约每日结算价指标""}"	fb581f53c0affa0ccfcdae67939ab00b
2026-08-30T16:50:37.128+08:00[Asia/Shanghai]	144130585	search_economic_indicator	"{""question"":""美国化工产品制造业存货额季调月度指标""}"	30aa3e525c8e60e96f1534cebfd4d551
2026-08-30T16:49:21.018+08:00[Asia/Shanghai]	143950653	search_economic_indicator	"{""question"":""港币兑人民币中间价或即期汇率""}"	fef38138cc65a889a8ac5d94d515da6f
2026-08-30T16:48:14.950+08:00[Asia/Shanghai]	144130585	search_economic_indicator	"{""question"":""OECD总计产成品库存现状指数制造业季调月度""}"	c2a298b24bd420b23101b54139a6d295
2026-08-30T16:47:50.806+08:00[Asia/Shanghai]	144456724	query_economic_indicator_data	"{""question"":""USDX.FX"",""beginDate"":""2024-08-30"",""endDate"":""2026-08-30""}"	9a2e9e7bee422823f4f10cb645b24894
2026-08-30T16:46:39.536+08:00[Asia/Shanghai]	144130585	query_economic_indicator_data	"{""question"":""G1137316"",""beginDate"":""2018-01-01"",""endDate"":""2026-08-30""}"	3556d73f24f3dfaaf5e0506978235b68
2026-08-30T16:46:18+08:00[Asia/Shanghai]	144459267	query_economic_indicator_data	"{""question"":""M0014956,M0014960,M0014964,M0014968,M0014972,M0014976,M0014980"",""beginDate"":""2010-01-01"",""endDate"":""2024-12-31""}"	c733410e69ef24d0eccb1e7dc4d64a77
2026-08-30T16:45:40.475+08:00[Asia/Shanghai]	144130585	search_economic_indicator	"{""question"":""欧盟欧元区化学品制造业产成品库存工业信心调查库存判断NACE20月度指标""}"	1b06d1104682007bf5282d1bf660c329
2026-08-30T16:45:12.734+08:00[Asia/Shanghai]	144130585	search_economic_indicator	"{""question"":""中国工业企业化学原料及化学制品制造业产成品存货累计同比""}"	8e59a8a8fd91a5f19ab470c54dbbbe6f
2026-08-30T16:44:52+08:00[Asia/Shanghai]	144459267	query_economic_indicator_data	"{""question"":""M0014956,M0014960,M0014964,M0014968,M0014972,M0014976,M0014980"",""beginDate"":""2010-01-01"",""endDate"":""2024-12-31""}"	7f44b408628b05f56f79854657c76f38
2026-08-30T16:44:40.429+08:00[Asia/Shanghai]	144130585	search_economic_indicator	"{""question"":""中国化学原料和化学制品制造业产成品存货同比产成品库存库存销售比月度指标""}"	17ab116753a02d20b5a6474c28f56573
2026-08-30T16:44:30.121+08:00[Asia/Shanghai]	140281596	query_economic_indicator_data	"{""question"":""M0017126"",""observation"":""60""}"	de03594107a8c9ce56178562935380bc
2026-08-30T16:44:29.003+08:00[Asia/Shanghai]	141150523	query_economic_indicator_data	"{""beginDate"":""2015-01-05"",""endDate"":""2026-08-28"",""question"":""M0076000""}"	7f91ec007ad8bffac62415d06a4c0874
2026-08-30T16:44:25.568+08:00[Asia/Shanghai]	141150523	query_economic_indicator_data	"{""beginDate"":""2015-01-01"",""endDate"":""2026-08-28"",""question"":""M0076000""}"	ec45e02390cfe969aacf361a8f1136ab
2026-08-30T16:44:15.871+08:00[Asia/Shanghai]	144459267	query_economic_indicator_data	"{""question"":""M0014860,M0014864,M0014868,M0014872,M0014876,M0014880,M0014884,M0014888"",""beginDate"":""2010-01-01"",""endDate"":""2024-12-31""}"	f8ef4f9c78bc633207eb996dd8f0915e
2026-08-30T16:43:33.064+08:00[Asia/Shanghai]	144130585	search_economic_indicator	"{""question"":""全球制造业PMI新订单指数、产成品库存指数、采购品库存指数、采购量指数以及新订单与库存差相关指标""}"	51955ac939d955ba6c71b5e8d0746011
2026-08-30T16:42:38.901+08:00[Asia/Shanghai]	140281596	query_economic_indicator_data	"{""question"":""M0017126"",""observation"":""60""}"	d682a11e419b57b6a12a398c0ea4a5bc
2026-08-30T16:41:54.501+08:00[Asia/Shanghai]	144459267	search_economic_indicator	"{""question"":""各省年末常住人口""}"	e4d40581879b1bca211efc8ada29e93d
2026-08-30T16:41:39.084+08:00[Asia/Shanghai]	144459267	search_economic_indicator	"{""question"":""各省行政区域面积""}"	012cb7c1d7d9db5da1f0e2647abcebcf
2026-08-30T16:41:32.711+08:00[Asia/Shanghai]	144432639	query_economic_indicator_data	"{""question"":""S0035819"",""beginDate"":""2013-01-01"",""endDate"":""2026-08-30""}"	f305638466e2eae719c50d6a4f55ceb3
2026-08-30T16:39:57.995+08:00[Asia/Shanghai]	141150523	query_economic_indicator_data	"{""question"":""中国:融资融券:市场平均担保比例"",""beginDate"":""2015-01-01"",""endDate"":""2026-08-28""}"	9e89639cb114a4e24c6efb62ea4e38c5
2026-08-30T16:39:51.252+08:00[Asia/Shanghai]	112797388	query_economic_indicator_data	"{""question"":""中国规模以上工业增加值当月同比"",""beginDate"":""2026-05-01"",""endDate"":""2026-08-30""}"	73d845dd7f6781a29ffd84455010d835
2026-08-30T16:39:50.351+08:00[Asia/Shanghai]	141150523	query_economic_indicator_data	"{""question"":""M0076000"",""beginDate"":""2024-01-01"",""endDate"":""2026-08-28""}"	580c5690fde257476688eef9e2ba0711
2026-08-30T16:39:48.973+08:00[Asia/Shanghai]	112797388	query_economic_indicator_data	"{""question"":""中国社会消费品零售总额当月同比"",""beginDate"":""2026-05-01"",""endDate"":""2026-08-30""}"	017679a143355493b7b9a599b1a70d08
2026-08-30T16:39:46.254+08:00[Asia/Shanghai]	112797388	query_economic_indicator_data	"{""question"":""中国固定资产投资完成额累计同比"",""beginDate"":""2026-05-01"",""endDate"":""2026-08-30""}"	cc38c7efd6eef0b917a6c03c4283bc5e
2026-08-30T16:39:43.571+08:00[Asia/Shanghai]	112797388	query_economic_indicator_data	"{""question"":""美元兑人民币汇率"",""beginDate"":""2026-08-01"",""endDate"":""2026-08-30""}"	c9b76f234a7207b45455094cf28b49d4
2026-08-30T16:39:43.422+08:00[Asia/Shanghai]	141150523	query_economic_indicator_data	"{""question"":""M0076000"",""beginDate"":""2015-01-01"",""endDate"":""2026-08-28""}"	7aa025716765d973a5c59a066b46f941
2026-08-30T16:39:43.289+08:00[Asia/Shanghai]	112145123	query_economic_indicator_data	"{""observation"":3,""question"":""港元兑人民币汇率(HKDCNY)中间价""}"	a640aa09b3d2912c7eca012de9c71dcb
2026-08-30T16:39:42.808+08:00[Asia/Shanghai]	144456724	search_economic_indicator	"{""question"":""澳元兑美元即期汇率""}"	7eb92ef7f86237069c9fd00c6be9c1f9
2026-08-30T16:39:42.348+08:00[Asia/Shanghai]	112145123	query_economic_indicator_data	"{""observation"":3,""question"":""中国10年期国债到期收益率""}"	39d5bdbbb1f4c38279fdf86f00bf32b5
2026-08-30T16:39:41.082+08:00[Asia/Shanghai]	112797388	query_economic_indicator_data	"{""question"":""布伦特原油现货价格"",""beginDate"":""2026-08-01"",""endDate"":""2026-08-30""}"	50b674c43f3b87990fdda6b25cde702a
2026-08-30T16:39:40.069+08:00[Asia/Shanghai]	144456724	search_economic_indicator	"{""question"":""AUDUSD""}"	e25ec33637e6bf9e9d3a934dc7365ce6
2026-08-30T16:39:38.764+08:00[Asia/Shanghai]	112797388	query_economic_indicator_data	"{""question"":""中国10年期国债到期收益率"",""beginDate"":""2026-08-01"",""endDate"":""2026-08-30""}"	7a2909e7b089583e176a21f8c35bf2ac
2026-08-30T16:39:21.586+08:00[Asia/Shanghai]	141150523	query_economic_indicator_data	"{""question"":""M0076000"",""beginDate"":""2015-01-01"",""endDate"":""2026-08-28""}"	ed95790cfff3cff43d18b201a8cc9052
2026-08-30T16:39:06.270+08:00[Asia/Shanghai]	141150523	query_economic_indicator_data	"{""question"":""M0076000"",""beginDate"":""2026-08-01"",""endDate"":""2026-08-28""}"	8f165af3ef2491d71001f4d51186d4d7
2026-08-30T16:38:51.340+08:00[Asia/Shanghai]	144456724	query_economic_indicator_data	"{""question"":""USDJPY.FX"",""beginDate"":""2026-08-03"",""endDate"":""2026-08-28""}"	cf49f534227eeb9e064ac3558553f8ba
2026-08-30T16:38:44.750+08:00[Asia/Shanghai]	144456724	query_economic_indicator_data	"{""question"":""USDINR.FX"",""beginDate"":""2026-08-03"",""endDate"":""2026-08-28""}"	7e4870a78bded091944c1298bf765179
2026-08-30T16:38:37.780+08:00[Asia/Shanghai]	144456724	query_economic_indicator_data	"{""question"":""USDX.FX"",""beginDate"":""2026-08-03"",""endDate"":""2026-08-28""}"	28d17f6f8aec6a3a094bf2cf561fe3d0
2026-08-30T16:38:18.487+08:00[Asia/Shanghai]	112145123	query_economic_indicator_data	"{""question"":""港元兑人民币汇率(HKDCNY)最新值，2026年8月25日至8月28日""}"	e5d3ba2f5560f68ea6e209aaab075076
2026-08-30T16:37:17.989+08:00[Asia/Shanghai]	114112362	query_economic_indicator_data	"{""question"":""中债国债到期收益率10年"",""beginDate"":""2026-08-01"",""endDate"":""2026-08-29""}"	e4b35e883eaf8d9e1b96f860bc8bb7cf
2026-08-30T16:36:48.176+08:00[Asia/Shanghai]	144459267	query_economic_indicator_data	"{""question"":""M5457385"",""beginDate"":""2005-01-01"",""endDate"":""2025-12-31""}"	8d2f4ce5d4f28d3b3201247120c010e7
2026-08-30T16:35:53.490+08:00[Asia/Shanghai]	144459267	search_economic_indicator	"{""question"":""新疆营业网点""}"	e69e03d631afa67dab1e878de5d24bf4
2026-08-30T16:34:05.665+08:00[Asia/Shanghai]	144459267	query_economic_indicator_data	"{""question"":""M5456161,M5456219,M5456277,M5456335,M5456393,M5456451,M5456505,M5456559"",""beginDate"":""2005-01-01"",""endDate"":""2025-12-31""}"	9ee9513a8142ce98e136661a88733d6f
2026-08-30T16:32:03.679+08:00[Asia/Shanghai]	140281596	query_economic_indicator_data	"{""question"":""M0017126"",""observation"":""60""}"	79be201e62e70e899d8214d81dd4dfbd
2026-08-30T16:31:55.927+08:00[Asia/Shanghai]	140281596	query_economic_indicator_data	"{""question"":""M0017126"",""observation"":""60""}"	192179ff00c3823e36a8046da27a10ad
2026-08-30T16:31:36.931+08:00[Asia/Shanghai]	143890555	query_economic_indicator_data	"{""question"":""美元兑韩元汇率"",""beginDate"":""2026-08-20"",""endDate"":""2026-08-25""}"	f1ce3cbb8ee550418780b0386b66cd0a
2026-08-30T16:31:08.306+08:00[Asia/Shanghai]	142776049	query_economic_indicator_data	"{""question"":""G1100004"",""observation"":""6""}"	8145083436c288fdc8a563f034996e07
2026-08-30T16:30:04.775+08:00[Asia/Shanghai]	144432639	search_economic_indicator	"{""question"":""黄金ETF 持仓量 亚洲 中国 日本 印度 吨 月度""}"	8c03c873c15e1e1bf80d7f2162db98d5
2026-08-30T16:28:41.848+08:00[Asia/Shanghai]	144421904	query_economic_indicator_data	"{""question"":""M1001654"",""beginDate"":""2019-01-01"",""endDate"":""2022-12-31""}"	1181be315febb2687972611ecfb4b64e
2026-08-30T16:28:38.275+08:00[Asia/Shanghai]	144421904	query_economic_indicator_data	"{""question"":""M1001654"",""beginDate"":""2015-01-01"",""endDate"":""2018-12-31""}"	d7e1cbb0e2ad0e27e1ba3a3967fd9352
2026-08-30T16:28:34.643+08:00[Asia/Shanghai]	144421904	query_economic_indicator_data	"{""question"":""M1001654"",""beginDate"":""2011-01-01"",""endDate"":""2014-12-31""}"	639c2632246c656bfe6f102b8af23951
2026-08-30T16:27:56.327+08:00[Asia/Shanghai]	144432639	query_economic_indicator_data	"{""question"":""A5098963"",""beginDate"":""2000-01-01"",""endDate"":""2026-08-30""}"	a1e68f2434d294c9260838975b0e81ef
2026-08-30T16:27:29.249+08:00[Asia/Shanghai]	144432639	search_economic_indicator	"{""question"":""中国:持仓量(吨):黄金ETF""}"	cbaf1de69b88f794786f4772da4886cd
2026-08-30T16:27:14.250+08:00[Asia/Shanghai]	144432639	search_economic_indicator	"{""question"":""全球黄金ETF持仓量 吨""}"	1657cb06fcff03eda712e3f0f23539c9
2026-08-30T16:26:39.897+08:00[Asia/Shanghai]	143506917	search_economic_indicator	"{""question"":""电厂日均耗煤 六大发电集团""}"	4801321afca0a18a88a0cf96d5290588
2026-08-30T16:26:37.689+08:00[Asia/Shanghai]	143506917	query_economic_indicator_data	"{""question"":""中国开工率汽车轮胎全钢胎"",""beginDate"":""2026-07-01"",""endDate"":""2026-08-30""}"	e07f1ca448ce61ecec485274e238022a
2026-08-30T16:25:32.387+08:00[Asia/Shanghai]	143585118	search_economic_indicator	"{""question"":""碳酸锂加权指数""}"	feb306016d1103b5856386af2830860f
2026-08-30T16:25:30.963+08:00[Asia/Shanghai]	143506917	search_economic_indicator	"{""question"":""PTA开工率 聚酯 开工""}"	32c28605c90c0c5300b9f67d544fff44
2026-08-30T16:25:20.170+08:00[Asia/Shanghai]	143506917	query_economic_indicator_data	"{""question"":""高炉开工率247家"",""beginDate"":""2026-07-01"",""endDate"":""2026-08-30""}"	f9fca9e8983e5d160b32ccc03b34ae51
2026-08-30T16:25:05.896+08:00[Asia/Shanghai]	143506917	query_economic_indicator_data	"{""question"":""中国开工率汽车轮胎半钢胎 S6124651"",""beginDate"":""2026-07-01"",""endDate"":""2026-08-30""}"	3f9be601d034bbf1704e7d1bc04347b3
2026-08-30T16:25:05.330+08:00[Asia/Shanghai]	114112362	query_economic_indicator_data	"{""question"":""期货结算价WTI原油 期货收盘价布伦特原油 COMEX黄金期货收盘价 LME铜现货结算价 LME铝现货结算价"",""beginDate"":""2026-01-01"",""endDate"":""2026-08-29""}"	0501371e68031234ebaadabaf27e6602
2026-08-30T16:24:34.455+08:00[Asia/Shanghai]	144459267	search_economic_indicator	"{""question"":""陕西 甘肃 青海 宁夏 新疆 金融机构营业网点""}"	53d76c13ba86a6bca95e02c15031432c
2026-08-30T16:24:11.408+08:00[Asia/Shanghai]	144459267	search_economic_indicator	"{""question"":""重庆 四川 贵州 云南 西藏 金融机构营业网点""}"	85e32db86fe0070db03fd6d82da4b7d6
2026-08-30T16:24:03.415+08:00[Asia/Shanghai]	101199534	query_economic_indicator_data	"{""question"":""M0000185,M0000186"",""beginDate"":""2024-12-25"",""endDate"":""2026-07-05""}"	499a3c4261f1c14a4aaf1efcdedb08ea
2026-08-30T16:23:52.718+08:00[Asia/Shanghai]	101199534	search_economic_indicator	"{""question"":""欧元兑人民币汇率中间价""}"	fb87181ff61a70919013481af15b2fb1
2026-08-30T16:23:39.739+08:00[Asia/Shanghai]	101199534	search_economic_indicator	"{""question"":""人民币兑美元汇率中间价""}"	544458dcada241155308f2980e4d524e
2026-08-30T16:23:34.283+08:00[Asia/Shanghai]	143506917	query_economic_indicator_data	"{""question"":""万得一致预测中国制造业PMI"",""beginDate"":""2026-08-01"",""endDate"":""2026-12-31""}"	b8db6caf8655605a7aa74713cff0b1ba
2026-08-30T16:23:13.425+08:00[Asia/Shanghai]	143506917	search_economic_indicator	"{""question"":""万得一致预测制造业PMI""}"	c8396567485464a84d794ab7a34576af
2026-08-30T16:22:43.444+08:00[Asia/Shanghai]	143506917	query_economic_indicator_data	"{""question"":""中国官方制造业PMI"",""beginDate"":""2020-01-01"",""endDate"":""2026-08-30""}"	773e20c5514478087ba73cbb217e2806
2026-08-30T16:22:01.635+08:00[Asia/Shanghai]	144459267	search_economic_indicator	"{""question"":""北京 天津 河北 山西 内蒙古 金融机构营业网点""}"	b3bd85050aca8359ba203e3f74e49a8a
2026-08-30T16:20:49.238+08:00[Asia/Shanghai]	144459267	search_economic_indicator	"{""question"":""全国各省份金融机构营业网点总数""}"	c1d097ba90a7048f6d09528a4e2abf53
2026-08-30T16:19:48.026+08:00[Asia/Shanghai]	144130585	search_economic_indicator	"{""question"":""中国按行业分固定资产投资不含农户化学原料和化学制品制造业投资额累计值亿元""}"	17ab582f79f77c538fed9832479248db
2026-08-30T16:18:36.648+08:00[Asia/Shanghai]	111105151	query_economic_indicator_data	"{""question"":""M0329505"",""beginDate"":""2026-08-24"",""endDate"":""2026-08-28""}"	e21bdb2130a40e4b3acf6a90411ece65
2026-08-30T16:16:45.647+08:00[Asia/Shanghai]	144459267	search_economic_indicator	"{""question"":""各省银行业金融机构营业网点数量""}"	4c09f9db2a6fb1adb14a24ef780c8e8c
2026-08-30T16:14:31.021+08:00[Asia/Shanghai]	114112362	query_economic_indicator_data	"{""question"":""美国联邦基金目标利率 美国联邦基金利率有效利率"",""beginDate"":""2026-01-01"",""endDate"":""2026-08-29""}"	c40d3748b5500d15842670124475d918
2026-08-30T16:14:12.760+08:00[Asia/Shanghai]	142776049	query_economic_indicator_data	"{""question"":""G1100004"",""observation"":""6""}"	0bcfe5852b4efaf8702522a44ff842b9
2026-08-30T16:13:38.192+08:00[Asia/Shanghai]	144421904	search_economic_indicator	"{""question"":""中国10年期国债到期收益率 日频""}"	9d088d50cf99a2dd62d96ba7d5343587
2026-08-30T16:13:19.764+08:00[Asia/Shanghai]	143971469	query_economic_indicator_data	"{""question"":""M1004902"",""beginDate"":""2021-01-01"",""endDate"":""2026-08-28""}"	1441b9a5e333fbfef2f778b31996b242
2026-08-30T16:13:15.321+08:00[Asia/Shanghai]	143898268	search_economic_indicator	"{""question"":""中国官方制造业PMI""}"	3fa191c7c156b016fbd0a39b133ae6c0
2026-08-30T16:13:03.096+08:00[Asia/Shanghai]	143898268	query_economic_indicator_data	"{""question"":""M0017126"",""beginDate"":""2026-07-01"",""endDate"":""2026-08-30""}"	f0d89596816285fab0036f21ac29dce6
2026-08-30T16:12:09.509+08:00[Asia/Shanghai]	143898268	query_economic_indicator_data	"{""question"":""最新中国官方制造业PMI"",""beginDate"":""2026-07-01"",""endDate"":""2026-08-30""}"	e08ec1c5acf0503016ca4bfeb50ce611
2026-08-30T16:12:09.493+08:00[Asia/Shanghai]	143898268	query_economic_indicator_data	"{""question"":""G0000070"",""beginDate"":""2026-06-01"",""endDate"":""2026-08-30""}"	153e12a553889bf4bc1f6e2e7da18dc2
2026-08-30T16:12:09.453+08:00[Asia/Shanghai]	143898268	query_economic_indicator_data	"{""question"":""美国最新月度失业率"",""beginDate"":""2026-06-01"",""endDate"":""2026-08-30""}"	cd220635e9cf3db1e7a80f2d42ea1ca0
2026-08-30T16:11:44.182+08:00[Asia/Shanghai]	143898268	query_economic_indicator_data	"{""question"":""美国最新月度非农就业人数新增"",""beginDate"":""2026-08-01"",""endDate"":""2026-08-30""}"	f65408b9050dadcc421c0204edc32a78
2026-08-30T16:11:19.496+08:00[Asia/Shanghai]	143971469	query_economic_indicator_data	"{""question"":""M0017153"",""beginDate"":""2021-01-01"",""endDate"":""2026-08-28""}"	7b437d086690127ab305af37514257a9
2026-08-30T16:10:58.740+08:00[Asia/Shanghai]	143971469	query_economic_indicator_data	"{""question"":""M1010688"",""beginDate"":""2021-01-01"",""endDate"":""2026-08-28""}"	1f9fb1f1652417f7e139ffa5122c560a
2026-08-30T16:10:39.383+08:00[Asia/Shanghai]	144397613	search_economic_indicator	"{""question"":""央行隔夜逆回购操作利率 1天逆回购利率""}"	1d78cee0148940687d63405ce8d12b69
2026-08-30T16:10:27.476+08:00[Asia/Shanghai]	143971469	search_economic_indicator	"{""question"":""国股银票转贴现利率 6个月 1个月 票据""}"	63facd21beccc8fa55a239bb3a0cc39a
2026-08-30T16:10:14.693+08:00[Asia/Shanghai]	143841320	query_economic_indicator_data	"{""question"":""现货价(伦敦市场):黄金:美元"",""beginDate"":""2026-01-20"",""endDate"":""2026-07-10""}"	9d07b11e474ddf927cf2c74684b6ce79
2026-08-30T16:10:00.828+08:00[Asia/Shanghai]	143971469	search_economic_indicator	"{""question"":""GC007 上交所 国债逆回购 加权平均利率""}"	96084c6ac20cb05c84ea45c6b032a762
2026-08-30T16:09:48.359+08:00[Asia/Shanghai]	114112362	query_economic_indicator_data	"{""question"":""美国核心PCE物价指数同比"",""observation"":""14""}"	e323de3ce13145b9c565211424266648
2026-08-30T16:09:42.622+08:00[Asia/Shanghai]	143971469	search_economic_indicator	"{""question"":""GC001 GC007 交易所质押式回购加权利率""}"	0aeeb1e35a6ca110ea6499d0ffe33808
2026-08-30T16:04:38.631+08:00[Asia/Shanghai]	114112362	search_economic_indicator	"{""question"":""中国年度60岁及以上人口占总人口比重、65岁及以上人口占总人口比重，非人口普查口径""}"	0c0bb7cbc82ffefcbf0f3667a81e11ed
2026-08-30T16:04:28.903+08:00[Asia/Shanghai]	144130585	query_economic_indicator_data	"{""question"":""M0001249"",""beginDate"":""2026-01-01"",""endDate"":""2026-07-31""}"	27f1c2c0355053d3005437d5712e5096
2026-08-30T16:03:53.715+08:00[Asia/Shanghai]	143898268	search_economic_indicator	"{""question"":""中国官方制造业PMI""}"	61266daa6ed055239a87fedcb0d025eb
2026-08-30T16:03:19.876+08:00[Asia/Shanghai]	143898268	query_economic_indicator_data	"{""question"":""中国官方制造业PMI最新值"",""beginDate"":""2026-08-01"",""endDate"":""2026-08-30""}"	bc0e4b8fba2add33d7714262dc7933e0
2026-08-30T16:01:49.589+08:00[Asia/Shanghai]	143890555	query_economic_indicator_data	"{""question"":""M0067855,M0290205"",""beginDate"":""2026-08-27"",""endDate"":""2026-08-28""}"	1d76e28833e4ffc810a76d4e389d5bc6
2026-08-30T16:00:40.686+08:00[Asia/Shanghai]	140392902	query_economic_indicator_data	"{""question"":""S0182640,G0303103,G0166253,G0166445,S5614903,X0679400,Y4169725,S6516334,G1132564,G1139854,G1139853"",""beginDate"":""2026-07-01"",""endDate"":""2026-08-30""}"	8717a3266ab3ca085ea9489d7aefaaaa
2026-08-30T15:58:03.800+08:00[Asia/Shanghai]	122256816	search_economic_indicator	"{""question"":""中国新能源汽车产量指标代码""}"	e3eeb38da0c7e90bbe5dbd3fe21e9f53
2026-08-30T15:57:38.025+08:00[Asia/Shanghai]	111807423	query_economic_indicator_data	"{""question"":""M1001654"",""beginDate"":""2026-08-20"",""endDate"":""2026-08-30""}"	b6806e8df5a909a6c9fd9890b457623b
2026-08-30T15:57:21.298+08:00[Asia/Shanghai]	143841320	query_economic_indicator_data	"{""question"":""伦敦现货黄金美元"",""observation"":""8""}"	4327ef1444342739cfa85bc72284985a
2026-08-30T15:57:18.669+08:00[Asia/Shanghai]	111807423	query_economic_indicator_data	"{""question"":""M5525755,M0001227"",""observation"":""4""}"	94e0793ef6e12c35b764e355459984a7
2026-08-30T15:57:17.696+08:00[Asia/Shanghai]	111807423	query_economic_indicator_data	"{""question"":""M1001654"",""observation"":""5""}"	f2bc50617bcce214760bc97cd20f235c
2026-08-30T15:55:59.276+08:00[Asia/Shanghai]	143841320	query_economic_indicator_data	"{""question"":""伦敦现货黄金 美元兑港元"",""observation"":""5""}"	fa7b39a559b1d1f0f4e5312bde25b5c4
2026-08-30T15:53:55.743+08:00[Asia/Shanghai]	101154682	query_economic_indicator_data	"{""question"":""B9799877"",""beginDate"":""2010-01-01"",""endDate"":""2026-08-30""}"	969aa07db521df63cdca4afc8842a56a
2026-08-30T15:53:43.388+08:00[Asia/Shanghai]	101154682	query_economic_indicator_data	"{""question"":""S0031645"",""beginDate"":""2015-01-01"",""endDate"":""2026-08-30""}"	aa1cdd9d03009ba3369a0a2f857dde7d
2026-08-30T15:52:53.698+08:00[Asia/Shanghai]	116325376	query_economic_indicator_data	"{""question"":""陆股通 成交总额 最新"",""observation"":2}"	43ebc1089d00ce40eaa63755bdb877d4
2026-08-30T15:52:47.306+08:00[Asia/Shanghai]	101154682	search_economic_indicator	"{""question"":""全球央行净购金量 各国央行黄金需求""}"	b7b62a7f4b22146b4f13f1fcbd48e16d
2026-08-30T15:52:41.240+08:00[Asia/Shanghai]	115363178	query_economic_indicator_data	"{""question"":""Y1598102"",""beginDate"":""2025-01-01"",""endDate"":""2026-08-30""}"	65d693193c82abc37b5c054755043ae4
2026-08-30T15:52:32.013+08:00[Asia/Shanghai]	115363178	query_economic_indicator_data	"{""question"":""S5470301,S5470342,S0028928,S5134864"",""beginDate"":""2025-01-01"",""endDate"":""2026-08-30""}"	3975b253439710ed4268212737bdefe5
2026-08-30T15:52:22.713+08:00[Asia/Shanghai]	115363178	query_economic_indicator_data	"{""question"":""S5131008,S0028925,S5111926,S5432004"",""beginDate"":""2025-01-01"",""endDate"":""2026-08-30""}"	7a82be0a75005558f413f97b43a7e5f9
2026-08-30T15:51:33.398+08:00[Asia/Shanghai]	115363178	query_economic_indicator_data	"{""question"":""Y1598102"",""beginDate"":""2025-01-01"",""endDate"":""2026-08-30""}"	302aa5efbf62fe10ab6f81c4905f1494
2026-08-30T15:51:26.178+08:00[Asia/Shanghai]	115363178	query_economic_indicator_data	"{""question"":""S5134865,S0031522,S0031523,B9942595"",""beginDate"":""2025-01-01"",""endDate"":""2026-08-30""}"	e59a0fae41cbc6a9c10613bd1ee178b1
2026-08-30T15:51:07.483+08:00[Asia/Shanghai]	115363178	query_economic_indicator_data	"{""question"":""S5470301,S5470342,S0028928,S5134864"",""beginDate"":""2025-01-01"",""endDate"":""2026-08-30""}"	0a4fca5c87eaa048daacc3fd77ecee0a
2026-08-30T15:50:46.901+08:00[Asia/Shanghai]	144402454	query_economic_indicator_data	"{""question"":""C0668646"",""beginDate"":""2026-05-28"",""endDate"":""2026-08-28""}"	a8d6eab978cb69e6d859f4d03e27cb86
2026-08-30T15:49:43.648+08:00[Asia/Shanghai]	144402454	query_economic_indicator_data	"{""question"":""S5811336,K0825429,J2485774"",""beginDate"":""2026-05-28"",""endDate"":""2026-08-28""}"	dd7eb516ac81b66ebaca317ca3df1f07
2026-08-30T15:49:31.028+08:00[Asia/Shanghai]	144401380	query_economic_indicator_data	"{""question"":""H6924748,X1924001,C1512798,S5471265,H5475558,Q2434116,S5436526,S5436527,P4703713,S5479786"",""beginDate"":""2023-08-04"",""endDate"":""2026-08-28""}"	bf7684893c550a8eab694240e012e06f
2026-08-30T15:49:30.564+08:00[Asia/Shanghai]	137179990	query_economic_indicator_data	"{""question"":""S0031509"",""beginDate"":""2026-01-01"",""endDate"":""2026-04-30""}"	ed69983bbee405400ab299e058a6c690
2026-08-30T15:49:27.588+08:00[Asia/Shanghai]	143664596	query_economic_indicator_data	"{""question"":""S0031505"",""beginDate"":""2026-01-01"",""endDate"":""2026-04-30""}"	b5767135924a20f442fb700a5ce75388
2026-08-30T15:49:27.510+08:00[Asia/Shanghai]	137179990	query_economic_indicator_data	"{""question"":""S0031505"",""beginDate"":""2026-01-01"",""endDate"":""2026-04-30""}"	df6e66c68fddf8031b8a2ace83d0f32a
2026-08-30T15:49:22.344+08:00[Asia/Shanghai]	137179990	query_economic_indicator_data	"{""question"":""S0031510"",""beginDate"":""2026-01-01"",""endDate"":""2026-04-30""}"	126e8230a0844760e9d4868b78ae2689
2026-08-30T15:49:17.177+08:00[Asia/Shanghai]	115363178	query_economic_indicator_data	"{""question"":""B9942595,Y1598102"",""beginDate"":""2026-08-01"",""endDate"":""2026-08-30""}"	395be4002d05d42b8a571d68feac66ad
2026-08-30T15:49:15.713+08:00[Asia/Shanghai]	144402454	search_economic_indicator	"{""question"":""碳酸锂价格""}"	7d5813ccf5a0054ef2f831bf83d91d7f
2026-08-30T15:48:59.908+08:00[Asia/Shanghai]	137179990	query_economic_indicator_data	"{""question"":""S0031509"",""beginDate"":""2026-06-01"",""endDate"":""2026-08-30""}"	c634f4cfd54a299f9f45e6c2a6622fbc
2026-08-30T15:48:53.582+08:00[Asia/Shanghai]	143664596	query_economic_indicator_data	"{""question"":""S0031505"",""beginDate"":""2026-06-01"",""endDate"":""2026-08-30""}"	1d92c61d29fd27a68f313446ac675a73
2026-08-30T15:48:53.520+08:00[Asia/Shanghai]	137179990	query_economic_indicator_data	"{""question"":""S0031505"",""beginDate"":""2026-06-01"",""endDate"":""2026-08-30""}"	91f0dba89f8b753528022ef0595d57bf
2026-08-30T15:48:46.544+08:00[Asia/Shanghai]	143664596	query_economic_indicator_data	"{""question"":""S0031510"",""beginDate"":""2026-06-01"",""endDate"":""2026-08-30""}"	d6db6aebbb5a492667963d002df505b2
2026-08-30T15:48:46.460+08:00[Asia/Shanghai]	137179990	query_economic_indicator_data	"{""question"":""S0031510"",""beginDate"":""2026-06-01"",""endDate"":""2026-08-30""}"	5ec0efa2d00fdd4a78d7e31bf03cd1f5
2026-08-30T15:48:42.616+08:00[Asia/Shanghai]	137179990	query_economic_indicator_data	"{""question"":""M0000185"",""beginDate"":""2026-06-01"",""endDate"":""2026-08-30""}"	72104f1863e6447957ecf746ed703422
2026-08-30T15:48:42.524+08:00[Asia/Shanghai]	144402454	search_economic_indicator	"{""question"":""电池级碳酸锂现货价""}"	d9e990e80d633132d22853756ae497d2
2026-08-30T15:48:38.028+08:00[Asia/Shanghai]	137179990	query_economic_indicator_data	"{""question"":""X3845873"",""beginDate"":""2026-06-01"",""endDate"":""2026-08-30""}"	e1824005a4b2c59ce6d5484461f10b27
2026-08-30T15:48:32.805+08:00[Asia/Shanghai]	143664596	query_economic_indicator_data	"{""question"":""T4730419"",""beginDate"":""2026-06-01"",""endDate"":""2026-08-30""}"	3ce7281b40c7c3dd8e9e3435d825378d
2026-08-30T15:48:32.732+08:00[Asia/Shanghai]	137179990	query_economic_indicator_data	"{""question"":""T4730419"",""beginDate"":""2026-06-01"",""endDate"":""2026-08-30""}"	86f8f1beacfd83316710a11c45351af0
2026-08-30T15:48:24.564+08:00[Asia/Shanghai]	137179990	query_economic_indicator_data	"{""question"":""S0179527"",""beginDate"":""2026-06-01"",""endDate"":""2026-08-30""}"	02569fa2b30a5b4acd67ae5e14501206
2026-08-30T15:48:23.322+08:00[Asia/Shanghai]	137179990	query_economic_indicator_data	"{""question"":""M0067416"",""beginDate"":""2026-06-01"",""endDate"":""2026-08-30""}"	08500344560a42ca6a4a2a08aee52a9e
2026-08-30T15:48:22.959+08:00[Asia/Shanghai]	115363178	query_economic_indicator_data	"{""question"":""K4736207,S5470301,S5470342,S5134864,S5134865,S0031522,S0031523,B9942595,Y1598102"",""beginDate"":""2026-08-01"",""endDate"":""2026-08-30""}"	217aee4da0091594bd1a9dbb6854ad6c
2026-08-30T15:48:18.477+08:00[Asia/Shanghai]	137179990	query_economic_indicator_data	"{""question"":""M1001646"",""beginDate"":""2026-06-01"",""endDate"":""2026-08-30""}"	c0198ba12143899da6af1551d709cf13
2026-08-30T15:48:13.064+08:00[Asia/Shanghai]	143664596	query_economic_indicator_data	"{""question"":""M0017141"",""beginDate"":""2026-06-01"",""endDate"":""2026-08-30""}"	6122b961209b83a612fc0d78d967f4ba
2026-08-30T15:48:12.885+08:00[Asia/Shanghai]	137179990	query_economic_indicator_data	"{""question"":""M0017141"",""beginDate"":""2026-06-01"",""endDate"":""2026-08-30""}"	8dad41e00f174b0dd28135d052e45a9a
2026-08-30T15:48:06.417+08:00[Asia/Shanghai]	143664596	query_economic_indicator_data	"{""question"":""S5065106"",""beginDate"":""2026-06-01"",""endDate"":""2026-08-30""}"	ad9542607a0ca54f059bf85be95af1e5
2026-08-30T15:48:06.298+08:00[Asia/Shanghai]	137179990	query_economic_indicator_data	"{""question"":""S5065106"",""beginDate"":""2026-06-01"",""endDate"":""2026-08-30""}"	68514899c46a1375cb035c361a4ce74e
2026-08-30T15:48:00.882+08:00[Asia/Shanghai]	137179990	query_economic_indicator_data	"{""question"":""S0000236"",""beginDate"":""2026-06-01"",""endDate"":""2026-08-30""}"	849b818831138f09264112525235727c
2026-08-30T15:47:55.909+08:00[Asia/Shanghai]	137179990	query_economic_indicator_data	"{""question"":""S0000274"",""beginDate"":""2026-06-01"",""endDate"":""2026-08-30""}"	9ee7ce946726b9d1f92a6b80888171e1
2026-08-30T15:47:49.893+08:00[Asia/Shanghai]	137179990	query_economic_indicator_data	"{""question"":""S0105900"",""beginDate"":""2026-06-01"",""endDate"":""2026-08-30""}"	774634c74b31342c184e898cfe1d880d
2026-08-30T15:47:43.276+08:00[Asia/Shanghai]	137179990	query_economic_indicator_data	"{""question"":""S0105899"",""beginDate"":""2026-06-01"",""endDate"":""2026-08-30""}"	97f147289cc0c61cc96848aa32b9da68
2026-08-30T15:47:42.233+08:00[Asia/Shanghai]	100329986	query_economic_indicator_data	"{""beginDate"":""2026-06-01"",""endDate"":""2026-08-28"",""question"":""美元兑韩元汇率、美元兑日元汇率""}"	cb315ca7cd276418b40775bd24836bec
2026-08-30T15:47:37.943+08:00[Asia/Shanghai]	143664596	query_economic_indicator_data	"{""question"":""S0105897"",""beginDate"":""2026-06-01"",""endDate"":""2026-08-30""}"	c8059e49748115feaa7239575a6d4b57
2026-08-30T15:47:37.819+08:00[Asia/Shanghai]	137179990	query_economic_indicator_data	"{""question"":""S0105897"",""beginDate"":""2026-06-01"",""endDate"":""2026-08-30""}"	eda9bda484e0b915f86c61503eb939cd
2026-08-30T15:47:32.854+08:00[Asia/Shanghai]	10703995	query_economic_indicator_data	"{""question"":""S0116174,J9432258,S0116178"",""beginDate"":""2024-01-01"",""endDate"":""2026-08-30""}"	986e9e2ac9fc5a13b4a1e34d7cd86660
2026-08-30T15:47:32.598+08:00[Asia/Shanghai]	143664596	query_economic_indicator_data	"{""question"":""S0200868"",""beginDate"":""2026-06-01"",""endDate"":""2026-08-30""}"	99e724576d66616b376636cfe85788d9
2026-08-30T15:47:32.474+08:00[Asia/Shanghai]	137179990	query_economic_indicator_data	"{""question"":""S0200868"",""beginDate"":""2026-06-01"",""endDate"":""2026-08-30""}"	8ff69972084a6d8df5c2342ace2e9a80
2026-08-30T15:47:27.234+08:00[Asia/Shanghai]	10703995	query_economic_indicator_data	"{""question"":""S5108453,O9697387"",""beginDate"":""2024-01-01"",""endDate"":""2026-08-30""}"	418dba4bd78111805abc99974b7f5bfa
2026-08-30T15:47:25.748+08:00[Asia/Shanghai]	143664596	query_economic_indicator_data	"{""question"":""S0105912"",""beginDate"":""2026-06-01"",""endDate"":""2026-08-30""}"	356eecdce64460c46ae8927d6c939f7d
2026-08-30T15:47:25.624+08:00[Asia/Shanghai]	137179990	query_economic_indicator_data	"{""question"":""S0105912"",""beginDate"":""2026-06-01"",""endDate"":""2026-08-30""}"	d95d905cd34fd74c7a8fd5242a8f0a31
2026-08-30T15:47:21.446+08:00[Asia/Shanghai]	137179990	query_economic_indicator_data	"{""question"":""M5525763"",""beginDate"":""2026-06-01"",""endDate"":""2026-08-30""}"	6a1e927dccd0db6e003dfecd2c238de5
2026-08-30T15:47:16.568+08:00[Asia/Shanghai]	143664596	query_economic_indicator_data	"{""question"":""M0001385"",""beginDate"":""2026-06-01"",""endDate"":""2026-08-30""}"	e39c0b6b3ff912286c0efa15bc2b8bb2
2026-08-30T15:47:16.430+08:00[Asia/Shanghai]	137179990	query_economic_indicator_data	"{""question"":""M0001385"",""beginDate"":""2026-06-01"",""endDate"":""2026-08-30""}"	d6197991ce30821dea1fea6b1595b5d1
2026-08-30T15:47:10.994+08:00[Asia/Shanghai]	10703995	query_economic_indicator_data	"{""question"":""S0164318,S0114144"",""beginDate"":""2025-01-01"",""endDate"":""2026-08-30""}"	3392e0272ce01da0c2477c92e4906739
2026-08-30T15:47:10.695+08:00[Asia/Shanghai]	143664596	query_economic_indicator_data	"{""question"":""M0001227"",""beginDate"":""2026-06-01"",""endDate"":""2026-08-30""}"	31a65da99ea9826ecdd514983ec492c5
2026-08-30T15:47:10.574+08:00[Asia/Shanghai]	137179990	query_economic_indicator_data	"{""question"":""M0001227"",""beginDate"":""2026-06-01"",""endDate"":""2026-08-30""}"	eec97a28992ce8de1341b43aa11085ae
2026-08-30T15:47:06.745+08:00[Asia/Shanghai]	137179990	query_economic_indicator_data	"{""question"":""M0000612"",""beginDate"":""2026-06-01"",""endDate"":""2026-08-30""}"	2d300185e49b259b56d9b20b3b5de8c8
2026-08-30T15:47:03.124+08:00[Asia/Shanghai]	10703995	query_economic_indicator_data	"{""question"":""S5800705,S5800706"",""beginDate"":""2024-01-01"",""endDate"":""2026-08-30""}"	f5251d2cf557385fe06bbda652295fe0
2026-08-30T15:47:02.824+08:00[Asia/Shanghai]	143664596	query_economic_indicator_data	"{""question"":""M0000273"",""beginDate"":""2026-06-01"",""endDate"":""2026-08-30""}"	fc5d88a536c9f151395dfa8faa3cdfc4
2026-08-30T15:47:02.683+08:00[Asia/Shanghai]	137179990	query_economic_indicator_data	"{""question"":""M0000273"",""beginDate"":""2026-06-01"",""endDate"":""2026-08-30""}"	4c0420e9f0deadf82a4b74acfa672c9f
2026-08-30T15:46:57.846+08:00[Asia/Shanghai]	143664596	query_economic_indicator_data	"{""question"":""M0001428"",""beginDate"":""2026-06-01"",""endDate"":""2026-08-30""}"	230e091b42206acca210c18fe1262ead
2026-08-30T15:46:57.728+08:00[Asia/Shanghai]	137179990	query_economic_indicator_data	"{""question"":""M0001428"",""beginDate"":""2026-06-01"",""endDate"":""2026-08-30""}"	057d4e74af03e61e862ecd7b496238aa
2026-08-30T15:46:51.190+08:00[Asia/Shanghai]	137179990	query_economic_indicator_data	"{""question"":""M0017128"",""beginDate"":""2026-06-01"",""endDate"":""2026-08-30""}"	658c6958e999fb8c8ea5aacbfdcdd1b4
2026-08-30T15:46:46.523+08:00[Asia/Shanghai]	143664596	query_economic_indicator_data	"{""question"":""M0017126"",""beginDate"":""2026-06-01"",""endDate"":""2026-08-30""}"	f260834e65365bf44a8f489c674dce30
2026-08-30T15:46:46.264+08:00[Asia/Shanghai]	137179990	query_economic_indicator_data	"{""question"":""M0017126"",""beginDate"":""2026-06-01"",""endDate"":""2026-08-30""}"	61e55856fc2e8d37a3e8e570d48edcfe
2026-08-30T15:46:41.824+08:00[Asia/Shanghai]	143664596	query_economic_indicator_data	"{""question"":""M0000545"",""beginDate"":""2026-06-01"",""endDate"":""2026-08-30""}"	6ed658e88040891af0e0272be555ea48
2026-08-30T15:46:41.716+08:00[Asia/Shanghai]	137179990	query_economic_indicator_data	"{""question"":""M0000545"",""beginDate"":""2026-06-01"",""endDate"":""2026-08-30""}"	1f4a35dd6e373aabdb6e583f7c2e7980
2026-08-30T15:46:37.319+08:00[Asia/Shanghai]	143664596	query_economic_indicator_data	"{""question"":""P8074122"",""beginDate"":""2026-06-01"",""endDate"":""2026-08-30""}"	aaa819480910e7e717c53039519ed1ce
2026-08-30T15:46:37.182+08:00[Asia/Shanghai]	137179990	query_economic_indicator_data	"{""question"":""P8074122"",""beginDate"":""2026-06-01"",""endDate"":""2026-08-30""}"	0a1d46d09c50a4405137e6ad3263206f
2026-08-30T15:46:31.897+08:00[Asia/Shanghai]	137179990	query_economic_indicator_data	"{""question"":""M0330936"",""beginDate"":""2026-06-01"",""endDate"":""2026-08-30""}"	97acab7b63564b15f9bc8a49b5d70e77
2026-08-30T15:46:27.367+08:00[Asia/Shanghai]	137179990	query_economic_indicator_data	"{""question"":""S0213048"",""beginDate"":""2026-06-01"",""endDate"":""2026-08-30""}"	14ded0fc43356e2bedb839ba0d7798d3
2026-08-30T15:46:16.502+08:00[Asia/Shanghai]	137179990	query_economic_indicator_data	"{""question"":""M0330161"",""beginDate"":""2026-06-01"",""endDate"":""2026-08-30""}"	c705eab8d84d145dd9268ff465864871
2026-08-30T15:46:12.998+08:00[Asia/Shanghai]	143664596	query_economic_indicator_data	"{""question"":""M0041371"",""beginDate"":""2026-06-01"",""endDate"":""2026-08-30""}"	37cd3067a1e3bb1020ecfc6fa01c25fa
2026-08-30T15:46:12.917+08:00[Asia/Shanghai]	137179990	query_economic_indicator_data	"{""question"":""M0041371"",""beginDate"":""2026-06-01"",""endDate"":""2026-08-30""}"	dee5047862b8db7fd1c836895c19fd74
2026-08-30T15:46:10.111+08:00[Asia/Shanghai]	143664596	query_economic_indicator_data	"{""question"":""G0001699"",""beginDate"":""2026-06-01"",""endDate"":""2026-08-30""}"	7f7905fbf63b7e30145c2ed80337eb0b
2026-08-30T15:46:10.012+08:00[Asia/Shanghai]	137179990	query_economic_indicator_data	"{""question"":""G0001699"",""beginDate"":""2026-06-01"",""endDate"":""2026-08-30""}"	57dc55d57971c84f35d3320212a8b007
2026-08-30T15:46:08.873+08:00[Asia/Shanghai]	10703995	search_economic_indicator	"{""question"":""全球央行黄金净购入、黄金ETF持仓、中国黄金消费量""}"	a8fb0ca7f109fff9fd9839b5f2072b1f
2026-08-30T15:46:06.718+08:00[Asia/Shanghai]	137179990	query_economic_indicator_data	"{""question"":""B2559386"",""beginDate"":""2026-06-01"",""endDate"":""2026-08-30""}"	5027d322ad987002745f6e1f130dd3f8
2026-08-30T15:45:54.931+08:00[Asia/Shanghai]	143664596	query_economic_indicator_data	"{""question"":""B2559386"",""beginDate"":""2026-06-01"",""endDate"":""2026-08-30""}"	d81d7ee32204fa83e0fe11bb677ba8ae
2026-08-30T15:45:54.822+08:00[Asia/Shanghai]	137179990	query_economic_indicator_data	"{""question"":""B2559386"",""beginDate"":""2026-06-01"",""endDate"":""2026-08-30""}"	f0a30bc79cb3bb6e662c4a300c0030e9
2026-08-30T15:45:49.265+08:00[Asia/Shanghai]	137179990	query_economic_indicator_data	"{""question"":""D5521427"",""beginDate"":""2026-06-01"",""endDate"":""2026-08-30""}"	77e77109d847cfc77d59d15d1bbf14e3
2026-08-30T15:45:41.798+08:00[Asia/Shanghai]	143664596	query_economic_indicator_data	"{""question"":""G1235664"",""beginDate"":""2026-06-01"",""endDate"":""2026-08-30""}"	e236a668aace57d728056d2e32cdf73d
2026-08-30T15:45:41.675+08:00[Asia/Shanghai]	137179990	query_economic_indicator_data	"{""question"":""G1235664"",""beginDate"":""2026-06-01"",""endDate"":""2026-08-30""}"	4b44a68da86c93e3428dc8c50e448fae
2026-08-30T15:45:39.857+08:00[Asia/Shanghai]	10703995	search_economic_indicator	"{""question"":""LME铜库存、COMEX铜库存、上期所阴极铜库存""}"	ab3a9e7fd64c798c9218a5622be87ff4
2026-08-30T15:45:36.989+08:00[Asia/Shanghai]	137179990	query_economic_indicator_data	"{""question"":""G1235656"",""beginDate"":""2026-06-01"",""endDate"":""2026-08-30""}"	e7c5ffbb13918ae0011f4bbf16ac01e1
2026-08-30T15:45:31.171+08:00[Asia/Shanghai]	143664596	query_economic_indicator_data	"{""question"":""M0290205"",""beginDate"":""2026-06-01"",""endDate"":""2026-08-30""}"	a13838a0ccd6e55ff5dd8129462d6b5c
2026-08-30T15:45:31.074+08:00[Asia/Shanghai]	137179990	query_economic_indicator_data	"{""question"":""M0290205"",""beginDate"":""2026-06-01"",""endDate"":""2026-08-30""}"	6eefe28c042911499232777be92dfa95
2026-08-30T15:45:24.042+08:00[Asia/Shanghai]	10703995	search_economic_indicator	"{""question"":""中国进口铜精矿现货粗炼费TC和精炼费RC""}"	47ac9c096ad7202ab6b541b65afd4aa5
2026-08-30T15:45:17.941+08:00[Asia/Shanghai]	143664596	query_economic_indicator_data	"{""question"":""M0290205"",""beginDate"":""2026-06-01"",""endDate"":""2026-08-30""}"	2fd6301ab97a57f8edb3992b97c5fd3a
2026-08-30T15:45:17.880+08:00[Asia/Shanghai]	137179990	query_economic_indicator_data	"{""question"":""M0290205"",""beginDate"":""2026-06-01"",""endDate"":""2026-08-30""}"	369db10078594514dd83db58576d0ed8
2026-08-30T15:45:15.073+08:00[Asia/Shanghai]	115363178	search_economic_indicator	"{""question"":""汽油柴油最高零售指导价 发改委""}"	f64f01ef01c2d08f2717c95ad1eb1d0a
2026-08-30T15:45:12.989+08:00[Asia/Shanghai]	144386054	search_economic_indicator	"{""question"":""沪深两市每日成交额""}"	3d1f6adcce4dbe7dbc41fb1d1859f6f2
2026-08-30T15:45:07.137+08:00[Asia/Shanghai]	137179990	query_economic_indicator_data	"{""question"":""G0925982"",""beginDate"":""2026-06-01"",""endDate"":""2026-08-30""}"	dcb191445a604e9ddee99f2a548fb774
2026-08-30T15:45:06.893+08:00[Asia/Shanghai]	143664596	query_economic_indicator_data	"{""question"":""M0000199"",""beginDate"":""2026-06-01"",""endDate"":""2026-08-30""}"	cb6f77fe63640a2fa4dc89fcbb8f1514
2026-08-30T15:45:06.820+08:00[Asia/Shanghai]	137179990	query_economic_indicator_data	"{""question"":""M0000199"",""beginDate"":""2026-06-01"",""endDate"":""2026-08-30""}"	2c1f23294866be87624d1cc86010d63e
2026-08-30T15:44:53.920+08:00[Asia/Shanghai]	137179990	query_economic_indicator_data	"{""question"":""M0067855"",""beginDate"":""2026-06-01"",""endDate"":""2026-08-30""}"	5e6149be85a668e61f2d34558ca877bb
2026-08-30T15:44:53.636+08:00[Asia/Shanghai]	143664596	query_economic_indicator_data	"{""question"":""M0000271"",""beginDate"":""2026-06-01"",""endDate"":""2026-08-30""}"	6543daea0dffbfa48a2fff6b43a172b9
2026-08-30T15:44:53.536+08:00[Asia/Shanghai]	137179990	query_economic_indicator_data	"{""question"":""M0000271"",""beginDate"":""2026-06-01"",""endDate"":""2026-08-30""}"	7a468d9c72872ec06fb7c19ac502bc15
2026-08-30T15:44:47.669+08:00[Asia/Shanghai]	143664596	query_economic_indicator_data	"{""question"":""G1147403"",""beginDate"":""2026-06-01"",""endDate"":""2026-08-30""}"	40447984f8da6b423980b63496ebe974
2026-08-30T15:44:47.546+08:00[Asia/Shanghai]	137179990	query_economic_indicator_data	"{""question"":""G1147403"",""beginDate"":""2026-06-01"",""endDate"":""2026-08-30""}"	1cbcca8a507462b5342b9ffc75b431e0
2026-08-30T15:44:39.685+08:00[Asia/Shanghai]	137179990	query_economic_indicator_data	"{""question"":""G1147403"",""beginDate"":""2026-06-01"",""endDate"":""2026-08-30""}"	c669fad44a926b18210f30513879d75e
2026-08-30T15:44:33.898+08:00[Asia/Shanghai]	143664596	query_economic_indicator_data	"{""question"":""G1147401"",""beginDate"":""2026-06-01"",""endDate"":""2026-08-30""}"	d21ed6cca2da7dcf0fd9667040852497
2026-08-30T15:44:33.773+08:00[Asia/Shanghai]	137179990	query_economic_indicator_data	"{""question"":""G1147401"",""beginDate"":""2026-06-01"",""endDate"":""2026-08-30""}"	77e0d4aeec6d692f5c421a0a454b1235
2026-08-30T15:44:28.730+08:00[Asia/Shanghai]	137179990	query_economic_indicator_data	"{""question"":""G0000893"",""beginDate"":""2026-06-01"",""endDate"":""2026-08-30""}"	e1dd64d18c7a7a6598990df7cb4eee8f
2026-08-30T15:44:25.686+08:00[Asia/Shanghai]	143664596	query_economic_indicator_data	"{""question"":""G0000891"",""beginDate"":""2026-06-01"",""endDate"":""2026-08-30""}"	40334e07d89ad6045d6cd83418de67f9
2026-08-30T15:44:25.540+08:00[Asia/Shanghai]	137179990	query_economic_indicator_data	"{""question"":""G0000891"",""beginDate"":""2026-06-01"",""endDate"":""2026-08-30""}"	c2b13e502de86a2323d8c07b599ebd84
2026-08-30T15:44:19.866+08:00[Asia/Shanghai]	115363178	search_economic_indicator	"{""question"":""中国汽油柴油批发价格 零售价格""}"	c7278e090004f1571d062668c0db150d
2026-08-30T15:44:18.867+08:00[Asia/Shanghai]	143664596	query_economic_indicator_data	"{""question"":""G0000887"",""beginDate"":""2026-06-01"",""endDate"":""2026-08-30""}"	93f6121a6dd99d5f852c645c6a823444
2026-08-30T15:44:15.112+08:00[Asia/Shanghai]	137179990	query_economic_indicator_data	"{""question"":""G0000887"",""beginDate"":""2026-06-01"",""endDate"":""2026-08-30""}"	32faf8e0039a2253d4630afbd5995230
2026-08-30T15:44:08.080+08:00[Asia/Shanghai]	137179990	query_economic_indicator_data	"{""question"":""M0220174"",""beginDate"":""2026-06-01"",""endDate"":""2026-08-30""}"	f13375910f1400c9682274ddd573eafc
2026-08-30T15:44:06.815+08:00[Asia/Shanghai]	115363178	search_economic_indicator	"{""question"":""山东地炼开工率 炼厂开工率""}"	140d60a9b544939fa92d01881909b350
2026-08-30T15:44:03.138+08:00[Asia/Shanghai]	137179990	query_economic_indicator_data	"{""question"":""M1001657"",""beginDate"":""2026-06-01"",""endDate"":""2026-08-30""}"	3e8352e410e34b9a44c41f01a36151f6
2026-08-30T15:43:56.091+08:00[Asia/Shanghai]	115363178	search_economic_indicator	"{""question"":""PTA价格 乙二醇MEG价格""}"	5bf966e15220026b9a2f83b7a179fecf
2026-08-30T15:43:55.378+08:00[Asia/Shanghai]	137179990	query_economic_indicator_data	"{""question"":""M1001654"",""beginDate"":""2026-06-01"",""endDate"":""2026-08-30""}"	4fb327628a29975cd98a0c9288f12f1e
2026-08-30T15:43:51.488+08:00[Asia/Shanghai]	137179990	query_economic_indicator_data	"{""question"":""M1001647"",""beginDate"":""2026-06-01"",""endDate"":""2026-08-30""}"	36b1bb1c3f02f3d0283edd7ecc3771d2
2026-08-30T15:43:50.336+08:00[Asia/Shanghai]	115363178	search_economic_indicator	"{""question"":""涤纶长丝POY价格""}"	330a4fbcf15de08f564c3a45d8658f8d
2026-08-30T15:42:40.675+08:00[Asia/Shanghai]	144460839	query_economic_indicator_data	"{""question"":""S0069670,T7305994,S0105898"",""beginDate"":""2026-08-20"",""endDate"":""2026-08-28""}"	10a170f21459289bebc67e2ee02569f8
2026-08-30T15:42:38.893+08:00[Asia/Shanghai]	143664596	query_economic_indicator_data	"{""question"":""G1147403"",""beginDate"":""2005-01-01"",""endDate"":""2026-08-30""}"	338acbffa835c6f71cc3d41cae5865d2
2026-08-30T15:42:38.748+08:00[Asia/Shanghai]	137179990	query_economic_indicator_data	"{""question"":""G1147403"",""beginDate"":""2005-01-01"",""endDate"":""2026-08-30""}"	79737323b47bef7c534f084429bebaec
2026-08-30T15:42:30.171+08:00[Asia/Shanghai]	144460839	search_economic_indicator	"{""question"":""南华期货能化指数日度""}"	f9234a7868b1018e7dd41285ceb07481
2026-08-30T15:42:27.105+08:00[Asia/Shanghai]	144460839	search_economic_indicator	"{""question"":""南华期货农产品指数日度""}"	6b71f0967db9242c70cb360471b3db9a
2026-08-30T15:42:24.731+08:00[Asia/Shanghai]	137179990	query_economic_indicator_data	"{""question"":""G1147403"",""beginDate"":""2026-08-24"",""endDate"":""2026-08-28""}"	671d36f9fff4b4dd434218a667959c42
2026-08-30T15:42:20.620+08:00[Asia/Shanghai]	144460839	search_economic_indicator	"{""question"":""期货收盘价(连续):布伦特原油:ICE""}"	6426fd40e4730f48078955dd073dc5fc
2026-08-30T15:42:05.396+08:00[Asia/Shanghai]	111807423	query_economic_indicator_data	"{""question"":""M5525755"",""beginDate"":""2025-05-31"",""endDate"":""2026-07-31""}"	2e841ab24e1566638c9ebd5fb30ce1d9
2026-08-30T15:42:04.542+08:00[Asia/Shanghai]	137179990	query_economic_indicator_data	"{""question"":""G1147403"",""beginDate"":""2026-08-24"",""endDate"":""2026-08-28""}"	237d8ff22d75fd1c716bdfb1f0c8afaf
2026-08-30T15:42:03.651+08:00[Asia/Shanghai]	111807423	search_economic_indicator	"{""question"":""PPI 工业生产者出厂价格指数 当月同比""}"	463e9e77743f80678284d5a0bdb8dfcb
2026-08-30T15:42:02.102+08:00[Asia/Shanghai]	144460839	search_economic_indicator	"{""question"":""南华商品指数农产品指数和能化指数每日收盘""}"	5f8b4ff57f32d48689a36c1953b46ae8
2026-08-30T15:42:00.653+08:00[Asia/Shanghai]	144460839	search_economic_indicator	"{""question"":""伦敦黄金下午定盘价美元每日""}"	9e0747895ad1da274bd0384c713553ec
2026-08-30T15:41:59.706+08:00[Asia/Shanghai]	144460839	search_economic_indicator	"{""question"":""COMEX白银连续期货每日收盘价""}"	c022381b8aa93c928a821f2184ec9038
2026-08-30T15:41:48.166+08:00[Asia/Shanghai]	144460839	search_economic_indicator	"{""question"":""ICE布伦特原油连续期货每日收盘价""}"	054bb6984605bc64f14a21320297b064
2026-08-30T15:41:42.735+08:00[Asia/Shanghai]	143858090	query_economic_indicator_data	"{""question"":""提取Wind EDB指标M0024054、M0024055、M0024057、M0096879、M0096887的时间序列数据"",""beginDate"":""2015-01-01"",""endDate"":""2025-12-31""}"	20d5bfe85e5a2b6077c8103dded6090a
2026-08-30T15:41:12.502+08:00[Asia/Shanghai]	144460839	search_economic_indicator	"{""question"":""LME三个月期铜电子盘每日收盘价""}"	91624534984f8caec236ff0217970216
2026-08-30T15:41:06.943+08:00[Asia/Shanghai]	143858090	query_economic_indicator_data	"{""question"":""提取Wind EDB指标M0024054、M0024055、M0024057、M0096879、M0096887的时间序列数据"",""beginDate"":""2015-01-01"",""endDate"":""2025-12-31""}"	1a586c3c5bdcdb46c91b6b0096c54b6f
2026-08-30T15:40:18.274+08:00[Asia/Shanghai]	144401380	query_economic_indicator_data	"{""question"":""S5436526,S5436527,P4703713"",""beginDate"":""2026-08-01"",""endDate"":""2026-08-28""}"	f6eaa40a5fbe857f1b817988baa1752a
2026-08-30T15:40:14.438+08:00[Asia/Shanghai]	111807423	query_economic_indicator_data	"{""question"":""M0061613"",""observation"":""5""}"	9db5d0a111d883b1152455bc23e69c20
2026-08-30T15:40:12.158+08:00[Asia/Shanghai]	111807423	query_economic_indicator_data	"{""question"":""M0001395"",""observation"":""2""}"	94b4e999131006bbb8a8db2e36c85b86
2026-08-30T15:40:03.632+08:00[Asia/Shanghai]	144256630	query_economic_indicator_data	"{""question"":""M0067418"",""beginDate"":""2026-08-14"",""endDate"":""2026-08-30""}"	5269e9a2c4fd7440b3c096240b1b606b
2026-08-30T15:40:03.299+08:00[Asia/Shanghai]	144256630	query_economic_indicator_data	"{""question"":""S0186245"",""beginDate"":""2026-08-14"",""endDate"":""2026-08-30""}"	acd94872e44aa2089387d29aa824a6b3
2026-08-30T15:40:02.810+08:00[Asia/Shanghai]	144256630	query_economic_indicator_data	"{""question"":""S0203425"",""beginDate"":""2026-08-14"",""endDate"":""2026-08-30""}"	e28ac3527c90e6273688167110739a2d
2026-08-30T15:40:02.463+08:00[Asia/Shanghai]	144256630	query_economic_indicator_data	"{""question"":""M0067416"",""beginDate"":""2026-08-14"",""endDate"":""2026-08-30""}"	69ab54f300d77a857b107168ada382a5
2026-08-30T15:40:01.798+08:00[Asia/Shanghai]	144256630	query_economic_indicator_data	"{""question"":""S5705176"",""beginDate"":""2026-08-14"",""endDate"":""2026-08-30""}"	a045ab649d0a7bce622c489eac0ca03d
2026-08-30T15:40:01.425+08:00[Asia/Shanghai]	144256630	query_economic_indicator_data	"{""question"":""S5118257"",""beginDate"":""2026-08-14"",""endDate"":""2026-08-30""}"	d6777e97e2003044f646c59513e0a7f8
2026-08-30T15:40:00.893+08:00[Asia/Shanghai]	144256630	query_economic_indicator_data	"{""question"":""S0033259"",""beginDate"":""2026-08-14"",""endDate"":""2026-08-30""}"	7b261330e058d4c503bcc89526d92454
2026-08-30T15:40:00.535+08:00[Asia/Shanghai]	144256630	query_economic_indicator_data	"{""question"":""S0033272"",""beginDate"":""2026-08-14"",""endDate"":""2026-08-30""}"	04a6aed6a51d2ac4fa80a1a4ddff3d76
2026-08-30T15:39:59.992+08:00[Asia/Shanghai]	144256630	query_economic_indicator_data	"{""question"":""S0033213"",""beginDate"":""2026-08-14"",""endDate"":""2026-08-30""}"	3fcfb03b64386216353571c7e84d4e93
2026-08-30T15:39:59.619+08:00[Asia/Shanghai]	144256630	query_economic_indicator_data	"{""question"":""S0033227"",""beginDate"":""2026-08-14"",""endDate"":""2026-08-30""}"	2becdd704d2bc7b01cb13790af5371f0
2026-08-30T15:39:58.454+08:00[Asia/Shanghai]	144256630	query_economic_indicator_data	"{""question"":""M0000185"",""beginDate"":""2026-08-14"",""endDate"":""2026-08-30""}"	07329d7e88142a7c8851e6577a1cde06
2026-08-30T15:39:51.418+08:00[Asia/Shanghai]	144256630	query_economic_indicator_data	"{""question"":""S0146217"",""beginDate"":""2024-01-01"",""endDate"":""2026-08-30""}"	e718295d703c792ee1bb71e78dc956c5
2026-08-30T15:39:51.067+08:00[Asia/Shanghai]	144256630	query_economic_indicator_data	"{""question"":""S5712516"",""beginDate"":""2024-01-01"",""endDate"":""2026-08-30""}"	1bed0f92b71ff68d15538b83f7c9ff55
2026-08-30T15:39:50.721+08:00[Asia/Shanghai]	144256630	query_economic_indicator_data	"{""question"":""S5712517"",""beginDate"":""2024-01-01"",""endDate"":""2026-08-30""}"	12186b64c194a788d3f014ef11df6847
2026-08-30T15:39:49.595+08:00[Asia/Shanghai]	141260612	query_economic_indicator_data	"{""question"":""中国金融机构住户部门中长期贷款当月新增额"",""observation"":12}"	27b84409003e340d350cb0f90bdd5d9a
2026-08-30T15:39:48.117+08:00[Asia/Shanghai]	144256630	query_economic_indicator_data	"{""question"":""G0002329"",""beginDate"":""2024-01-01"",""endDate"":""2026-08-30""}"	1e8e6cd1f6f5cb6c98b59069cc2f8b29
2026-08-30T15:39:42.056+08:00[Asia/Shanghai]	111807423	search_economic_indicator	"{""question"":""融资余额 两融余额 沪深交易所 融资融券 期末余额""}"	0c0f4f6dc9675f8c745683a37255173c
2026-08-30T15:39:34.332+08:00[Asia/Shanghai]	144156363	query_economic_indicator_data	"{""question"":""M0062950"",""observation"":""30""}"	007e3c26fb9fb7cfe7383c0eb90f2e7b
2026-08-30T15:39:23.523+08:00[Asia/Shanghai]	144156363	query_economic_indicator_data	"{""question"":""M0062945"",""observation"":""30""}"	4eeae1e1aded601a92bda0d4ac669c75
2026-08-30T15:39:08.133+08:00[Asia/Shanghai]	144156363	query_economic_indicator_data	"{""question"":""M1001791"",""observation"":""30""}"	45d25a872068ecd34e6cdcec29e3ed2a
2026-08-30T15:38:53.588+08:00[Asia/Shanghai]	111807423	search_economic_indicator	"{""question"":""沪深 A股 总市值 上市公司总市值""}"	c04d6b231e8ee50e40fe395ebca5e144
2026-08-30T15:38:18.477+08:00[Asia/Shanghai]	144368771	query_economic_indicator_data	"{""question"":""中间价:港元兑人民币"",""beginDate"":""2026-08-20"",""endDate"":""2026-08-29""}"	f0ebb409927b4d25de884a13af9e49b0
2026-08-30T15:37:59.007+08:00[Asia/Shanghai]	143664596	query_economic_indicator_data	"{""question"":""G1147403"",""beginDate"":""2026-08-01"",""endDate"":""2026-08-28""}"	94c3d7ef449a26a24fa0e0bc6a83fb5b
2026-08-30T15:37:45.199+08:00[Asia/Shanghai]	144256630	query_economic_indicator_data	"{""question"":""S5712502"",""beginDate"":""2021-01-01"",""endDate"":""2026-08-30""}"	00a8fee9be02a677ef7e6cd132ffe665
2026-08-30T15:37:37.778+08:00[Asia/Shanghai]	144156363	query_economic_indicator_data	"{""question"":""M1001791,M1001787,M0000271,M0062945,M0062948,M0062950"",""observation"":""65""}"	c6f85c53a423874714284f9f0ac91d07
2026-08-30T15:37:31.660+08:00[Asia/Shanghai]	144156363	query_economic_indicator_data	"{""question"":""M0001385,M0001383,M5525763,S0029657,M6451397,M0001428,M0000607"",""observation"":""20""}"	92d0b32afd4ba102c549065b4777a437
2026-08-30T15:36:21.940+08:00[Asia/Shanghai]	144156363	search_economic_indicator	"{""question"":""美国10年期国债收益率、美国2年期国债收益率、美元指数、中国香港隔夜HIBOR、1个月HIBOR、3个月HIBOR指标""}"	c2ab426dfec4461be41b76a88bc87b96
2026-08-30T15:36:15.195+08:00[Asia/Shanghai]	144156363	search_economic_indicator	"{""question"":""中国M1同比、M2同比、社会融资规模存量同比、社会消费品零售总额当月同比、出口金额人民币当月同比、房地产开发投资完成额累计同比、高技术产业固定资产投资累计同比指标""}"	51d38ca47520c4bad6ae64cc26ec54b4
2026-08-30T15:34:51.054+08:00[Asia/Shanghai]	101154682	query_economic_indicator_data	"{""question"":""G1100001"",""observation"":""24""}"	6669078a82cf77888452690014f7fd21
2026-08-30T15:34:39.010+08:00[Asia/Shanghai]	101154682	query_economic_indicator_data	"{""question"":""G0005428"",""observation"":""36""}"	a15b531dc76d93e5cafe03784dfd880d
2026-08-30T15:34:05.254+08:00[Asia/Shanghai]	101154682	query_economic_indicator_data	"{""question"":""M0000271"",""beginDate"":""2020-01-01"",""endDate"":""2026-08-29""}"	4f9a45f8065bd2736f828e5e13ae9115
2026-08-30T15:33:55.998+08:00[Asia/Shanghai]	101154682	query_economic_indicator_data	"{""question"":""F2284050"",""beginDate"":""2022-01-01"",""endDate"":""2026-08-29""}"	d7206622999f9e6e09cee3d9631dbbed
2026-08-30T15:33:45.025+08:00[Asia/Shanghai]	101154682	query_economic_indicator_data	"{""question"":""G1100001"",""beginDate"":""2016-01-01"",""endDate"":""2026-08-29""}"	3c9708b61fc4ab83ec65a8d8a8529206
2026-08-30T15:33:29.959+08:00[Asia/Shanghai]	101154682	query_economic_indicator_data	"{""question"":""S0031645,G0005428"",""beginDate"":""2020-01-01"",""endDate"":""2026-08-29""}"	26616c7a8e5ecff21d604381e7d2bd49
2026-08-30T15:33:18.473+08:00[Asia/Shanghai]	114065515	query_economic_indicator_data	"{""question"":""S5806072"",""beginDate"":""2026-07-30"",""endDate"":""2026-08-30""}"	db6f1d48603319f7ffc03c2df74e4916
2026-08-30T15:33:09.154+08:00[Asia/Shanghai]	101154682	search_economic_indicator	"{""question"":""美国10年期国债实际收益率 TIPS 10-Year Real Interest Rate""}"	6f1649baee66a8a4eeff173feb129fdb
2026-08-30T15:32:05.641+08:00[Asia/Shanghai]	101154682	search_economic_indicator	"{""question"":""美国10年期通胀保值国债实际收益率""}"	47b813834e93bc7e7d48c222d034e900
2026-08-30T15:31:40.494+08:00[Asia/Shanghai]	101154682	search_economic_indicator	"{""question"":""伦敦现货黄金价格或黄金价格指数""}"	cbf1230cd375779d6c5fb0e784c9a6c4
2026-08-30T15:30:32.964+08:00[Asia/Shanghai]	143922247	query_economic_indicator_data	"{""question"":""M6179492"",""beginDate"":""2024-01-01"",""endDate"":""2026-08-31""}"	cd003a31b9cdfbca3e5dcb4bd621a4e0
2026-08-30T15:28:44.091+08:00[Asia/Shanghai]	138353021	search_economic_indicator	"{""question"":""中国规模以上工业企业利润总额当月同比增速""}"	74c9c0ce7d2f1ee5e3c00509f8cd8081
2026-08-30T15:27:10.439+08:00[Asia/Shanghai]	111989661	query_economic_indicator_data	"{""question"":""G0000887"",""beginDate"":""2024-01-01"",""endDate"":""2026-08-28""}"	d8fd66459cd2e84142177144d64db066
2026-08-30T15:24:28.203+08:00[Asia/Shanghai]	111989661	query_economic_indicator_data	"{""question"":""G0000887,G0000891,M0000271"",""beginDate"":""2024-01-01"",""endDate"":""2026-08-28""}"	1ccff7ae989e87bd8759376c1804f431
2026-08-30T15:22:20.830+08:00[Asia/Shanghai]	144001144	query_economic_indicator_data	"{""question"":""S0183545,S0183555,S0183565,G0004647,S5614903,M0000207"",""beginDate"":""2023-01-01"",""endDate"":""2026-08-30""}"	3725b61351abbe3dd7eaeb50c2ca06d4
2026-08-30T15:22:17.118+08:00[Asia/Shanghai]	144001144	query_economic_indicator_data	"{""question"":""S0182640,G0303103,W8192783,A4989229,G4802438,G0166253"",""beginDate"":""2023-01-01"",""endDate"":""2026-08-30""}"	a7fe1938b55bc143fe0601634e9e3993
2026-08-30T15:21:49.789+08:00[Asia/Shanghai]	131662477	query_economic_indicator_data	"{""question"":""M0048648,M0048688,G0005662,G0005821"",""beginDate"":""2025-01-01"",""endDate"":""2025-12-31""}"	a7c7c1223947121a88aa7e3d224a6e20
2026-08-30T15:21:43.514+08:00[Asia/Shanghai]	131662477	search_economic_indicator	"{""question"":""北京上海广州深圳人口""}"	614d75736236b5aefb5820003af69db8
2026-08-30T15:21:41.146+08:00[Asia/Shanghai]	131662477	search_economic_indicator	"{""question"":""深圳常住人口""}"	50ed1909acd3e93aa2e334ab55b8ed58
2026-08-30T15:21:25.002+08:00[Asia/Shanghai]	144338461	search_economic_indicator	"{""question"":""浙江 活期存款 住户""}"	ee2488af6625b00cb939407b816f991a
2026-08-30T15:20:18.057+08:00[Asia/Shanghai]	144453920	query_economic_indicator_data	"{""question"":""港元兑人民币汇率 最新"",""beginDate"":""2026-08-30"",""endDate"":""2026-08-30""}"	a28b2b44f49f21601854d1c1f3dc04f5
2026-08-30T15:20:13.819+08:00[Asia/Shanghai]	144338461	search_economic_indicator	"{""question"":""浙江 住户存款 定期及其他存款 本外币""}"	f10b5617622d0484c655fdf4ebbeb4fe
2026-08-30T15:19:40.160+08:00[Asia/Shanghai]	144338461	search_economic_indicator	"{""question"":""浙江 住户存款 活期存款 本外币""}"	156d951cbe07032ecce04381a2eede6e
2026-08-30T15:19:30.804+08:00[Asia/Shanghai]	144001144	query_economic_indicator_data	"{""question"":""S0182640,G0303103,S0183545,S0183555,S0183565,G0004647"",""beginDate"":""2026-06-01"",""endDate"":""2026-08-30""}"	ec7301374d8c89b7d1cb12db2155e7aa
2026-08-30T15:18:55.150+08:00[Asia/Shanghai]	144338461	search_economic_indicator	"{""question"":""浙江 金融机构各项存款余额 住户存款 活期存款 定期及其他存款""}"	dfa0e94a6221f578591093bba1e59622
2026-08-30T15:18:33.719+08:00[Asia/Shanghai]	144001144	query_economic_indicator_data	"{""question"":""S0182640,G0303103,W8192783,A4989229,G4802438,G0166253,S0183545,S0183555,S0183565,G0004647,S5614903,M0000207"",""beginDate"":""2023-01-01"",""endDate"":""2026-08-30""}"	7a9e52f528104ad546e32146fd08a0bc
2026-08-30T15:15:17.314+08:00[Asia/Shanghai]	141034356	query_economic_indicator_data	"{""question"":""S0000066,S0114089,S0000073,S0000075,S0000072,S0000069,D9483906,S0031553,S0031550"",""beginDate"":""2025-01-01"",""endDate"":""2026-08-30""}"	c4033a788dbcc947272de37f6f6c2f33
2026-08-30T15:15:12.922+08:00[Asia/Shanghai]	141034356	query_economic_indicator_data	"{""question"":""S0179655,Z9174481,S0029755,S0031718"",""beginDate"":""2025-01-01"",""endDate"":""2026-08-30""}"	72bf1f3b71dee361df3eb013849d4e7e
2026-08-30T15:15:08.785+08:00[Asia/Shanghai]	141034356	query_economic_indicator_data	"{""question"":""S0105523,S0105710,S0105526,S6139215,S6139212,X2694913,S0105689"",""beginDate"":""2025-01-01"",""endDate"":""2026-08-30""}"	d5cfb5be70d0f9140e44f872590f7301
2026-08-30T15:13:18.535+08:00[Asia/Shanghai]	141034356	search_economic_indicator	"{""question"":""橡胶价格指数 相关指标""}"	6d447e648f0c954e78687ed77732970c
2026-08-30T15:13:06.210+08:00[Asia/Shanghai]	141034356	search_economic_indicator	"{""question"":""炭黑 橡胶助剂 价格 相关指标""}"	29e52c812f2eaf51264184dfffdf2c44
2026-08-30T15:12:57.879+08:00[Asia/Shanghai]	141034356	search_economic_indicator	"{""question"":""天然橡胶价格 标准胶 全乳胶 相关指标""}"	c2fc004fccc74e2e829824b7738224b2
2026-08-30T15:12:53.906+08:00[Asia/Shanghai]	141034356	search_economic_indicator	"{""question"":""轮胎产量 橡胶轮胎外胎 相关指标""}"	4b5bec445790dd47da6db42ad822c240
2026-08-30T15:11:21.234+08:00[Asia/Shanghai]	143971517	query_economic_indicator_data	"{""question"":""德国10年期国债收益率"",""beginDate"":""2026-07-01"",""endDate"":""2026-08-28""}"	86e85993f4069d8e5fb5563a413b543b
2026-08-30T15:10:57.661+08:00[Asia/Shanghai]	141034356	search_economic_indicator	"{""question"":""橡胶价格指数 相关指标""}"	ce45882630e623be5c3b8db35eef6de8
2026-08-30T15:10:55.020+08:00[Asia/Shanghai]	143971517	query_economic_indicator_data	"{""question"":""G1400003,G1400004,B2559386,G1700020"",""beginDate"":""2026-07-01"",""endDate"":""2026-08-28""}"	6ba593134bac0964e4282b51a3ff4bb6
2026-08-30T15:10:48.517+08:00[Asia/Shanghai]	143971517	search_economic_indicator	"{""question"":""法国10年期国债收益率、法国30年期国债收益率、德国10年期国债收益率、意大利10年期国债收益率的日度指标""}"	82ffa6f667b6742ea213e98e6cc461c5
2026-08-30T15:10:48.006+08:00[Asia/Shanghai]	141034356	search_economic_indicator	"{""question"":""轮胎出口 橡胶进口 相关指标""}"	e4e1f85a5b63ee5b65c002cc6430fe48
2026-08-30T15:10:22.666+08:00[Asia/Shanghai]	141034356	search_economic_indicator	"{""question"":""合成橡胶 顺丁橡胶 丁苯橡胶 价格 相关指标""}"	26916304011661693409fc77e5d73cac
2026-08-30T15:10:15.993+08:00[Asia/Shanghai]	141034356	search_economic_indicator	"{""question"":""天然橡胶价格 标准胶 全乳胶 相关指标""}"	3c11861be2e8ed1a69da5ca387c0fb54
2026-08-30T15:08:37.679+08:00[Asia/Shanghai]	143188536	query_economic_indicator_data	"{""question"":""标准普尔500波动率指数VIX（代码G0003892）最近5个交易日数据"",""observation"":""5""}"	110413081a47f6e6ff98f1f3c6952422
2026-08-30T15:06:32.891+08:00[Asia/Shanghai]	144215690	query_economic_indicator_data	"{""question"":""M0085818,M6194529,M5207743"",""beginDate"":""2013-01-01"",""endDate"":""2026-08-30""}"	3610157fac0b816440426223a4fd8598
2026-08-30T15:06:23.088+08:00[Asia/Shanghai]	144338461	search_economic_indicator	"{""question"":""湖南 住户存款 本外币""}"	b1323ff6690d961c8b442bd73ee0a3de
2026-08-30T15:06:15.304+08:00[Asia/Shanghai]	144338461	search_economic_indicator	"{""question"":""黑龙江 住户存款""}"	7a41beeb429b70bc866d7888514ab1f8
2026-08-30T15:06:14.043+08:00[Asia/Shanghai]	144338461	search_economic_indicator	"{""question"":""上海 住户存款 人民币""}"	787161b9be41bf25f249c7ae85341d99
2026-08-30T15:05:23.460+08:00[Asia/Shanghai]	144215690	query_economic_indicator_data	"{""question"":""M0085818,M6194529,M5207743"",""beginDate"":""2013-01-01"",""endDate"":""2026-08-30""}"	5e737f3e90bd820b0a31dfb50e8cfd23
2026-08-30T15:03:50.339+08:00[Asia/Shanghai]	144338461	query_economic_indicator_data	"{""question"":""M5527315,W2759454,M5540190,M5527374,M5527396,M5540245,M6429084,J4134181,M5525952,M5527657,M5540259,M5540269,M5540298,M5527479,M5540334,M5526056,M5540390,M5526067,M5526106,M5540451,M5527506,M5526174,M5540535,M5540597,M5527545,M5540627,M5540711,M5540767,M5546359,M5540801,M5527601"",""beginDate"":""2015-01-01"",""endDate"":""2025-12-31""}"	92586110d9b55e9ddfa5e05092922e2c
2026-08-30T15:02:56.730+08:00[Asia/Shanghai]	144338461	query_economic_indicator_data	"{""question"":""M5546359"",""beginDate"":""2015-01-01"",""endDate"":""2025-12-31""}"	c5ae503449e0a86caac03a261e6b95b7
2026-08-30T15:02:48.193+08:00[Asia/Shanghai]	144338461	search_economic_indicator	"{""question"":""四川 住户存款 人民币""}"	d0df805289ad6bd7ef839000532461e7
2026-08-30T15:02:27.896+08:00[Asia/Shanghai]	143890555	query_economic_indicator_data	"{""question"":""LME铜现货结算价"",""observation"":""2""}"	cc9db019781fb47f2778c55796357a2d
2026-08-30T15:02:18.283+08:00[Asia/Shanghai]	143890555	query_economic_indicator_data	"{""question"":""美国2年期国债收益率"",""observation"":""2""}"	c8feca2ba809b731ee822ff024e32da6
2026-08-30T15:01:56.025+08:00[Asia/Shanghai]	144338461	search_economic_indicator	"{""question"":""宁夏 金融机构各项存款余额 境内存款 住户存款 合计""}"	c06ba81ebbca0e0b57ae08c5bb19fddf
2026-08-30T15:01:53.975+08:00[Asia/Shanghai]	144338461	search_economic_indicator	"{""question"":""甘肃 金融机构各项存款余额 境内存款 住户存款 合计""}"	66a20cd55f539de3a94eec057333497c
2026-08-30T15:01:51.931+08:00[Asia/Shanghai]	144338461	search_economic_indicator	"{""question"":""西藏 金融机构各项存款余额 境内存款 住户存款 合计""}"	97501e648963bd765d3387a064d0d648
2026-08-30T15:01:43.136+08:00[Asia/Shanghai]	144206102	search_economic_indicator	"{""question"":""计算机通信电子设备制造业利润累计同比 集成电路""}"	f205aed30b4262c9159adaf74120fcdc
2026-08-30T15:01:42.414+08:00[Asia/Shanghai]	144338461	search_economic_indicator	"{""question"":""广东 金融机构各项存款余额 境内存款 住户存款 合计""}"	128edb411566458f31acba2751269bce
2026-08-30T15:01:36.590+08:00[Asia/Shanghai]	144338461	search_economic_indicator	"{""question"":""湖北 金融机构各项存款余额 境内存款 住户存款 合计""}"	f68933d4d20d73b8c26ba3db74d85592
2026-08-30T15:01:32.112+08:00[Asia/Shanghai]	144338461	search_economic_indicator	"{""question"":""江西 金融机构各项存款余额 境内存款 住户存款 合计""}"	8d1fa5161c6b26680e0c94f41889b62f
2026-08-30T15:01:30.386+08:00[Asia/Shanghai]	144338461	search_economic_indicator	"{""question"":""福建 金融机构各项存款余额 境内存款 住户存款 合计""}"	be7d09c6fc9e7a84c97d023d0a667b84
2026-08-30T15:01:27.908+08:00[Asia/Shanghai]	144401380	search_economic_indicator	"{""question"":""甲醇库存""}"	6714176809114543943ca99890eb6da7
2026-08-30T15:01:24.629+08:00[Asia/Shanghai]	144338461	search_economic_indicator	"{""question"":""安徽 金融机构各项存款余额 境内存款 住户存款 合计""}"	4b6a7c0eb920e81ae724248703f0a74d
2026-08-30T15:01:20.054+08:00[Asia/Shanghai]	144206102	query_economic_indicator_data	"{""question"":""美国:PCE物价指数:同比"",""beginDate"":""2026-05-01"",""endDate"":""2026-08-30""}"	c3ef297cfaa96f918a47fc71a54c3968
2026-08-30T15:01:08.106+08:00[Asia/Shanghai]	144338461	search_economic_indicator	"{""question"":""辽宁 金融机构各项存款余额 境内存款 住户存款 合计""}"	5f6683efc76592aee0ea181026a01ec1
2026-08-30T15:01:06.711+08:00[Asia/Shanghai]	144338461	search_economic_indicator	"{""question"":""内蒙古 金融机构各项存款余额 境内存款 住户存款 合计""}"	b5af21a2176454d792b2fc28365f8325
2026-08-30T15:01:04.312+08:00[Asia/Shanghai]	144206102	query_economic_indicator_data	"{""question"":""美国:PCE物价指数:当月同比"",""beginDate"":""2026-05-01"",""endDate"":""2026-08-30""}"	15d12c7a4eeff3815cff97aacf2042f4
2026-08-30T15:01:04.083+08:00[Asia/Shanghai]	144338461	search_economic_indicator	"{""question"":""河北 金融机构各项存款余额 境内存款 住户存款 合计""}"	70a3410b2503e3219528f91a720ec148
2026-08-30T15:01:02.478+08:00[Asia/Shanghai]	144338461	search_economic_indicator	"{""question"":""天津 金融机构各项存款余额 境内存款 住户存款 合计""}"	d112167e2bc58b3f36d25e7e604e8e5b
2026-08-30T15:01:01.302+08:00[Asia/Shanghai]	144338461	search_economic_indicator	"{""question"":""北京 金融机构各项存款余额 境内存款 住户存款 合计""}"	c41a02b2b012af3bcc0ee78d9a3c077f
2026-08-30T15:00:41.295+08:00[Asia/Shanghai]	144401380	search_economic_indicator	"{""question"":""PTA库存""}"	aa125deeaf6a6e481c31bedde6568448
2026-08-30T14:59:50.390+08:00[Asia/Shanghai]	144401380	search_economic_indicator	"{""question"":""聚丙烯库存""}"	13412f4bdd8b199229e21a88bb6f4e80
2026-08-30T14:58:41.071+08:00[Asia/Shanghai]	114065515	query_economic_indicator_data	"{""question"":""S5806072"",""observation"":""10""}"	f9d6c3105c594a3fcbd8c25b35693040
2026-08-30T14:58:20.642+08:00[Asia/Shanghai]	144401380	search_economic_indicator	"{""question"":""中国:库存量:铝锭""}"	779fc4b8541f43ac8502dc8c7bcb906c
2026-08-30T14:58:18.588+08:00[Asia/Shanghai]	144215690	search_economic_indicator	"{""question"":""中债 银行间现券交易额 按投资者""}"	f271f3b5624a248a005f016eff52cbe8
2026-08-30T14:57:48.429+08:00[Asia/Shanghai]	144215690	search_economic_indicator	"{""question"":""中债 银行间现券交易额 按投资者 证券公司 月""}"	3c5a4a7fbe618d516b9d8d19fcdbfd8f
2026-08-30T14:57:40.361+08:00[Asia/Shanghai]	144215690	search_economic_indicator	"{""question"":""中国 同业存单 发行利率 股份制银行 1个月 3个月 6个月 9个月 1年""}"	019beddbc44dfad687955910cfcb07c9
2026-08-30T14:57:38.775+08:00[Asia/Shanghai]	114065515	search_economic_indicator	"{""question"":""白银ETF持仓量 SLV 吨""}"	67547c6734d122d020211657232e972e
2026-08-30T14:57:34.857+08:00[Asia/Shanghai]	144401380	search_economic_indicator	"{""question"":""中国:库存量:铝""}"	e712f71e85789f82f7c84bb4beed0f04
2026-08-30T14:57:33.445+08:00[Asia/Shanghai]	144215690	search_economic_indicator	"{""question"":""中国同业存单发行利率，按国有银行、股份制银行、城商行、农商行和1个月、3个月、6个月、9个月、1年期限分类的全部日频指标""}"	1ef3c8d1cac59ca0c37d58ab7d3203c8
2026-08-30T14:57:25.414+08:00[Asia/Shanghai]	144215690	search_economic_indicator	"{""question"":""中国 同业存单 发行利率 农商行 1个月 3个月 6个月 9个月 1年""}"	738e3e4ddd4d9e3013f2065b2394673b
2026-08-30T14:57:17.458+08:00[Asia/Shanghai]	144215690	search_economic_indicator	"{""question"":""中国 同业存单 发行利率 城商行 1个月 3个月 6个月 9个月 1年""}"	5948ae7d70235c70222e7d6f11bb29f5
2026-08-30T14:57:14.532+08:00[Asia/Shanghai]	144215690	query_economic_indicator_data	"{""question"":""M1006647"",""beginDate"":""2013-01-01"",""endDate"":""2026-08-30""}"	5f8f3ccf662c6f5eac82cc8c534a102f
2026-08-30T14:57:14.137+08:00[Asia/Shanghai]	143843573	query_economic_indicator_data	"{""question"":""M0061656"",""beginDate"":""2025-01-01"",""endDate"":""2026-07-31""}"	341cdbd120061be8e5aed4a8c0bab5b8
2026-08-30T14:56:52.109+08:00[Asia/Shanghai]	144401380	search_economic_indicator	"{""question"":""中国:库存量:铜""}"	501c7cd53627c741ff78b758ecc37844
2026-08-30T14:56:04.657+08:00[Asia/Shanghai]	144460327	search_economic_indicator	"{""question"":""南通 贷款 制造业 基础设施 绿色""}"	ad6073f4e7c9402b81e53e0b4cae29fe
2026-08-30T14:56:02.847+08:00[Asia/Shanghai]	144401380	search_economic_indicator	"{""question"":""中国:社会库存量:电解铜""}"	1965bcc45dabf999e2a8be3bad8f7c2c
2026-08-30T14:55:14.194+08:00[Asia/Shanghai]	144215690	query_economic_indicator_data	"{""question"":""M0085818,M0342027,M0342029"",""beginDate"":""2013-01-01"",""endDate"":""2015-12-31""}"	7dc313bdec3dc72dd6261f9e3800e220
2026-08-30T14:55:04.648+08:00[Asia/Shanghai]	115807576	query_economic_indicator_data	"{""question"":""美元指数 DXY 2026年8月"",""beginDate"":""2026-08-25"",""endDate"":""2026-08-29""}"	a705533eba7415c17f85c52fd4484a3a
2026-08-30T14:55:02.118+08:00[Asia/Shanghai]	115807576	query_economic_indicator_data	"{""question"":""美国30年期国债收益率 8月"",""beginDate"":""2026-08-25"",""endDate"":""2026-08-29""}"	829d67255baf78edf1bd77aa164aeeb7
2026-08-30T14:54:57.073+08:00[Asia/Shanghai]	144460327	search_economic_indicator	"{""question"":""江苏 金融机构人民币信贷收支表 单位存款 活期存款 定期存款""}"	8e339976150ea0587dcadfc72eb2ff7a
2026-08-30T14:54:44.828+08:00[Asia/Shanghai]	115807576	query_economic_indicator_data	"{""question"":""黄金现货价格 2026年8月"",""beginDate"":""2026-08-25"",""endDate"":""2026-08-29""}"	22a395b50014b0adf7437ac01295d8b8
2026-08-30T14:54:44.502+08:00[Asia/Shanghai]	115807576	query_economic_indicator_data	"{""question"":""美元指数DXY 2026年8月"",""beginDate"":""2026-08-25"",""endDate"":""2026-08-29""}"	443a9c689498de0851839cb169194be9
2026-08-30T14:54:38.588+08:00[Asia/Shanghai]	144460327	search_economic_indicator	"{""question"":""南通 单位存款 活期 定期 机关团体 财政性存款 保证金""}"	6b5d8cb098776f46d122ac064b08e6eb
2026-08-30T14:54:03.366+08:00[Asia/Shanghai]	144460327	search_economic_indicator	"{""question"":""南通 存款 行业 制造业 批发零售 建筑业 房地产""}"	57026d4c968a411e17edbe7c94bf4533
2026-08-30T14:53:48.242+08:00[Asia/Shanghai]	144215690	search_economic_indicator	"{""question"":""中国 银行理财产品 存续规模 净值型 开放式 固定收益类""}"	e78ce1169c8c10728ef1ebb1ca84afae
2026-08-30T14:53:34.619+08:00[Asia/Shanghai]	144215690	search_economic_indicator	"{""question"":""中国 银行间现券交易额 按投资者 商业银行 证券公司 基金 保险""}"	fcf5aa22b011c358a6a3ed2c9816d0f7
2026-08-30T14:53:22.625+08:00[Asia/Shanghai]	144215690	search_economic_indicator	"{""question"":""中国 证券公司 净资本 风险覆盖率 资本杠杆率 流动性覆盖率 净稳定资金率""}"	975c02df3ef668eb1e86e8e814ae5810
2026-08-30T14:52:45.130+08:00[Asia/Shanghai]	144215690	search_economic_indicator	"{""question"":""中国 商业银行 应付债券 同业存单 负债结构""}"	d8f12fb8d6068a0b81e6af173f1b517b
2026-08-30T14:52:20.862+08:00[Asia/Shanghai]	144215690	search_economic_indicator	"{""question"":""中国 商业银行 同业负债 余额 同业存放 拆入资金 卖出回购金融资产款""}"	f76e0f81078df90d3d85b18c7a8917fa
2026-08-30T14:52:00.132+08:00[Asia/Shanghai]	143188536	query_economic_indicator_data	"{""question"":""提取VIX恐慌指数、COMEX黄金期货、WTI原油期货、美元兑在岸人民币USDCNY在2026年8月28日或最近交易日的最新收盘数据和涨跌幅"",""beginDate"":""2026-08-28"",""endDate"":""2026-08-30""}"	02141525af888909712f3fc545af3ac7
2026-08-30T14:51:48.525+08:00[Asia/Shanghai]	144215690	query_economic_indicator_data	"{""question"":""M0330263"",""beginDate"":""2021-03-15"",""endDate"":""2021-03-22""}"	d78100be1d7a182630eb6c728988af2d
2026-08-30T14:50:31.628+08:00[Asia/Shanghai]	143837459	query_economic_indicator_data	"{""question"":""M0028058"",""beginDate"":""2018-01-01"",""endDate"":""2026-08-30""}"	6fd6c48842b640a5a1b7d9e27ff5164b
2026-08-30T14:50:31.024+08:00[Asia/Shanghai]	144215690	search_economic_indicator	"{""question"":""融资融券 融资买入额 融资偿还额 融资余额 市场汇总 日""}"	07fa9b6fe69c9d045500991a79d17fc7
2026-08-30T14:50:02.599+08:00[Asia/Shanghai]	144215690	search_economic_indicator	"{""question"":""银行间债券 买卖价差 报价深度 做市商 成交估值偏离 零成交""}"	8995c597904725652c256e85cc00f21e
2026-08-30T14:49:47.755+08:00[Asia/Shanghai]	143837459	query_economic_indicator_data	"{""question"":""A7420019,B0486466"",""observation"":""5""}"	234bbc4aeaa52d6ddd13b421c34d3c67
2026-08-30T14:49:45.276+08:00[Asia/Shanghai]	144215690	search_economic_indicator	"{""question"":""国股银票 城商银票 转贴现利率 3个月 6个月 成交量""}"	4edd9d461073aed610c0c393ef55f9c2
2026-08-30T14:49:28.145+08:00[Asia/Shanghai]	144215690	search_economic_indicator	"{""question"":""证券公司 净资本 杠杆率 流动性覆盖率 自营债券 资产负债表""}"	a92c00b1eee995656bdc94c218fb84f8
2026-08-30T14:49:06.147+08:00[Asia/Shanghai]	143837459	search_economic_indicator	"{""question"":""中国社会消费品零售总额中西药品类增速相关指标""}"	635e49836e2382fb0592810dc9ec6f19
2026-08-30T14:48:49.525+08:00[Asia/Shanghai]	143837459	search_economic_indicator	"{""question"":""中国中药行业营业收入累计同比增速相关指标""}"	29a7671eb1df4fa33c6b7606f84851ec
2026-08-30T14:48:24.434+08:00[Asia/Shanghai]	144215690	search_economic_indicator	"{""question"":""商业银行 同业负债 同业存单余额 批发融资 资金来源 分银行类型""}"	99f0bd8e44f7b1e04681d76fb1d903f4
2026-08-30T14:48:02.262+08:00[Asia/Shanghai]	144215690	search_economic_indicator	"{""question"":""同业存单 计划发行规模 实际发行规模 发行成功率 取消发行 到期量 分银行类型""}"	bff02f2f06b2ec61837f696f51875723
2026-08-30T14:47:51.756+08:00[Asia/Shanghai]	144215690	search_economic_indicator	"{""question"":""银行间质押式回购 分机构类型 正回购 逆回购 加权利率 成交金额""}"	d7879194cb75f927027184cb0490f3bb
2026-08-30T14:47:33.440+08:00[Asia/Shanghai]	144233444	query_economic_indicator_data	"{""question"":""S5914499,S9984052,S9983923,S5443719,S9983620"",""beginDate"":""2026-06-01"",""endDate"":""2026-08-30""}"	1c2d2d9b0df071d8fb4640d6e7a5b654
2026-08-30T14:47:29.296+08:00[Asia/Shanghai]	143837459	search_economic_indicator	"{""question"":""零售 中西药品""}"	a504d4706f43009d4c9c14a5b644e2cf
2026-08-30T14:47:11.790+08:00[Asia/Shanghai]	144233444	search_economic_indicator	"{""question"":""中国氯化钾、磷酸一铵、磷酸二铵、尿素市场价格指标""}"	23499018e5400306ca3c9ae905e107a7
2026-08-30T14:46:21.413+08:00[Asia/Shanghai]	144272920	query_economic_indicator_data	"{""question"":""截至2026-08-30，提取中国官方利率数据：7天逆回购利率、1年期MLF利率、1年期LPR、5年期以上LPR、DR007（如有官方/交易中心口径，取最新可得），并返回日期/统计期、发布日期、单位、口径、来源与Wind代码；只要官方原始口径，不要一致预期。""}"	cc54124e29587711fbdef000d46d5c01
2026-08-30T14:46:20.894+08:00[Asia/Shanghai]	144272920	query_economic_indicator_data	"{""question"":""截至2026-08-30，提取中国人民银行官方货币信用数据：M2同比、社会融资规模存量同比、人民币贷款余额同比、人民币贷款加权平均利率（如可得，最新已发布期），并返回统计期、发布日期、单位、口径、来源与Wind代码；只要官方原始口径，不要一致预期。""}"	4a4f74435b39c18174a2353724ab735e
2026-08-30T14:46:20.598+08:00[Asia/Shanghai]	144272920	query_economic_indicator_data	"{""question"":""截至2026-08-30，提取中国国家统计局官方消费数据：社会消费品零售总额（当月值、累计值、同比，最新已发布月份）、全国居民人均消费支出（季度/年度最新已发布值，如可得），并返回每项的指标名称、统计期、发布日期、单位、口径、来源与Wind代码；只要官方原始口径，不要一致预期。""}"	f37235e3afe30195371aa5d61b16dfa3
2026-08-30T14:46:20.045+08:00[Asia/Shanghai]	144272920	query_economic_indicator_data	"{""question"":""截至2026-08-30，提取中国国家统计局官方价格数据：CPI和PPI（同比、环比，最新已发布月份），并返回统计期、发布日期、单位、口径、来源与Wind代码；只要官方原始口径，不要一致预期。""}"	c4df3f659f920a6e54b910541e310b3e
2026-08-30T14:46:18.350+08:00[Asia/Shanghai]	143837459	search_economic_indicator	"{""question"":""OTC 非处方药 零售""}"	8c9f10748f16802d6066357c8769a515
2026-08-30T14:46:01.815+08:00[Asia/Shanghai]	143837459	search_economic_indicator	"{""question"":""中成药产量""}"	7626a1ccd397212a2dd6d71e35990a9c
2026-08-30T14:44:52.966+08:00[Asia/Shanghai]	143837459	search_economic_indicator	"{""question"":""中医药""}"	f2839d9a1e6621c74004d7c59b683562
2026-08-30T14:44:15.996+08:00[Asia/Shanghai]	144397613	query_economic_indicator_data	"{""question"":""DR007"",""beginDate"":""2024-01-01"",""endDate"":""2025-07-31""}"	df8d698008c6923fc68e6cc11db3fd30
2026-08-30T14:43:58.181+08:00[Asia/Shanghai]	144457615	query_economic_indicator_data	"{""question"":""查询CBOT玉米 S0180893 最近 10 个交易日数据"",""observation"":""10""}"	d431a9b99d3e0cf7716a6f13e2f0a807
2026-08-30T14:43:51.965+08:00[Asia/Shanghai]	144457615	query_economic_indicator_data	"{""question"":""查询CBOT大豆 S0180920 最近 10 个交易日数据"",""observation"":""10""}"	5a3a1e4767350d36b25ce7c18f68d986
2026-08-30T14:43:51.679+08:00[Asia/Shanghai]	143837459	search_economic_indicator	"{""question"":""中国中药行业市场规模 中成药销售收入""}"	79ee6be9770692ace2d8a9b3e41b5fd5
2026-08-30T14:43:36.899+08:00[Asia/Shanghai]	144457615	search_economic_indicator	"{""question"":""查询CBOT大豆、玉米期货近一周收盘价,以及马来西亚棕榈油期货价格""}"	303decc197dd01d0847fe38ffff8b0c0
2026-08-30T14:42:02.199+08:00[Asia/Shanghai]	101423457	query_economic_indicator_data	"{""question"":""房地产开发企业到位资金 定金及预收款 年度"",""beginDate"":""2015-01-01"",""endDate"":""2025-12-31""}"	6f5293c06038c65c94c4e15959247015
2026-08-30T14:41:57.712+08:00[Asia/Shanghai]	144457615	search_economic_indicator	"{""question"":""查询大商所棕榈油期货收盘价""}"	f404a0c93c567fb4e748bce2c93927ed
2026-08-30T14:41:49.212+08:00[Asia/Shanghai]	144457615	search_economic_indicator	"{""question"":""查询大商所豆粕期货主力合约收盘价""}"	6bb205336b4084e6da27a1cb2b14ee64
2026-08-30T14:41:40.177+08:00[Asia/Shanghai]	101423457	query_economic_indicator_data	"{""question"":""房地产开发企业到位资金 个人按揭贷款 年度"",""beginDate"":""2015-01-01"",""endDate"":""2025-12-31""}"	ff5ce1c43f1450cebf48ef0aa62b9453
2026-08-30T14:41:37.173+08:00[Asia/Shanghai]	101423457	query_economic_indicator_data	"{""question"":""个人住房贷款余额 年度"",""beginDate"":""2015-01-01"",""endDate"":""2025-12-31""}"	fe4bb6d6b462889664d9e9258ce9d332
2026-08-30T14:41:37.166+08:00[Asia/Shanghai]	144457615	query_economic_indicator_data	"{""question"":""查询棉花期货收盘价 M0066361 指标最近 10 个交易日数据"",""observation"":""10""}"	48ca35c68269d9bc896a100617ba695e
2026-08-30T14:41:01.072+08:00[Asia/Shanghai]	144457615	search_economic_indicator	"{""question"":""查询大商所棕榈油期货主力合约收盘价""}"	860b3342b1d6f78fda324b31cfc90217
2026-08-30T14:40:39.853+08:00[Asia/Shanghai]	144457615	search_economic_indicator	"{""question"":""查询大商所豆粕期货主力合约收盘价""}"	42806e963ed49b962362593190ee121a
2026-08-30T14:38:43.953+08:00[Asia/Shanghai]	139551296	query_economic_indicator_data	"{""question"":""提取指标Y4169725 现货平均价:DRAM:DDR4(16Gb,3200Mbps) 的时间序列数据"",""beginDate"":""2026-01-01"",""endDate"":""2026-08-28""}"	da85693d68a6b1ae65827ad1cd480101
2026-08-30T14:38:25.493+08:00[Asia/Shanghai]	144272920	query_economic_indicator_data	"{""question"":""上证指数和沪深300截至2026-08-28的最新点位、涨跌幅、成交额，以及近1个月和近3个月涨跌幅，作为A股风险偏好与估值流动性代理"",""observation"":8}"	82c31da7d87a1f0eb7d94cb243208f7a
2026-08-30T14:38:24.976+08:00[Asia/Shanghai]	144272920	query_economic_indicator_data	"{""question"":""中国人民银行最新货币政策操作：7天逆回购利率、MLF利率、存款准备金率、LPR，提取最新实际值、日期和市场一致预期（如数据库有）"",""observation"":8}"	e2b1a70301c3d6db80c69fe2650d38f8
2026-08-30T14:38:23.079+08:00[Asia/Shanghai]	144272920	query_economic_indicator_data	"{""question"":""中国最新M2同比、社会融资规模存量同比、人民币贷款加权平均利率、7天银行间质押式回购利率，提取最新已发布实际值、日期和市场一致预期（如数据库有）"",""observation"":8}"	c873dee28ff0cd42aa76c12c2dc4b8ce
2026-08-30T14:38:22.554+08:00[Asia/Shanghai]	144272920	query_economic_indicator_data	"{""question"":""中国最新GDP同比、社会消费品零售总额同比、居民消费价格指数CPI同比、工业生产者出厂价格指数PPI同比，提取最新已发布实际值、报告期和市场一致预期（如数据库有）"",""observation"":8}"	11f7d288be7cd2f3bb9b2833b9023109
2026-08-30T14:38:20.739+08:00[Asia/Shanghai]	139551296	query_economic_indicator_data	"{""question"":""提取指标X0679400 现货平均价:DRAM:DDR5(16Gb,4800/5600Mbps) 的时间序列数据"",""beginDate"":""2026-01-01"",""endDate"":""2026-08-28""}"	a01fa9e564cfd1af848fdd00465085af
2026-08-30T14:37:45.977+08:00[Asia/Shanghai]	144460327	query_economic_indicator_data	"{""question"":""F4101952,F2193004"",""beginDate"":""2014-01-01"",""endDate"":""2026-08-30""}"	f5956c25b72b46e96fc4857e4061548b
2026-08-30T14:35:48.011+08:00[Asia/Shanghai]	143843573	query_economic_indicator_data	"{""question"":""S0035819"",""beginDate"":""2026-03-01"",""endDate"":""2026-08-28""}"	c6a697876165353fbecf4abc35fa5773
2026-08-30T14:32:59.067+08:00[Asia/Shanghai]	144423211	search_economic_indicator	"{""question"":""中债 债券托管量 按投资者 商业银行 非法人产品 持有 结构 月度""}"	36f461819b4cffdfb1309c5518a3d734
2026-08-30T14:32:24.418+08:00[Asia/Shanghai]	144423211	query_economic_indicator_data	"{""beginDate"":""2024-01-01"",""endDate"":""2026-08-28"",""question"":""中债银行间现券交易额按投资者：商业银行、保险机构、非法人产品 月度序列""}"	9c0eb3325b4f426289a19e87912a1099
2026-08-30T14:32:24.086+08:00[Asia/Shanghai]	115025072	query_economic_indicator_data	"{""question"":""M1006336"",""beginDate"":""2024-01-01"",""endDate"":""2025-12-31""}"	c443e4995890bbc3fc1ef0c5fbf1e868
2026-08-30T14:31:58.099+08:00[Asia/Shanghai]	144423211	search_economic_indicator	"{""question"":""中债 银行间现券交易额 按投资者 基金 保险 券商 农商行 境外""}"	d7e2a5650aa3fe559a8ba86595e24f90
2026-08-30T14:27:35.824+08:00[Asia/Shanghai]	101165122	query_economic_indicator_data	"{""question"":""S5814945"",""beginDate"":""2026-02-15"",""endDate"":""2026-08-30""}"	e1c1da7a48d78f4c90a98a04ff981719
2026-08-30T14:27:34.545+08:00[Asia/Shanghai]	115422579	query_economic_indicator_data	"{""question"":""S5814965"",""beginDate"":""2026-02-15"",""endDate"":""2026-08-30""}"	6e5007177ce0194852495bdf598e763c
2026-08-30T14:27:29.632+08:00[Asia/Shanghai]	144200161	query_economic_indicator_data	"{""question"":""U7309781"",""beginDate"":""2026-02-15"",""endDate"":""2026-08-30""}"	78f53379ce02a76f9e5bd565999423d1
2026-08-30T14:27:27.145+08:00[Asia/Shanghai]	115422579	query_economic_indicator_data	"{""question"":""M0000185"",""beginDate"":""2026-02-15"",""endDate"":""2026-08-30""}"	33eb0483ee1b4a19deda74d5afbb51ab
2026-08-30T14:27:25.146+08:00[Asia/Shanghai]	144378595	query_economic_indicator_data	"{""question"":""J6802485"",""beginDate"":""2026-02-15"",""endDate"":""2026-08-30""}"	5cdc41489657a4e2c9d1589bb2a4eb15
2026-08-30T14:27:24.814+08:00[Asia/Shanghai]	144200161	query_economic_indicator_data	"{""question"":""W8037172"",""beginDate"":""2026-02-15"",""endDate"":""2026-08-30""}"	abf2b6a077bd172869e30e0fa05de641
2026-08-30T14:27:23.668+08:00[Asia/Shanghai]	115422579	query_economic_indicator_data	"{""question"":""M0000271"",""beginDate"":""2026-02-15"",""endDate"":""2026-08-30""}"	a95c3324ba8675587af6ee0e8ae8bb91
2026-08-30T14:27:23.654+08:00[Asia/Shanghai]	115422579	query_economic_indicator_data	"{""question"":""M0061607"",""beginDate"":""2026-02-15"",""endDate"":""2026-08-30""}"	ea281ae17b24552f18954aa8778b48f7
2026-08-30T14:27:23.562+08:00[Asia/Shanghai]	144200161	query_economic_indicator_data	"{""question"":""M0061606"",""beginDate"":""2026-02-15"",""endDate"":""2026-08-30""}"	b6d6c44acb9bc89ba2b1a16fcc7d3831
2026-08-30T14:27:21.380+08:00[Asia/Shanghai]	115422579	query_economic_indicator_data	"{""question"":""S5134121"",""beginDate"":""2026-02-15"",""endDate"":""2026-08-30""}"	a7e62934fc3c466bbd6f54b6ece1f0df
2026-08-30T14:27:19.928+08:00[Asia/Shanghai]	144378595	query_economic_indicator_data	"{""question"":""P2995878"",""beginDate"":""2026-02-15"",""endDate"":""2026-08-30""}"	8b9397c9d2ff07b049fe3c061891324d
2026-08-30T14:27:19.864+08:00[Asia/Shanghai]	144378595	query_economic_indicator_data	"{""question"":""M0329513"",""beginDate"":""2026-02-15"",""endDate"":""2026-08-30""}"	8bdcb872b73b4baf8787cd686b9dd5ea
2026-08-30T14:27:17.655+08:00[Asia/Shanghai]	144378595	query_economic_indicator_data	"{""question"":""S5811582"",""beginDate"":""2026-02-15"",""endDate"":""2026-08-30""}"	d8538e13e2791d570b9e02d66a5b5226
2026-08-30T14:26:23.862+08:00[Asia/Shanghai]	144302533	query_economic_indicator_data	"{""question"":""美国10年期国债收益率,美国30年期国债收益率,美国2年期国债收益率"",""observation"":""5""}"	4467c765081f7a3d9efe24651b0cb7b9
2026-08-30T14:24:37.107+08:00[Asia/Shanghai]	144338461	search_economic_indicator	"{""question"":""湖北 住户存款分项 活期存款 定期及其他存款 人民币 本外币 月度""}"	03d3cb00fd1315663e348ffd2bb2e6dc
2026-08-30T14:21:57.489+08:00[Asia/Shanghai]	143953061	search_economic_indicator	"{""question"":""中国化学原料及化学制品制造业工业生产者出厂价格指数同比""}"	53803233597ea3fb16cc63b85ec93a6f
2026-08-30T14:19:54.169+08:00[Asia/Shanghai]	144460061	search_economic_indicator	"{""question"":""央行公开市场操作净投放""}"	addc68c78e88716b211904c18b480e90
2026-08-30T14:18:34.851+08:00[Asia/Shanghai]	144338461	query_economic_indicator_data	"{""question"":""M5525929,M5525930,M5540452,M5540453,M5526175,M5526176,M5540536,M5540537,M5540768,M5540769,M5546360,M5546361,M5527574,M5527575,M5540628,M5540629"",""beginDate"":""2015-01-01"",""endDate"":""2025-12-31""}"	946129f33f4b2398ae4d2714cc899b14
2026-08-30T14:18:08.532+08:00[Asia/Shanghai]	144338461	query_economic_indicator_data	"{""question"":""M5525929,M5525930,M5540452,M5540453,M5526175,M5526176,M5540536,M5540537,M5540768,M5540769,M5546360,M5546361,M5527574,M5527575,M5540628,M5540629"",""beginDate"":""2015-01-01"",""endDate"":""2025-12-31""}"	3500e80aa5ac1dd66dfbc96f6d7d21e6
2026-08-30T14:16:42.341+08:00[Asia/Shanghai]	144338461	query_economic_indicator_data	"{""question"":""M5527350,M5527351,M5527352,M5527353,M5527354,M5527355,M5527356,M5527357,M5527358,M5527359,M5527360,M5527361,M5527362,M5527363,M5527364,M5527365,M5527366,M5527367,M5527368,M5527369,M5527370,M5527371,M5527372,M5527373,M5527374"",""beginDate"":""2025-12-01"",""endDate"":""2025-12-31""}"	717994009d8cdf6b775527376ef64969
2026-08-30T14:16:24.220+08:00[Asia/Shanghai]	144338461	search_economic_indicator	"{""question"":""山西:金融机构各项存款余额:境内存款:住户存款:活期存款:本外币""}"	1ef9ab193c978459c17e816b0a393063
2026-08-30T14:15:34.902+08:00[Asia/Shanghai]	144338461	search_economic_indicator	"{""question"":""M5527364,M5527365,M5527507,M5527508,M5527535,M5527536,M5540628,M5540629""}"	06b6cd504022ccf42c3285c62efb98ae
2026-08-30T14:14:53.599+08:00[Asia/Shanghai]	144003017	query_economic_indicator_data	"{""question"":""M0000187"",""beginDate"":""2025-12-25"",""endDate"":""2026-08-28""}"	963e9ebecae8a39096f5b4199eb076f9
2026-08-30T14:14:42.780+08:00[Asia/Shanghai]	144338461	search_economic_indicator	"{""question"":""宁夏 金融机构各项存款余额 境内存款 住户存款 活期存款""}"	c2d6d1ce526100d1d172fc5e7e88d13a
2026-08-30T14:14:36.946+08:00[Asia/Shanghai]	144003017	search_economic_indicator	"{""question"":""港币兑人民币汇率中间价 HKD CNY""}"	44175841673ba57d38302f5a44ae9755
2026-08-30T14:13:51.505+08:00[Asia/Shanghai]	144338461	search_economic_indicator	"{""question"":""湖南 金融机构各项存款余额 境内存款 住户存款 活期存款""}"	1bc2ebbd15fc34133d8bfe2c1d5678ba
2026-08-30T14:13:41.555+08:00[Asia/Shanghai]	144338461	search_economic_indicator	"{""question"":""湖北 金融机构各项存款余额 境内存款 住户存款 活期存款""}"	fdaa290e8ce70a739ef59f24b3d822ed
2026-08-30T14:13:29.400+08:00[Asia/Shanghai]	144338461	search_economic_indicator	"{""question"":""河南 金融机构各项存款余额 境内存款 住户存款 活期存款""}"	7c7c362405f58994a1ba3273b968c455
2026-08-30T14:13:24.383+08:00[Asia/Shanghai]	138672639	query_economic_indicator_data	"{""question"":""M1001791,M1001787,M0000271,C7536898,S0069669,S0069670,M0000005,S0031525"",""beginDate"":""2026-08-20"",""endDate"":""2026-08-28""}"	52fa7d49578e6eaa580ef17b882275b2
2026-08-30T14:12:58.780+08:00[Asia/Shanghai]	144338461	search_economic_indicator	"{""question"":""江西 金融机构各项存款余额 境内存款 住户存款 活期存款""}"	0844318241a3a957aec0202a5f4eddf0
2026-08-30T14:12:49.200+08:00[Asia/Shanghai]	100017322	query_economic_indicator_data	"{""question"":""V6997741,Z8206246"",""beginDate"":""2025-12-12"",""endDate"":""2026-08-30""}"	ef383518302d277333c5d0b5bc457320
2026-08-30T14:12:43.843+08:00[Asia/Shanghai]	144338461	search_economic_indicator	"{""question"":""福建 金融机构各项存款余额 境内存款 住户存款 活期存款""}"	ff7da3ec093a6cc5a8db1b7829d5b33b
2026-08-30T14:11:38.043+08:00[Asia/Shanghai]	144338461	search_economic_indicator	"{""question"":""吉林 金融机构各项存款余额 境内存款 住户存款 活期存款""}"	f55759c193db40c1bb625e6182878020
2026-08-30T14:11:17.337+08:00[Asia/Shanghai]	144460076	query_economic_indicator_data	"{""question"":""S0167475,S0268214"",""observation"":""15""}"	7a1029f775da8076754f231cfea63808
2026-08-30T14:11:01.323+08:00[Asia/Shanghai]	111807423	query_economic_indicator_data	"{""question"":""M1001654"",""beginDate"":""2026-07-20"",""endDate"":""2026-08-28""}"	061552bd5d546887896490b25d9e3b35
2026-08-30T14:11:00.806+08:00[Asia/Shanghai]	144397613	query_economic_indicator_data	"{""question"":""中国:银行间质押式回购加权利率:1天"",""beginDate"":""2025-08-01"",""endDate"":""2026-08-28""}"	7530d463b4b2b77b7d27de49c7cab071
2026-08-30T14:10:54.892+08:00[Asia/Shanghai]	144397613	query_economic_indicator_data	"{""question"":""DR007"",""beginDate"":""2025-08-01"",""endDate"":""2026-08-28""}"	90c18a7b5c8d86ae4a739edfc22cace2
2026-08-30T14:10:33.553+08:00[Asia/Shanghai]	144397613	search_economic_indicator	"{""question"":""银行间质押式回购加权利率7天 R007 存款类机构DR007 1天""}"	5a93ff73ed95fa893d5f332e68317ad8
2026-08-30T14:09:18.675+08:00[Asia/Shanghai]	144460076	search_economic_indicator	"{""question"":""化学原料及化学制品制造业 固定资产投资完成额""}"	fa5855f5d6370721c72d2776e74a1d60
2026-08-30T14:09:13.058+08:00[Asia/Shanghai]	144338461	search_economic_indicator	"{""question"":""西藏 居民储蓄存款 活期存款 定期存款 金融机构余额""}"	43a015f9b1b3031dc34d05eeb5b2439a
2026-08-30T14:09:12.711+08:00[Asia/Shanghai]	144455983	query_economic_indicator_data	"{""question"":""M0329497,M0329499"",""observation"":""30""}"	0829301ab1573a1bd1ced0c852cea140
2026-08-30T14:08:50.798+08:00[Asia/Shanghai]	144460076	query_economic_indicator_data	"{""question"":""S0009100,S0009101,S0115107"",""observation"":""12""}"	6e46993510c3e80bc9c324c7098c39a6
2026-08-30T14:08:50.638+08:00[Asia/Shanghai]	144460076	query_economic_indicator_data	"{""question"":""A6741608"",""observation"":""12""}"	cf0628cdecce1c2fd3e657e6d7f3392a
2026-08-30T14:08:50.497+08:00[Asia/Shanghai]	144338461	search_economic_indicator	"{""question"":""云南 居民储蓄存款 活期存款 定期存款 金融机构余额""}"	c726f489f84411d15e01b93c087687d0
2026-08-30T14:08:28.369+08:00[Asia/Shanghai]	144460076	search_economic_indicator	"{""question"":""动力煤价格 秦皇岛 现货""}"	f0387f6d356b13dbeea15b63aafda13b
2026-08-30T14:08:28.287+08:00[Asia/Shanghai]	144460076	search_economic_indicator	"{""question"":""煤化工行业利润 细分行业 化学原料及化学制品制造业""}"	18898f9fa30167917d1ca8246002317a
2026-08-30T14:08:15.556+08:00[Asia/Shanghai]	144338461	search_economic_indicator	"{""question"":""四川 居民储蓄存款 活期存款 定期存款 金融机构余额""}"	82ed02b599b75fbf5c4b186a65aa7469
2026-08-30T14:08:01.406+08:00[Asia/Shanghai]	144338461	search_economic_indicator	"{""question"":""重庆 居民储蓄存款 活期存款 定期存款 金融机构余额""}"	aad451487f2581827ba29f86303aa466
2026-08-30T14:07:46.185+08:00[Asia/Shanghai]	144338461	search_economic_indicator	"{""question"":""海南 居民储蓄存款 活期存款 定期存款 金融机构余额""}"	9ce1550e5b95efa135aed8508380b65d
2026-08-30T14:07:24.558+08:00[Asia/Shanghai]	144338461	search_economic_indicator	"{""question"":""广西 居民储蓄存款 活期存款 定期存款 金融机构余额""}"	8af97c64c21d6e734220fc451f1d6188
2026-08-30T14:06:56.167+08:00[Asia/Shanghai]	144460076	query_economic_indicator_data	"{""question"":""S9987064,Q0545418"",""observation"":""8""}"	9ce6686666db711f3f6cfcc3c88c7f5e
2026-08-30T14:06:40.467+08:00[Asia/Shanghai]	144338461	search_economic_indicator	"{""question"":""湖北 居民储蓄存款 活期存款 定期存款 金融机构余额""}"	9439b76d9dc4a573163f7ddaedf609ad
2026-08-30T14:06:26.042+08:00[Asia/Shanghai]	144460076	query_economic_indicator_data	"{""question"":""H9901713,S9987064,M6409588"",""observation"":""12""}"	94c4e918180c70505218025ff182a149
2026-08-30T14:06:14.569+08:00[Asia/Shanghai]	144338461	search_economic_indicator	"{""question"":""河南 居民储蓄存款 活期存款 定期存款 金融机构余额""}"	59c903a95c0f94f94a405b69b363e894
2026-08-30T14:05:48.240+08:00[Asia/Shanghai]	144338461	search_economic_indicator	"{""question"":""福建 居民储蓄存款 活期存款 定期存款 金融机构余额""}"	e87ef38406eaea65ff1f2818229a22f0
2026-08-30T14:05:34.385+08:00[Asia/Shanghai]	144338461	search_economic_indicator	"{""question"":""浙江 居民储蓄存款 活期存款 定期存款 金融机构余额""}"	83078b170d3d65afec0827c08907f2a2
2026-08-30T14:05:26.796+08:00[Asia/Shanghai]	144407382	query_economic_indicator_data	"{""question"":""M6494006,M0000557"",""beginDate"":""2025-01-01"",""endDate"":""2026-08-31""}"	cec765c8b68c6d59a7c38d5292fc1872
2026-08-30T14:04:53.422+08:00[Asia/Shanghai]	144460076	search_economic_indicator	"{""question"":""煤化工行业有哪些相关指标""}"	ac2b9b8a7d09de80778d681ca551659a
2026-08-30T14:04:53.365+08:00[Asia/Shanghai]	144407382	search_economic_indicator	"{""question"":""计算机通信和其他电子设备制造业利润总额累计同比、工业企业利润总额累计同比""}"	1858b39cb88447156bc09e2516e97717
2026-08-30T14:04:51.903+08:00[Asia/Shanghai]	144338461	search_economic_indicator	"{""question"":""上海 居民储蓄存款 活期存款 定期存款 金融机构余额""}"	3be325847e12af7bf8644e61c268d5cb
2026-08-30T14:04:24.008+08:00[Asia/Shanghai]	144338461	search_economic_indicator	"{""question"":""吉林 居民储蓄存款 活期存款 定期存款 金融机构余额""}"	ebf6a4c13124afe82da5d7f7a8a0b88f
2026-08-30T14:04:05.932+08:00[Asia/Shanghai]	144338461	search_economic_indicator	"{""question"":""辽宁 居民储蓄存款 活期存款 定期存款 金融机构余额""}"	193eb3523fdd2b2f8b74ca8bd737e0b1
2026-08-30T14:03:49.082+08:00[Asia/Shanghai]	144338461	search_economic_indicator	"{""question"":""山西 居民储蓄存款 活期存款 定期存款 金融机构余额""}"	e666b4cb6d320efc00d473b82c77b4fc
2026-08-30T14:02:45.668+08:00[Asia/Shanghai]	144338461	search_economic_indicator	"{""question"":""云南 西藏 甘肃 宁夏 居民储蓄存款 活期存款 定期存款 金融机构余额""}"	127985126f14f3923f08b9677396ee05
2026-08-30T14:01:49.047+08:00[Asia/Shanghai]	144338461	search_economic_indicator	"{""question"":""山西 辽宁 吉林 黑龙江 上海 居民储蓄存款 活期存款 定期存款 金融机构余额""}"	9675eb75640ead2cddf4cce313504fbe
2026-08-30T14:00:44.590+08:00[Asia/Shanghai]	144338461	search_economic_indicator	"{""question"":""中国31个省级地区 金融机构各项存款余额 境内存款 住户存款 活期存款 定期及其他存款 本外币 人民币 月度指标""}"	7970ad2be39fc704851c23a9657836ca
2026-08-30T14:00:41.986+08:00[Asia/Shanghai]	144258228	query_economic_indicator_data	"{""question"":""中国:价格:螺纹钢(HRB400E,20mm) S5707798 和 中国:现货价:螺纹钢(φ25mm) S0179664"",""beginDate"":""2026-08-21"",""endDate"":""2026-08-28""}"	d2ddb987383419415cd4dbaf73e8a180
2026-08-30T14:00:38.270+08:00[Asia/Shanghai]	144258228	search_economic_indicator	"{""question"":""螺纹钢现货价格""}"	44b0937c7fa06924802dfc2f7b89cd94
2026-08-30T14:00:05.834+08:00[Asia/Shanghai]	144338461	query_economic_indicator_data	"{""question"":""M5546360,M5546361"",""beginDate"":""2015-01-01"",""endDate"":""2025-12-31""}"	a204e543f9cc63b0fc19e77a052cf22e
2026-08-30T13:59:54.554+08:00[Asia/Shanghai]	116325376	query_economic_indicator_data	"{""question"":""LME铜 期货收盘价 最新"",""observation"":3}"	d9ad0d4e8b8e4b5df106d95412f9759a
2026-08-30T13:59:51.797+08:00[Asia/Shanghai]	116325376	query_economic_indicator_data	"{""question"":""美国 国债收益率 10年 最新"",""observation"":3}"	3e8496859c70f155d815e5e0ab608f29
2026-08-30T13:59:50.827+08:00[Asia/Shanghai]	122833200	query_economic_indicator_data	"{""question"":""G0145002"",""beginDate"":""2026-07-27"",""endDate"":""2026-08-03""}"	dab553e13da5d7b19b1cd4e1d539a9db
2026-08-30T13:59:44.768+08:00[Asia/Shanghai]	144258228	query_economic_indicator_data	"{""question"":""中间价:美元兑人民币 M0000185 和 中间价:欧元兑人民币 M0000186"",""beginDate"":""2025-12-29"",""endDate"":""2025-12-31""}"	9fa1a60bafbc0b344c90c1d45f2eef85
2026-08-30T13:59:41.787+08:00[Asia/Shanghai]	116325376	query_economic_indicator_data	"{""question"":""美元指数 最新收盘价"",""observation"":3}"	806dbb143ec98b92c940de295ec44230
2026-08-30T13:59:35.282+08:00[Asia/Shanghai]	144258228	query_economic_indicator_data	"{""question"":""中间价:美元兑人民币 M0000185"",""beginDate"":""2026-08-21"",""endDate"":""2026-08-28""}"	a1e7ecc7575b2d8f46aa1558895422b5
2026-08-30T13:59:24.305+08:00[Asia/Shanghai]	144258228	search_economic_indicator	"{""question"":""欧元兑人民币中间价""}"	6e7059575e6f08acb796e987c8676098
2026-08-30T13:58:30.278+08:00[Asia/Shanghai]	144378706	query_economic_indicator_data	"{""question"":""中国商业银行净息差"",""beginDate"":""2020-01-01"",""endDate"":""2026-06-30""}"	6470dc1b278381656c01748860504653
2026-08-30T13:58:27.963+08:00[Asia/Shanghai]	144338461	query_economic_indicator_data	"{""question"":""M5527574,M5527575"",""beginDate"":""2015-01-01"",""endDate"":""2025-12-31""}"	0a80de043f4708b4a0ebef3749fb7615
2026-08-30T13:58:14.222+08:00[Asia/Shanghai]	144407382	search_economic_indicator	"{""question"":""全部A股归母净利润累计同比增速""}"	9dbb47a51c6dc17cd8b863aa4b97b678
2026-08-30T13:58:10.154+08:00[Asia/Shanghai]	144161103	query_economic_indicator_data	"{""question"":""X0679400"",""beginDate"":""2026-05-31"",""endDate"":""2026-08-29""}"	c43d6bccce57b6259c520bbaf8d0d735
2026-08-30T13:58:05.597+08:00[Asia/Shanghai]	144338461	search_economic_indicator	"{""question"":""M5527575""}"	91f6a651e3663ca61d5e2e95e5970729
2026-08-30T13:57:58.510+08:00[Asia/Shanghai]	144378706	query_economic_indicator_data	"{""question"":""M5201620"",""beginDate"":""2020-01-01"",""endDate"":""2026-06-30""}"	f79fa6f0ab1e367d7b8ac30e12ac25e3
2026-08-30T13:57:41.407+08:00[Asia/Shanghai]	144378706	query_economic_indicator_data	"{""question"":""M0058002"",""beginDate"":""2020-01-01"",""endDate"":""2026-06-30""}"	6a2d4cb239387b80dc6999586ea7d526
2026-08-30T13:57:05.764+08:00[Asia/Shanghai]	144378706	query_economic_indicator_data	"{""question"":""M0058002,M5201620"",""beginDate"":""2020-01-01"",""endDate"":""2026-06-30""}"	e2b41bd238eec9f2175f09a02bf672aa
2026-08-30T13:56:36.417+08:00[Asia/Shanghai]	144407382	query_economic_indicator_data	"{""question"":""M7071789,M7071686,M0000607"",""beginDate"":""2025-07-01"",""endDate"":""2026-08-31""}"	e247dff1099beabccd893aec5fe68a1f
2026-08-30T13:56:33.186+08:00[Asia/Shanghai]	144338461	query_economic_indicator_data	"{""question"":""青海省金融机构住户活期存款余额"",""beginDate"":""2015-01-01"",""endDate"":""2025-12-31""}"	d2918cae604b56d1f73c2747d41da965
2026-08-30T13:56:19.878+08:00[Asia/Shanghai]	144378706	search_economic_indicator	"{""question"":""中国 新发生 定期存款 加权平均利率""}"	fd2cdee133f63eacfbb7ebd9a741b374
2026-08-30T13:56:13.196+08:00[Asia/Shanghai]	144338461	search_economic_indicator	"{""question"":""青海 活期储蓄存款余额 定期储蓄存款余额""}"	b7a986236498942da5c3f324abc6c6d6
2026-08-30T13:55:32.898+08:00[Asia/Shanghai]	144338461	search_economic_indicator	"{""question"":""青海 金融机构 存款余额 住户存款 活期存款 人民币 月""}"	5b6552f7be18aec65ad9581798166649
2026-08-30T13:55:29.829+08:00[Asia/Shanghai]	116044445	query_economic_indicator_data	"{""question"":""万得全A指数收盘价"",""beginDate"":""2005-01-01"",""endDate"":""2026-08-30""}"	ba1d7e01ba59db24943d012305cf0543
2026-08-30T13:55:27.809+08:00[Asia/Shanghai]	116044445	query_economic_indicator_data	"{""question"":""万得全A指数收盘价"",""beginDate"":""2005-01-01"",""endDate"":""2026-08-30""}"	f92edaaeff29ac2efe593de1100a876e
2026-08-30T13:55:25.925+08:00[Asia/Shanghai]	116044445	query_economic_indicator_data	"{""question"":""万得全A指数收盘价"",""beginDate"":""2005-01-01"",""endDate"":""2026-08-30""}"	b758b42265d74a53b1c925764f9cdcbc
2026-08-30T13:55:24.974+08:00[Asia/Shanghai]	116044445	query_economic_indicator_data	"{""question"":""北向资金净流入"",""observation"":""500""}"	14ea2b530f1c512536ba24566ee89c60
2026-08-30T13:55:23.051+08:00[Asia/Shanghai]	116044445	query_economic_indicator_data	"{""question"":""北向资金净流入"",""observation"":""500""}"	6533f61739ff55d4065a78873a4d9e9e
2026-08-30T13:55:21.099+08:00[Asia/Shanghai]	116044445	query_economic_indicator_data	"{""question"":""北向资金净流入"",""observation"":""500""}"	4c2fde178e3534d4e9ed9a366f663655
2026-08-30T13:55:20.188+08:00[Asia/Shanghai]	116044445	query_economic_indicator_data	"{""question"":""A股融资融券余额"",""observation"":""500""}"	632f2a44e2771c181193a48a0148435f
2026-08-30T13:55:18.296+08:00[Asia/Shanghai]	116044445	query_economic_indicator_data	"{""question"":""A股融资融券余额"",""observation"":""500""}"	3c61d313368f293589f7a470339776ce
2026-08-30T13:55:16.422+08:00[Asia/Shanghai]	116044445	query_economic_indicator_data	"{""question"":""A股融资融券余额"",""observation"":""500""}"	641fd9d0000bee8530bdd874f3a24e58
2026-08-30T13:55:15.481+08:00[Asia/Shanghai]	116044445	query_economic_indicator_data	"{""question"":""中国动力煤价格指数CCI"",""beginDate"":""2010-01-01"",""endDate"":""2026-08-30""}"	4f63b06ad5315a71fc91f3b884f24d66
2026-08-30T13:55:13.586+08:00[Asia/Shanghai]	116044445	query_economic_indicator_data	"{""question"":""中国动力煤价格指数CCI"",""beginDate"":""2010-01-01"",""endDate"":""2026-08-30""}"	62a1f09369b2abd1215f0befa14b5877
2026-08-30T13:55:11.522+08:00[Asia/Shanghai]	116044445	query_economic_indicator_data	"{""question"":""中国动力煤价格指数CCI"",""beginDate"":""2010-01-01"",""endDate"":""2026-08-30""}"	c861daf996cacc0511d442c36495a416
2026-08-30T13:55:03.620+08:00[Asia/Shanghai]	116044445	query_economic_indicator_data	"{""question"":""创业板指指数市盈率TTM"",""beginDate"":""2010-01-01"",""endDate"":""2026-08-30""}"	3ad44053c60379db097b17b1ae19cfd7
2026-08-30T13:55:02.202+08:00[Asia/Shanghai]	144378706	search_economic_indicator	"{""question"":""中国商业银行全行业净息差、金融机构人民币贷款加权平均利率、商业银行存款平均付息率或存款成本率相关指标""}"	cca05e5bfa0651e22646f954266cbf85
2026-08-30T13:54:54.897+08:00[Asia/Shanghai]	116044445	query_economic_indicator_data	"{""question"":""沪深300指数股息率"",""beginDate"":""2010-01-01"",""endDate"":""2026-08-30""}"	4d85341c8370dab219d50df6666aaf59
2026-08-30T13:54:41.481+08:00[Asia/Shanghai]	144459141	query_economic_indicator_data	"{""question"":""M1001654"",""beginDate"":""2025-08-28"",""endDate"":""2026-08-28""}"	301dd63dd90e6ccf7a278e2ed29bb972
2026-08-30T13:54:36.821+08:00[Asia/Shanghai]	144459141	search_economic_indicator	"{""question"":""中国10年期国债收益率""}"	d071b14c6052d473a583023d395e957b
2026-08-30T13:54:36.216+08:00[Asia/Shanghai]	116044445	query_economic_indicator_data	"{""question"":""中国存款准备金率大型金融机构"",""beginDate"":""2010-01-01"",""endDate"":""2026-08-30""}"	a1dc4b3e3f5e39fe3244ec3c793b4c2b
2026-08-30T13:54:22.244+08:00[Asia/Shanghai]	116044445	query_economic_indicator_data	"{""question"":""中国铁矿石价格指数CIOPI"",""beginDate"":""2010-01-01"",""endDate"":""2026-08-30""}"	c4d3bae58c0565f82d511fc777bee43d
2026-08-30T13:54:08.829+08:00[Asia/Shanghai]	116044445	query_economic_indicator_data	"{""question"":""英国布伦特原油期货价格"",""beginDate"":""2010-01-01"",""endDate"":""2026-08-30""}"	6bd68abf8e191f83a6cdfded3d725b4a
2026-08-30T13:53:58.547+08:00[Asia/Shanghai]	116044445	query_economic_indicator_data	"{""question"":""创业板指指数市盈率TTM"",""beginDate"":""2010-01-01"",""endDate"":""2026-08-30""}"	af15adb8bb61e3831270a286aa5ff469
2026-08-30T13:53:53.725+08:00[Asia/Shanghai]	116044445	query_economic_indicator_data	"{""question"":""沪深300指数股息率"",""beginDate"":""2010-01-01"",""endDate"":""2026-08-30""}"	c07a32bf002961b5a481c8ea481c1cfe
2026-08-30T13:53:52.460+08:00[Asia/Shanghai]	116044445	query_economic_indicator_data	"{""question"":""中国动力煤价格指数CCI"",""beginDate"":""2010-01-01"",""endDate"":""2026-08-30""}"	ea6ad1be412c0f8cf5846cc5b5f353b2
2026-08-30T13:53:42.415+08:00[Asia/Shanghai]	116325376	query_economic_indicator_data	"{""question"":""美元指数 最新收盘价"",""observation"":3}"	e9c27bcf215adb71a136ce41888ad324
2026-08-30T13:53:41.289+08:00[Asia/Shanghai]	116044445	query_economic_indicator_data	"{""question"":""中国存款准备金率大型金融机构"",""beginDate"":""2010-01-01"",""endDate"":""2026-08-30""}"	d00dc28df5e6a0e57c7b03accd86cc4d
2026-08-30T13:53:41.268+08:00[Asia/Shanghai]	116044445	query_economic_indicator_data	"{""question"":""中国铁矿石价格指数CIOPI"",""beginDate"":""2010-01-01"",""endDate"":""2026-08-30""}"	3dae8c67ed677f0ee33a7cf9c37c1dcc
2026-08-30T13:53:41.262+08:00[Asia/Shanghai]	116044445	query_economic_indicator_data	"{""question"":""英国布伦特原油期货价格"",""beginDate"":""2010-01-01"",""endDate"":""2026-08-30""}"	80e97420362f0e8438f8e404a1cbad6e
2026-08-30T13:53:18.776+08:00[Asia/Shanghai]	116325376	query_economic_indicator_data	"{""question"":""美元指数、布伦特原油、COMEX黄金 最新收盘价"",""beginDate"":""2026-08-01"",""endDate"":""2026-08-28""}"	4032363ed09110b049f3ca6afa2331de
2026-08-30T13:52:48.512+08:00[Asia/Shanghai]	116325376	query_economic_indicator_data	"{""question"":""美国10年期国债收益率 联邦基金利率 最新值""}"	a9b591383b1b53df5858364149e0b63c
2026-08-30T13:52:47.900+08:00[Asia/Shanghai]	116325376	query_economic_indicator_data	"{""question"":""美元指数 布伦特原油 COMEX黄金 最新收盘价""}"	69cbf17fd3cd1bdc0c7d2d23af51c083
2026-08-30T13:51:26.430+08:00[Asia/Shanghai]	116044445	query_economic_indicator_data	"{""question"":""A股融资融券余额"",""observation"":""500""}"	3c6c2d2d613ce6395c85f6271bcd7646
2026-08-30T13:51:11.644+08:00[Asia/Shanghai]	116044445	query_economic_indicator_data	"{""question"":""中国动力煤价格指数CCI"",""beginDate"":""2010-01-01"",""endDate"":""2026-08-30""}"	e320279cf5ccf17c672f2194822f0864
2026-08-30T13:51:03.024+08:00[Asia/Shanghai]	116044445	query_economic_indicator_data	"{""question"":""创业板指指数市盈率TTM"",""beginDate"":""2010-01-01"",""endDate"":""2026-08-30""}"	16639894e8e32f89729e873bd75a2d36
2026-08-30T13:50:54.254+08:00[Asia/Shanghai]	116044445	query_economic_indicator_data	"{""question"":""沪深300指数股息率"",""beginDate"":""2010-01-01"",""endDate"":""2026-08-30""}"	4dd4259d33242da0ffa489110159c1f5
2026-08-30T13:50:33.941+08:00[Asia/Shanghai]	116044445	query_economic_indicator_data	"{""question"":""中国存款准备金率大型金融机构"",""beginDate"":""2010-01-01"",""endDate"":""2026-08-30""}"	3541b6bc88deb719bdaf98ab63d27cf1
2026-08-30T13:50:19.540+08:00[Asia/Shanghai]	116044445	query_economic_indicator_data	"{""question"":""中国铁矿石价格指数CIOPI"",""beginDate"":""2010-01-01"",""endDate"":""2026-08-30""}"	a4592586bb75e17e855ca7b16321ae4f
2026-08-30T13:50:05.524+08:00[Asia/Shanghai]	116044445	query_economic_indicator_data	"{""question"":""英国布伦特原油期货价格"",""beginDate"":""2010-01-01"",""endDate"":""2026-08-30""}"	4a9df8b5629b38cbfa67a58b449167f7
2026-08-30T13:50:00.293+08:00[Asia/Shanghai]	116044445	query_economic_indicator_data	"{""question"":""美国COMEX白银期货价格"",""beginDate"":""2010-01-01"",""endDate"":""2026-08-30""}"	82959b74615b618ff51b9092a95ff711
2026-08-30T13:50:00.069+08:00[Asia/Shanghai]	116044445	query_economic_indicator_data	"{""question"":""美国纳斯达克指数市盈率"",""beginDate"":""2010-01-01"",""endDate"":""2026-08-30""}"	f3309ec92564105a7eaf5ee4d3eaae02
2026-08-30T13:49:56.152+08:00[Asia/Shanghai]	116044445	query_economic_indicator_data	"{""question"":""美国2年期国债收益率"",""beginDate"":""2010-01-01"",""endDate"":""2026-08-30""}"	c155dd261e58a8c05918011272855af5
2026-08-30T13:49:51.623+08:00[Asia/Shanghai]	116044445	query_economic_indicator_data	"{""question"":""创业板指指数市盈率TTM"",""beginDate"":""2010-01-01"",""endDate"":""2026-08-30""}"	e290ff013b30dddf7ece31adb6e7fa55
2026-08-30T13:49:47.361+08:00[Asia/Shanghai]	116044445	query_economic_indicator_data	"{""question"":""沪深300指数股息率"",""beginDate"":""2010-01-01"",""endDate"":""2026-08-30""}"	51908889afcd7c2f27a6ade42a93a619
2026-08-30T13:49:47.299+08:00[Asia/Shanghai]	116044445	query_economic_indicator_data	"{""question"":""中国动力煤价格指数CCI"",""beginDate"":""2010-01-01"",""endDate"":""2026-08-30""}"	36f75d4a80094a7d5325cb1a122b7540
2026-08-30T13:49:43.299+08:00[Asia/Shanghai]	143870788	search_economic_indicator	"{""question"":""港元兑人民币即期汇率 日度 中间价""}"	40f19dc9d86febeca9c73a3185a87ff6
2026-08-30T13:49:33.847+08:00[Asia/Shanghai]	116044445	query_economic_indicator_data	"{""question"":""英国布伦特原油期货价格"",""beginDate"":""2010-01-01"",""endDate"":""2026-08-30""}"	6d164dde82802d9749717f46f2f63d57
2026-08-30T13:49:33.842+08:00[Asia/Shanghai]	116044445	query_economic_indicator_data	"{""question"":""中国铁矿石价格指数CIOPI"",""beginDate"":""2010-01-01"",""endDate"":""2026-08-30""}"	004590678fb46550f08ae99ef30e8202
2026-08-30T13:49:33.820+08:00[Asia/Shanghai]	116044445	query_economic_indicator_data	"{""question"":""中国存款准备金率大型金融机构"",""beginDate"":""2010-01-01"",""endDate"":""2026-08-30""}"	9f8121f250ad397870f36e3bdccca15c
2026-08-30T13:41:53.420+08:00[Asia/Shanghai]	144378706	search_economic_indicator	"{""question"":""中国新发生定期存款加权平均利率指标""}"	fa52659d989b3f1d8fdac8241af88fba
2026-08-30T13:41:41.563+08:00[Asia/Shanghai]	112811253	search_economic_indicator	"{""question"":""香港 离岸人民币债券 点心债 年度发行量 发行额""}"	fc2d3a609f259c72a8b57833e35e2aef
2026-08-30T13:41:40.195+08:00[Asia/Shanghai]	144223012	search_economic_indicator	"{""question"":""NVIDIA 英伟达 信用利差""}"	f0c97371337820da953e155faca345b5
2026-08-30T13:41:30.898+08:00[Asia/Shanghai]	144223012	search_economic_indicator	"{""question"":""CDS 利差 信用违约互换""}"	7ecd8e679b8a4e3962893097f8cc53ed
2026-08-30T13:41:04.533+08:00[Asia/Shanghai]	144223012	search_economic_indicator	"{""question"":""NVIDIA CDS 信用违约互换 利差""}"	dcc288b08d4efe24dc9b4aacdc4301ac
2026-08-30T13:41:02.133+08:00[Asia/Shanghai]	143843573	search_economic_indicator	"{""question"":""海南离岛免税购物金额 销售额 当月""}"	f9e5f49277bf47e4c95ba4e77efd4951
2026-08-30T13:40:58.638+08:00[Asia/Shanghai]	144378706	search_economic_indicator	"{""question"":""中国银行业存款加权平均利率指标""}"	34f0773b715200e8324cbe9e0564ed06
2026-08-30T13:40:07.515+08:00[Asia/Shanghai]	144378706	search_economic_indicator	"{""question"":""中国商业银行存款平均成本率或存款付息率指标""}"	a665c7372cbf5298cb3fd37423b46c4b
2026-08-30T13:39:45.193+08:00[Asia/Shanghai]	144257706	query_economic_indicator_data	"{""question"":""S0241918,S0241919,S0241812,S0241813"",""beginDate"":""2025-08-01"",""endDate"":""2026-08-29""}"	99c2988b94ca33e1ff5d6cfd5987cdbd
2026-08-30T13:39:43.416+08:00[Asia/Shanghai]	144378706	search_economic_indicator	"{""question"":""中国金融机构人民币贷款加权平均利率指标""}"	e43622860f3092491afa91b06a436412
2026-08-30T13:39:04.369+08:00[Asia/Shanghai]	114621361	search_economic_indicator	"{""question"":""中国 PPI 煤炭开采和洗选业 同比""}"	55a4e58ccf07c70ecf8331d507f98d16
2026-08-30T13:38:49.652+08:00[Asia/Shanghai]	144378706	search_economic_indicator	"{""question"":""中国商业银行贷款平均收益率指标""}"	63ab4748f134d72a2cba22e078885676
2026-08-30T13:38:34.645+08:00[Asia/Shanghai]	114621361	search_economic_indicator	"{""question"":""分行业工业生产者出厂价格指数 PPI""}"	7ba1947ca57338e356cd6aedbe5a2e5d
2026-08-30T13:36:50.968+08:00[Asia/Shanghai]	122740859	query_economic_indicator_data	"{""question"":""S5112496"",""beginDate"":""20240731"",""endDate"":""20260830""}"	e6ef2055d0f279db69d1f9c31b862380
2026-08-30T13:36:14.065+08:00[Asia/Shanghai]	144257706	query_economic_indicator_data	"{""question"":""M1001791,M1001787,G0000893,G0005428,M0000271,M0000005"",""beginDate"":""2026-08-27"",""endDate"":""2026-08-28""}"	904fd93cdba3be7f2d20eeb7dae71efb
2026-08-30T13:34:08.827+08:00[Asia/Shanghai]	144459141	search_economic_indicator	"{""question"":""芝加哥期权交易所波动率指数VIX""}"	71d4755dca77fe35b041891800bc17c8
2026-08-30T13:34:07.613+08:00[Asia/Shanghai]	144459141	search_economic_indicator	"{""question"":""美元指数""}"	2c528ecb0ec169a01c75870dcb83448c
2026-08-30T13:30:09.300+08:00[Asia/Shanghai]	101474549	query_economic_indicator_data	"{""question"":""中间价港元兑人民币 2026年8月每日"",""beginDate"":""2026-08-20"",""endDate"":""2026-08-30""}"	de800a19408117d92dadaa28d0b07457
2026-08-30T13:29:31.330+08:00[Asia/Shanghai]	144161103	query_economic_indicator_data	"{""question"":""X0679400"",""observation"":""30""}"	bc8d2e88dfa695ee6b5cdcfc55d77972
2026-08-30T13:29:09.233+08:00[Asia/Shanghai]	144161103	search_economic_indicator	"{""question"":""DRAM DDR5 合约平均价、DDR5 合约价格、DDR5 SO-DIMM 合约价""}"	cb92716cae9c0255c7f6a692a1b10585
2026-08-30T13:28:48.419+08:00[Asia/Shanghai]	140281596	query_economic_indicator_data	"{""question"":""M0017126"",""observation"":""60""}"	f95acb3e7c824f3faae4cf4dda6b3ab5
2026-08-30T13:28:44.040+08:00[Asia/Shanghai]	144161103	query_economic_indicator_data	"{""question"":""N7793292"",""observation"":""20""}"	0bdacb16320830968b2ba3c931fe2a2a
2026-08-30T13:27:20.799+08:00[Asia/Shanghai]	122740859	query_economic_indicator_data	"{""question"":""T1023662"",""beginDate"":""20250801"",""endDate"":""20250930""}"	b0fc7f2b3323cd618f4dc1c9f9226b92
2026-08-30T13:26:42.492+08:00[Asia/Shanghai]	144161103	search_economic_indicator	"{""question"":""HBM 合约平均价、HBM ASP、高带宽内存合约价格、HBM3E HBM4 价格""}"	f0ba211a020db2a781edc68156d9d56f
2026-08-30T13:26:41.625+08:00[Asia/Shanghai]	122740859	query_economic_indicator_data	"{""question"":""S9980536"",""beginDate"":""20250801"",""endDate"":""20250930""}"	1fd186bfbcbb7390070efc5b566e490c
2026-08-30T13:26:32.967+08:00[Asia/Shanghai]	122740859	search_economic_indicator	"{""question"":""光伏玻璃价格""}"	2d1700b100ce85c729144af264c9319b
2026-08-30T13:26:27.747+08:00[Asia/Shanghai]	122740859	query_economic_indicator_data	"{""question"":""T2200883"",""beginDate"":""20250801"",""endDate"":""20250930""}"	d2f5c2b118576ee7df50c1fa68d0e45f
2026-08-30T13:26:23.409+08:00[Asia/Shanghai]	144161103	search_economic_indicator	"{""question"":""NAND Flash 合约平均价、NAND 合约价格、闪存合约价""}"	a925b500de76ea37361681eed43d22c4
2026-08-30T13:26:22.321+08:00[Asia/Shanghai]	122740859	query_economic_indicator_data	"{""question"":""S5112513"",""beginDate"":""20250801"",""endDate"":""20250930""}"	e46daef4f278c9720b56585b77ce3e4b
2026-08-30T13:26:15.489+08:00[Asia/Shanghai]	122740859	query_economic_indicator_data	"{""question"":""T7430217"",""beginDate"":""20250801"",""endDate"":""20250930""}"	2f65cda095dc7481d0921d2ffda6447a
2026-08-30T13:26:05.135+08:00[Asia/Shanghai]	122740859	search_economic_indicator	"{""question"":""单晶硅片""}"	f09fb824075d4ea71d604f88ee0f746d
2026-08-30T13:25:57.534+08:00[Asia/Shanghai]	141034356	query_economic_indicator_data	"{""question"":""S0179655,Z9174481,S0029755,S0031718"",""beginDate"":""2025-08-30"",""endDate"":""2026-08-30""}"	8aaeae90ab199217305c5bc6c36adc04
2026-08-30T13:25:56.721+08:00[Asia/Shanghai]	122740859	query_economic_indicator_data	"{""question"":""S9979925"",""beginDate"":""20250801"",""endDate"":""20250930""}"	bd39f24b86c50a0afac961388824fd2c
2026-08-30T13:25:52.256+08:00[Asia/Shanghai]	122740859	query_economic_indicator_data	"{""question"":""S5112499"",""beginDate"":""20250801"",""endDate"":""20250930""}"	7c45ec35707eed6756407f4114082bf2
2026-08-30T13:25:43.181+08:00[Asia/Shanghai]	122740859	query_economic_indicator_data	"{""question"":""S5112496"",""beginDate"":""20250801"",""endDate"":""20250930""}"	d0e1ded633c05aceb1382fbcd4b8cd18
2026-08-30T13:25:19.620+08:00[Asia/Shanghai]	122740859	query_economic_indicator_data	"{""question"":""W3580651"",""beginDate"":""20250801"",""endDate"":""20250930""}"	a31d622e9b3c57792f4e742a761c49b2
2026-08-30T13:25:00.599+08:00[Asia/Shanghai]	122740859	query_economic_indicator_data	"{""question"":""Z4933654"",""beginDate"":""20250801"",""endDate"":""20250930""}"	a4bf6ad436cc19d43ad166323d487511
2026-08-30T13:24:54.701+08:00[Asia/Shanghai]	141034356	query_economic_indicator_data	"{""question"":""S0027907,S0105526,S0243299,S6139212,X2694913,S0105689"",""beginDate"":""2025-08-30"",""endDate"":""2026-08-30""}"	b26489df32b92f75ad9a67b337b13552
2026-08-30T13:24:54.666+08:00[Asia/Shanghai]	122740859	query_economic_indicator_data	"{""question"":""B5583702"",""beginDate"":""20250801"",""endDate"":""20250930""}"	6274bc6deed0adb0373167f5f4a2b070
2026-08-30T13:24:50.462+08:00[Asia/Shanghai]	122740859	query_economic_indicator_data	"{""question"":""F1214273"",""beginDate"":""20250801"",""endDate"":""20250930""}"	dac71efe2cea92355ee27b1333381df1
2026-08-30T13:24:46.676+08:00[Asia/Shanghai]	122740859	search_economic_indicator	"{""question"":""多晶硅价格""}"	86a458406e98137ad7b83ff389a8b356
2026-08-30T13:24:36.151+08:00[Asia/Shanghai]	144161103	search_economic_indicator	"{""question"":""DRAM DDR5 合约平均价 日频、月频""}"	7278af38e20421cea0bacb52e5959ad6
2026-08-30T13:24:08.944+08:00[Asia/Shanghai]	141034356	query_economic_indicator_data	"{""question"":""S0179655,Z9174481,S0029755,S0031718"",""beginDate"":""2025-08-30"",""endDate"":""2026-08-30""}"	9c11ab313219ed51c9c96638a986842e
2026-08-30T13:23:31.126+08:00[Asia/Shanghai]	144161103	query_economic_indicator_data	"{""question"":""S7800002"",""observation"":""30""}"	3aaeb5710c6909fe86ebae6d932cd808
2026-08-30T13:23:14.220+08:00[Asia/Shanghai]	144456724	query_economic_indicator_data	"{""question"":""USDCNH.FX"",""beginDate"":""2024-08-30"",""endDate"":""2026-08-30""}"	f3d76940cd137dcfae5ce4b30bc7f0d3
2026-08-30T13:23:08.591+08:00[Asia/Shanghai]	144161103	search_economic_indicator	"{""question"":""DRAM 合约价、合约平均价、DDR4 合约价、DDR5 合约价、DRAM ASP""}"	451e695ee8f0199a4db58fd4cbbf92e0
2026-08-30T13:21:47.354+08:00[Asia/Shanghai]	140281596	query_economic_indicator_data	"{""question"":""M0017126"",""observation"":""60""}"	abea8255a2c60b05098ccda9d8b78ab7
2026-08-30T13:20:22.335+08:00[Asia/Shanghai]	122740859	query_economic_indicator_data	"{""question"":""Z4933654"",""beginDate"":""20250801"",""endDate"":""20250930""}"	a761a3941dad16ae01430ca55878e265
2026-08-30T13:20:18.155+08:00[Asia/Shanghai]	122740859	query_economic_indicator_data	"{""question"":""P4809293"",""beginDate"":""20250801"",""endDate"":""20250930""}"	c0620299cb47ca434ed862e71f9fce45
2026-08-30T13:20:11.377+08:00[Asia/Shanghai]	122740859	query_economic_indicator_data	"{""question"":""B5583702"",""beginDate"":""20250801"",""endDate"":""20250930""}"	dd87ec95a82f6c3515a6883d1bf334a5
2026-08-30T13:20:06.916+08:00[Asia/Shanghai]	122740859	query_economic_indicator_data	"{""question"":""F1214273"",""beginDate"":""20250801"",""endDate"":""20250930""}"	1917483c363fce0a8223822456970c08
2026-08-30T13:19:39.675+08:00[Asia/Shanghai]	122740859	query_economic_indicator_data	"{""question"":""单晶P型硅片210 平均价"",""beginDate"":""20250801"",""endDate"":""20250930""}"	0bc91b1ceddd190f53cbff958ce43ca4
2026-08-30T13:19:31.840+08:00[Asia/Shanghai]	122740859	query_economic_indicator_data	"{""question"":""硅片单晶 M6 市场价"",""beginDate"":""20250801"",""endDate"":""20250930""}"	ff270e1777162b32c7a485f774170aaa
2026-08-30T13:19:05.738+08:00[Asia/Shanghai]	122740859	query_economic_indicator_data	"{""question"":""S9979925"",""beginDate"":""20250801"",""endDate"":""20250930""}"	17028d64c9900dcfec87833fca1a0328
2026-08-30T13:19:03.398+08:00[Asia/Shanghai]	143654376	query_economic_indicator_data	"{""question"":""D1491436"",""beginDate"":""2026-04-01"",""endDate"":""2026-08-30""}"	45693c44ee794ac9e559f62378042588
2026-08-30T13:18:48.851+08:00[Asia/Shanghai]	122740859	query_economic_indicator_data	"{""question"":""W4431856"",""beginDate"":""20250801"",""endDate"":""20250930""}"	b05b8f72953ec04caa06e512b1831d83
2026-08-30T13:18:46.166+08:00[Asia/Shanghai]	122740859	query_economic_indicator_data	"{""question"":""B5583702"",""beginDate"":""20250801"",""endDate"":""20250930""}"	2abae6e6fdb466062895dcdc64fdbda5
2026-08-30T13:18:44.931+08:00[Asia/Shanghai]	122740859	query_economic_indicator_data	"{""question"":""Y7563048"",""beginDate"":""20250801"",""endDate"":""20250930""}"	602af59aa3927784e9d2d94a541d2151
2026-08-30T13:18:41.704+08:00[Asia/Shanghai]	143654376	search_economic_indicator	"{""question"":""淘汰母猪 折扣 价比""}"	2a799438c641a966b147c0235bef82f6
2026-08-30T13:18:26.971+08:00[Asia/Shanghai]	122740859	search_economic_indicator	"{""question"":""光伏组件价格""}"	db4c88e8858c4a2f107020218ee3f023
2026-08-30T13:18:21.764+08:00[Asia/Shanghai]	122740859	search_economic_indicator	"{""question"":""电池片价格""}"	20bafca1b2b5e4fc241e2549c502b789
2026-08-30T13:18:15.396+08:00[Asia/Shanghai]	122740859	search_economic_indicator	"{""question"":""硅片价格""}"	85600fb260070536478ba54b3fccaf07
2026-08-30T13:17:31.748+08:00[Asia/Shanghai]	141034356	query_economic_indicator_data	"{""question"":""S0114089"",""beginDate"":""2025-08-30"",""endDate"":""2026-08-30""}"	5e6725e800b491ea075f6a08b1ca5345
2026-08-30T13:17:25.927+08:00[Asia/Shanghai]	141034356	query_economic_indicator_data	"{""question"":""S0000066"",""beginDate"":""2025-08-30"",""endDate"":""2026-08-30""}"	161a89153899204acf90232b262e9ffd
2026-08-30T13:17:13.411+08:00[Asia/Shanghai]	141034356	query_economic_indicator_data	"{""question"":""M0005169,S0027907"",""beginDate"":""2025-08-30"",""endDate"":""2026-08-30""}"	27f382e197f7c02b708ef844d731b6d1
2026-08-30T13:16:58.222+08:00[Asia/Shanghai]	143864303	query_economic_indicator_data	"{""question"":""G0000893,M0067855,M0000200"",""beginDate"":""2025-01-01"",""endDate"":""2026-08-29""}"	e46d7aab57433aba5d0bd4298b1a7d30
2026-08-30T13:16:37.741+08:00[Asia/Shanghai]	143654376	search_economic_indicator	"{""question"":""淘汰母猪 屠宰 价格 元 公斤""}"	acabc14beb45cd443bc86767b5b8a7d2
2026-08-30T13:16:35.925+08:00[Asia/Shanghai]	143864303	search_economic_indicator	"{""question"":""比特币兑美元每日价格""}"	25cb941601dccd8c0f18eb963875b011
2026-08-30T13:16:15.246+08:00[Asia/Shanghai]	143864303	search_economic_indicator	"{""question"":""伦敦现货黄金美元每盎司每日价格""}"	553359cb69307755668922574b25f37f
2026-08-30T13:16:00.271+08:00[Asia/Shanghai]	143654376	search_economic_indicator	"{""question"":""中国 淘汰母猪 价格 生猪 价比""}"	76fbbd7a61990c963c299a9c150af35f
2026-08-30T13:10:35.495+08:00[Asia/Shanghai]	122740859	query_economic_indicator_data	"{""question"":""中国平均价多晶硅N型颗粒硅 B5583702"",""beginDate"":""2025-01-01"",""endDate"":""2025-01-31""}"	4c4b17508ceabd947a16aebdaa02f598
2026-08-30T13:10:32.555+08:00[Asia/Shanghai]	122740859	query_economic_indicator_data	"{""question"":""B5583702"",""beginDate"":""2025-01-01"",""endDate"":""2025-01-31""}"	8f32c8784e714dd8474d053d9092ee34
2026-08-30T13:10:02.775+08:00[Asia/Shanghai]	122740859	query_economic_indicator_data	"{""question"":""多晶硅(N型颗粒硅)平均价"",""beginDate"":""2024-08-01"",""endDate"":""2025-08-01""}"	fa026f46c9e5ce8e602cb85057b18871
2026-08-30T13:08:02.126+08:00[Asia/Shanghai]	140281596	query_economic_indicator_data	"{""question"":""M0017126"",""observation"":""60""}"	f9691ca02ae572e43565cf0765574f06
2026-08-30T13:07:46.029+08:00[Asia/Shanghai]	112145123	query_economic_indicator_data	"{""question"":""中国10年期国债到期收益率最新值、贷款市场报价利率LPR 1年期和5年期最新值、港元兑人民币汇率中间价最新值""}"	b8f8a2c0f685c58454e355a7049d4a68
2026-08-30T13:06:28.800+08:00[Asia/Shanghai]	144009166	query_economic_indicator_data	"{""question"":""B5583702"",""beginDate"":""2024-01-01"",""endDate"":""2026-08-30""}"	a94e9d21952fde7b5facb2cdd918ff51
2026-08-30T13:06:20.850+08:00[Asia/Shanghai]	144009166	query_economic_indicator_data	"{""question"":""S5811336"",""beginDate"":""2024-01-01"",""endDate"":""2026-08-30""}"	389215de5c962763f0aee6fdca07ad59
2026-08-30T13:05:49.451+08:00[Asia/Shanghai]	141034356	search_economic_indicator	"{""question"":""水泥出货量 熟料产量 玻璃价格 相关指标""}"	662b3615011e0d48801e9eab30e56685
2026-08-30T13:05:25.969+08:00[Asia/Shanghai]	141034356	search_economic_indicator	"{""question"":""白酒产量 啤酒产量 白酒价格指数 相关指标""}"	e5058ef4559eae19f44e00bc1677f373
2026-08-30T13:05:22.190+08:00[Asia/Shanghai]	144009166	search_economic_indicator	"{""question"":""硅片 现货价""}"	1adc68f4a1014b195fe0b475dc667883
2026-08-30T13:05:09.203+08:00[Asia/Shanghai]	144009166	search_economic_indicator	"{""question"":""单晶硅片价格""}"	503d01a2608d55e02ebe76358b5d3b57
2026-08-30T13:04:48.291+08:00[Asia/Shanghai]	141034356	search_economic_indicator	"{""question"":""动力煤 焦煤 煤炭价格指数 相关指标""}"	bf58c1bf97df591010995a39721e9646
2026-08-30T13:04:45.166+08:00[Asia/Shanghai]	141034356	search_economic_indicator	"{""question"":""电解铝 氧化铝 铝锭价格 相关指标""}"	d8904d9e7baad981cfd845e57dbb3156
2026-08-30T13:04:38.360+08:00[Asia/Shanghai]	144009166	query_economic_indicator_data	"{""question"":""Y4169725"",""beginDate"":""2024-01-01"",""endDate"":""2026-08-30""}"	87b6b9cc8168ac5fbfc94c92e49e42ee
2026-08-30T13:04:26.409+08:00[Asia/Shanghai]	144009166	query_economic_indicator_data	"{""question"":""S5811336"",""beginDate"":""2024-01-01"",""endDate"":""2026-08-30""}"	44d90dafb6dd753c282c0b4fff9bbcb4
2026-08-30T13:04:10.961+08:00[Asia/Shanghai]	141034356	search_economic_indicator	"{""question"":""集装箱运价指数 油轮运价 干散货运价 相关指标""}"	8c72536792aa5c64ead05ae67c15963a
2026-08-30T13:04:00.794+08:00[Asia/Shanghai]	141034356	search_economic_indicator	"{""question"":""螺纹钢 铁矿石 焦炭 钢材价格 相关指标""}"	9381a1265e94ed05f1ec2843b84025d6
2026-08-30T13:03:58.503+08:00[Asia/Shanghai]	143654376	query_economic_indicator_data	"{""question"":""S5914495"",""beginDate"":""2014-04-01"",""endDate"":""2026-08-30""}"	b7885f1de5ab2fbe96fd6157c353cb2d
2026-08-30T13:03:51.880+08:00[Asia/Shanghai]	141034356	search_economic_indicator	"{""question"":""水泥价格指数 相关指标""}"	2bc7c71fdbdc0fb5bcf2b6047df61e20
2026-08-30T13:02:58.694+08:00[Asia/Shanghai]	144421521	search_economic_indicator	"{""question"":""恒生指数市盈率PE TTM""}"	d757e1b4dfccf1c6a385d266dd5cb578
2026-08-30T13:02:04.349+08:00[Asia/Shanghai]	144421521	query_economic_indicator_data	"{""question"":""M5206730,M5567876,G1000116,M0017126"",""beginDate"":""2012-01-01"",""endDate"":""2026-08-29""}"	68ed9f8921bf998e47ed997eb8d44724
2026-08-30T13:01:44.380+08:00[Asia/Shanghai]	141034356	search_economic_indicator	"{""question"":""汽车产销量 新能源汽车渗透率相关指标""}"	151eb869bdbaba31645b21b3a5b59c2e
2026-08-30T13:01:34.875+08:00[Asia/Shanghai]	141034356	search_economic_indicator	"{""question"":""发电量 全社会用电量 电价相关指标""}"	85b7220673d18b320f7d4d3a8489bf3e
2026-08-30T13:01:26.420+08:00[Asia/Shanghai]	141034356	search_economic_indicator	"{""question"":""白酒 啤酒 产量与价格指数相关指标""}"	7f227c9c4e17063fede9fa4ee377997e
2026-08-30T13:01:18.425+08:00[Asia/Shanghai]	141034356	search_economic_indicator	"{""question"":""房地产 70城房价 商品房销售面积相关指标""}"	3b8b34563e70da47e3ae088f4b1d6d7d
2026-08-30T13:01:05.929+08:00[Asia/Shanghai]	144421521	query_economic_indicator_data	"{""question"":""G0003892"",""observation"":""5""}"	6c3f39da8c8f4d27e7bef6029bb17bfc
2026-08-30T13:01:04.516+08:00[Asia/Shanghai]	144421521	search_economic_indicator	"{""question"":""中国OECD综合领先指标""}"	e288bf294c385bce59663185d36c58d3
2026-08-30T13:01:02.324+08:00[Asia/Shanghai]	144421521	search_economic_indicator	"{""question"":""中国制造业PMI""}"	b1377bab8d6890eeedbacf388d42fed8
2026-08-30T13:00:50.908+08:00[Asia/Shanghai]	141034356	search_economic_indicator	"{""question"":""动力煤 焦煤 煤炭价格指数相关指标""}"	5f13ac7e853124857bf2a1c2a0adbecf
2026-08-30T13:00:47.064+08:00[Asia/Shanghai]	144421521	search_economic_indicator	"{""question"":""中国GDP现价当季值""}"	255b90efbb75f297921754ffe8c3fb66
2026-08-30T13:00:46.713+08:00[Asia/Shanghai]	144421521	search_economic_indicator	"{""question"":""美元指数""}"	51af83e6fcb19c5db196fa634602e50b
2026-08-30T13:00:45.203+08:00[Asia/Shanghai]	141034356	search_economic_indicator	"{""question"":""电解铝 氧化铝 铝锭价格相关指标""}"	d94a03c976904d61e3deaa6921e00c7d
2026-08-30T13:00:21.406+08:00[Asia/Shanghai]	144421521	search_economic_indicator	"{""question"":""标准普尔500波动率指数VIX""}"	8ac552ea841d1f732d8763c5b10c819d
2026-08-30T12:58:31.970+08:00[Asia/Shanghai]	141034356	search_economic_indicator	"{""question"":""水泥价格指数相关指标""}"	d67193a2da0ee9a9efab880f1f4fbb83
2026-08-30T12:58:22.269+08:00[Asia/Shanghai]	141099757	query_economic_indicator_data	"{""question"":""美国:对外国居民长期证券净销售额:公司及其他债券"",""beginDate"":""2010-01-01"",""endDate"":""2026-08-29""}"	dbf4630cc8a8203fc893ae03bb68655c
2026-08-30T12:57:54.804+08:00[Asia/Shanghai]	144402454	search_economic_indicator	"{""question"":""碳酸锂价格（电池级）99.5% 价格指数、磷酸铁锂正极材料价格、电解液价格""}"	4977621d27ba5188a2285309374ea8a0
2026-08-30T12:56:15.082+08:00[Asia/Shanghai]	141099757	query_economic_indicator_data	"{""question"":""美国:外国投资者持有美国国债金额:外国官方"",""beginDate"":""2010-01-01"",""endDate"":""2026-08-29""}"	394d60e6fbf2fc66366d06303ffafda3
2026-08-30T12:56:14.246+08:00[Asia/Shanghai]	141099757	query_economic_indicator_data	"{""question"":""美国:外国投资者持有美国国债金额:外国官方"",""beginDate"":""2010-01-01"",""endDate"":""2026-08-29""}"	66ad431d9151b76187b6631800a3be71
2026-08-30T12:56:03.134+08:00[Asia/Shanghai]	141099757	query_economic_indicator_data	"{""question"":""美国:零售和食品服务销售额:零售:季调:当月同比"",""beginDate"":""2010-01-01"",""endDate"":""2026-08-29""}"	ef86483330bc090bb3ca6e3cc3d00e89
2026-08-30T12:55:58.629+08:00[Asia/Shanghai]	141099757	query_economic_indicator_data	"{""question"":""美国:对外国居民长期证券净销售额:公司股权"",""beginDate"":""2010-01-01"",""endDate"":""2026-08-29""}"	afefa18d9dcbfaaff86236939d6166e1
2026-08-30T12:55:56.157+08:00[Asia/Shanghai]	141099757	query_economic_indicator_data	"{""question"":""美国:ISM:服务业PMI:商业活动"",""beginDate"":""2010-01-01"",""endDate"":""2026-08-29""}"	6a9728ad60547447eb1ea83c9417712e
2026-08-30T12:55:53.139+08:00[Asia/Shanghai]	144402454	query_economic_indicator_data	"{""question"":""S0179655,Z9174481,C6772092"",""beginDate"":""2024-01-01"",""endDate"":""2026-08-28""}"	42391584fe38c067fcd687b0047b6467
2026-08-30T12:55:47.223+08:00[Asia/Shanghai]	141099757	query_economic_indicator_data	"{""question"":""美国:非农就业人数:季调"",""beginDate"":""2010-01-01"",""endDate"":""2026-08-29""}"	a510c5f3355fbcfbcffba5a3227d8ea7
2026-08-30T12:55:42.593+08:00[Asia/Shanghai]	141099757	query_economic_indicator_data	"{""question"":""美国:对外国居民长期证券净销售额:公司股权"",""beginDate"":""2010-01-01"",""endDate"":""2026-08-29""}"	3c91bd5a2b146c3946d6cd791f8f5e70
2026-08-30T12:55:38.569+08:00[Asia/Shanghai]	141099757	query_economic_indicator_data	"{""question"":""美国:对外国居民长期证券净销售额:公司股权"",""beginDate"":""2010-01-01"",""endDate"":""2026-08-29""}"	e6cf4edea1150ae3b49a2058cc057163
2026-08-30T12:55:30.234+08:00[Asia/Shanghai]	141099757	query_economic_indicator_data	"{""question"":""美国:核心CPI:季调:同比"",""beginDate"":""2010-01-01"",""endDate"":""2026-08-29""}"	663f78ef82a518de8ac68b407ef06199
2026-08-30T12:55:29.372+08:00[Asia/Shanghai]	141099757	query_economic_indicator_data	"{""question"":""美国:对外国居民长期证券净销售额:公司及其他债券"",""beginDate"":""2010-01-01"",""endDate"":""2026-08-29""}"	a298f183760bade8deb9e110b2181142
2026-08-30T12:55:27.307+08:00[Asia/Shanghai]	144402454	query_economic_indicator_data	"{""question"":""中国产量电动摩托车"",""observation"":""13""}"	428809debc4cadf501790cc33649dce3
2026-08-30T12:55:24.500+08:00[Asia/Shanghai]	141099757	query_economic_indicator_data	"{""question"":""美国:CPI:非季调:同比"",""beginDate"":""2010-01-01"",""endDate"":""2026-08-29""}"	0802c422dc113aa3660711ca988f3316
2026-08-30T12:55:17.969+08:00[Asia/Shanghai]	141099757	query_economic_indicator_data	"{""question"":""美国:零售和食品服务销售额:零售:季调:当月同比"",""beginDate"":""2010-01-01"",""endDate"":""2026-08-29""}"	2d31fee4ad3e5995a7e48f1f150aa1ac
2026-08-30T12:55:11.064+08:00[Asia/Shanghai]	141099757	query_economic_indicator_data	"{""question"":""美国:零售和食品服务销售额:零售:季调:当月同比"",""beginDate"":""2010-01-01"",""endDate"":""2026-08-29""}"	2717c5d0ebfaa5262e5f0484bd5b038b
2026-08-30T12:55:06.519+08:00[Asia/Shanghai]	141099757	query_economic_indicator_data	"{""question"":""美国:ISM:服务业PMI:商业活动"",""beginDate"":""2010-01-01"",""endDate"":""2026-08-29""}"	74a1e480fe7563a9d5681bb7d1d1a452
2026-08-30T12:55:03.664+08:00[Asia/Shanghai]	141099757	query_economic_indicator_data	"{""question"":""美国:库欣:现货离岸价:西德克萨斯中级轻质原油(WTI)"",""beginDate"":""2010-01-01"",""endDate"":""2026-08-29""}"	523d2c440bae6175247806ab8e6d96e6
2026-08-30T12:55:00.863+08:00[Asia/Shanghai]	141099757	query_economic_indicator_data	"{""question"":""美国:ISM:制造业PMI"",""beginDate"":""2010-01-01"",""endDate"":""2026-08-29""}"	acc5a4ef41b2ebdeec7dfd9f614cc133
2026-08-30T12:54:59.534+08:00[Asia/Shanghai]	141099757	query_economic_indicator_data	"{""question"":""美国:ISM:制造业PMI"",""beginDate"":""2010-01-01"",""endDate"":""2026-08-29""}"	b3884b4df9d14999994434c9317823a5
2026-08-30T12:54:55.966+08:00[Asia/Shanghai]	141099757	query_economic_indicator_data	"{""question"":""美国:非农就业人数:季调"",""beginDate"":""2010-01-01"",""endDate"":""2026-08-29""}"	98fe30af5f4bb46b9a4924075f482e9f
2026-08-30T12:54:54.767+08:00[Asia/Shanghai]	141099757	query_economic_indicator_data	"{""question"":""现货价(伦敦市场):黄金:美元"",""beginDate"":""2010-01-01"",""endDate"":""2026-08-29""}"	792a933216b00cab5f3c5d5b40e25efa
2026-08-30T12:54:50.785+08:00[Asia/Shanghai]	141099757	query_economic_indicator_data	"{""question"":""美国:非农就业人数:季调"",""beginDate"":""2010-01-01"",""endDate"":""2026-08-29""}"	da87d525a17bcc83d2cc5e6e5fc4e032
2026-08-30T12:54:47.698+08:00[Asia/Shanghai]	141099757	query_economic_indicator_data	"{""question"":""美国:失业率:季调"",""beginDate"":""2010-01-01"",""endDate"":""2026-08-29""}"	e7eb1236c160486f792d7d3a5e6d1e84
2026-08-30T12:54:45.935+08:00[Asia/Shanghai]	141099757	query_economic_indicator_data	"{""question"":""美国:失业率:季调"",""beginDate"":""2010-01-01"",""endDate"":""2026-08-29""}"	cdc2ce504a65255fbf1211c1536d0037
2026-08-30T12:54:40.961+08:00[Asia/Shanghai]	141099757	query_economic_indicator_data	"{""question"":""欧元兑美元"",""beginDate"":""2010-01-01"",""endDate"":""2026-08-29""}"	a7a62626a2428473c2693a0d0757e5cb
2026-08-30T12:54:40.034+08:00[Asia/Shanghai]	141099757	query_economic_indicator_data	"{""question"":""美国:核心PCE:同比"",""beginDate"":""2010-01-01"",""endDate"":""2026-08-29""}"	0ef8d6b4c29583ab7345086ebeb7d2af
2026-08-30T12:54:30.200+08:00[Asia/Shanghai]	141099757	query_economic_indicator_data	"{""question"":""标准普尔500波动率指数(VIX)"",""beginDate"":""2010-01-01"",""endDate"":""2026-08-29""}"	cf4c0660cc06931cbcd190c8787842a6
2026-08-30T12:54:29.751+08:00[Asia/Shanghai]	141099757	query_economic_indicator_data	"{""question"":""美国:CPI:非季调:同比"",""beginDate"":""2010-01-01"",""endDate"":""2026-08-29""}"	1a93633600b35aac6fab2d45e1aa5ab8
2026-08-30T12:54:27.322+08:00[Asia/Shanghai]	144402454	query_economic_indicator_data	"{""question"":""C1606821"",""observation"":""13""}"	8e60c72a8a5b2f74fd02cb6ef7fc0160
2026-08-30T12:54:21.114+08:00[Asia/Shanghai]	141099757	query_economic_indicator_data	"{""question"":""名义美元指数:对广义主要贸易伙伴国"",""beginDate"":""2010-01-01"",""endDate"":""2026-08-29""}"	67a9d1d02373fd364fd4d6ea4667e7dc
2026-08-30T12:54:15.404+08:00[Asia/Shanghai]	141099757	query_economic_indicator_data	"{""question"":""美国:库欣:现货离岸价:西德克萨斯中级轻质原油(WTI)"",""beginDate"":""2010-01-01"",""endDate"":""2026-08-29""}"	8932444beffd83dc054e84c7596c0136
2026-08-30T12:54:10.743+08:00[Asia/Shanghai]	141099757	query_economic_indicator_data	"{""question"":""日本:国债利率:2年"",""beginDate"":""2010-01-01"",""endDate"":""2026-08-29""}"	a0e2dc34883e045ce4ec8df45e9cf713
2026-08-30T12:54:08.686+08:00[Asia/Shanghai]	141099757	query_economic_indicator_data	"{""question"":""现货价(伦敦市场):黄金:美元"",""beginDate"":""2010-01-01"",""endDate"":""2026-08-29""}"	9035e2bc356e622675c6c1513d9c4322
2026-08-30T12:54:07.394+08:00[Asia/Shanghai]	141099757	query_economic_indicator_data	"{""question"":""德国:国债收益率:2年"",""beginDate"":""2010-01-01"",""endDate"":""2026-08-29""}"	d1e8c831cbcc5d839be022559fb304cc
2026-08-30T12:53:52.749+08:00[Asia/Shanghai]	141099757	query_economic_indicator_data	"{""question"":""欧元兑美元"",""beginDate"":""2010-01-01"",""endDate"":""2026-08-29""}"	09ee2f99aed051e8faf1e2b7ea0cd8ae
2026-08-30T12:53:51.903+08:00[Asia/Shanghai]	141099757	query_economic_indicator_data	"{""question"":""美国:国债实际收益率:10年"",""beginDate"":""2010-01-01"",""endDate"":""2026-08-29""}"	068125fc6e931fd524899baba2533b2e
2026-08-30T12:53:48.247+08:00[Asia/Shanghai]	144402454	query_economic_indicator_data	"{""question"":""S5811336,F4297159,M0000185"",""beginDate"":""2026-06-01"",""endDate"":""2026-08-28""}"	563108db9a02ad9bd2051144094afc01
2026-08-30T12:53:46.719+08:00[Asia/Shanghai]	141099757	query_economic_indicator_data	"{""question"":""标准普尔500波动率指数(VIX)"",""beginDate"":""2010-01-01"",""endDate"":""2026-08-29""}"	d9b6d5511479ebb01d16ab79301f8d89
2026-08-30T12:53:29.867+08:00[Asia/Shanghai]	144402454	search_economic_indicator	"{""question"":""中国制造业PMI""}"	ab796ae4bbd25f073cd69262a8e123be
2026-08-30T12:53:29.216+08:00[Asia/Shanghai]	141099757	query_economic_indicator_data	"{""question"":""德国:国债收益率:2年"",""beginDate"":""2010-01-01"",""endDate"":""2026-08-29""}"	c9ea971e33ad57b636111bb24a41f9fd
2026-08-30T12:53:20.793+08:00[Asia/Shanghai]	141099757	query_economic_indicator_data	"{""question"":""美国:国债收益率:2年"",""beginDate"":""2010-01-01"",""endDate"":""2026-08-29""}"	3cc8340b045c9de6a494b549024c879c
2026-08-30T12:53:18.326+08:00[Asia/Shanghai]	144402454	search_economic_indicator	"{""question"":""储能招标 中标规模""}"	47b4a197e4819989708d9beb42e628f0
2026-08-30T12:53:10.278+08:00[Asia/Shanghai]	141099757	query_economic_indicator_data	"{""question"":""美元指数"",""beginDate"":""2010-01-01"",""endDate"":""2026-08-29""}"	c071e4a87e07dd415a2d0dbc2d71e968
2026-08-30T12:52:59.024+08:00[Asia/Shanghai]	144402454	search_economic_indicator	"{""question"":""中国金属切削机床产量 当月值""}"	249fa9bf129ccdea74cc75b103ce947f
2026-08-30T12:52:35.294+08:00[Asia/Shanghai]	141099757	query_economic_indicator_data	"{""question"":""美元指数"",""beginDate"":""2010-01-01"",""endDate"":""2026-08-29""}"	4df4074013976d709b23eb32649cec74
2026-08-30T12:52:27.452+08:00[Asia/Shanghai]	143904094	query_economic_indicator_data	"{""question"":""提取中国住户贷款中长期贷款月度余额数据"",""beginDate"":""2010-01-01"",""endDate"":""2026-08-30""}"	ec49ab8204ddccf687431ecd369835e4
2026-08-30T12:52:09.932+08:00[Asia/Shanghai]	143904094	query_economic_indicator_data	"{""question"":""提取中国金融机构资金运用各项贷款境内贷款住户贷款中长期贷款人民币月度数据"",""beginDate"":""2008-01-01"",""endDate"":""2026-08-30""}"	db6e518a25b2329a1ea0dc9503056d2b
2026-08-30T12:51:55.744+08:00[Asia/Shanghai]	143904094	query_economic_indicator_data	"{""question"":""提取中国个人住房贷款余额月度数据"",""beginDate"":""2008-01-01"",""endDate"":""2026-08-30""}"	d882f7d3315125d974a7509c9027b039
2026-08-30T12:51:53.475+08:00[Asia/Shanghai]	141440413	search_economic_indicator	"{""question"":""中国可转债市场转股溢价率中位数、价格中位数、成交额、YTM中位数、转股价值中位数日度指标""}"	415ddb244d61c1972b8c8f51f9bdf0c6
2026-08-30T12:51:52.069+08:00[Asia/Shanghai]	143904094	query_economic_indicator_data	"{""question"":""提取中国商品房待售面积累计值月度数据"",""beginDate"":""2007-01-01"",""endDate"":""2026-08-30""}"	dcdf565383fc5ecedbda93f149d743e9
2026-08-30T12:51:37.406+08:00[Asia/Shanghai]	144402454	search_economic_indicator	"{""question"":""人民币兑美元汇率中间价""}"	6acb7143ea4ddc32e34d322b88cffc25
2026-08-30T12:51:27.475+08:00[Asia/Shanghai]	143904094	query_economic_indicator_data	"{""question"":""提取中国商品房待售面积累计值月度数据"",""beginDate"":""2019-01-01"",""endDate"":""2026-08-30""}"	ccb2ecd763f5981c5579307886f7feb5
2026-08-30T12:51:23.881+08:00[Asia/Shanghai]	141099757	search_economic_indicator	"{""question"":""美国净国际投资头寸占GDP或净国际投资头寸季度指标""}"	48aa9f5343b231ff371697f89ac1e1c2
2026-08-30T12:51:12.689+08:00[Asia/Shanghai]	141099757	search_economic_indicator	"{""question"":""美国净国际投资头寸占GDP或净国际投资头寸季度指标""}"	245a80f18c39e08f1b39477fd92f930a
2026-08-30T12:51:03.866+08:00[Asia/Shanghai]	141099757	search_economic_indicator	"{""question"":""美国联邦政府债务占GDP比重年度指标""}"	5d8072aaa3299d0eac5e2674dcdca503
2026-08-30T12:50:43.943+08:00[Asia/Shanghai]	141099757	search_economic_indicator	"{""question"":""美国联邦政府财政赤字占GDP比重年度指标""}"	4e755d427766672924567a856ab67ccc
2026-08-30T12:50:40.314+08:00[Asia/Shanghai]	143904094	search_economic_indicator	"{""question"":""中国 房屋新开工面积""}"	93b9755abce70bc4a064a48c5f7a4243
2026-08-30T12:50:40.142+08:00[Asia/Shanghai]	143904094	search_economic_indicator	"{""question"":""百城住宅用地成交土地规划建筑面积""}"	52e09bc4acaaf5c2c7cb267541336cfd
2026-08-30T12:50:33.045+08:00[Asia/Shanghai]	144402454	search_economic_indicator	"{""question"":""电池级碳酸锂现货价格""}"	9203967744d5cef988c6ced9110f7484
2026-08-30T12:50:31.848+08:00[Asia/Shanghai]	140281596	query_economic_indicator_data	"{""question"":""M1001654"",""observation"":""200""}"	a47eb96ec8f2d03bb9f15299ee197a9b
2026-08-30T12:50:28.461+08:00[Asia/Shanghai]	143904094	search_economic_indicator	"{""question"":""房地产信用利差""}"	91667f93833803018377f1e60cae73f1
2026-08-30T12:50:18.454+08:00[Asia/Shanghai]	143904094	search_economic_indicator	"{""question"":""房企信用债 净融资""}"	5267bd85a18c46bf169d37c90edbfb8e
2026-08-30T12:50:00.439+08:00[Asia/Shanghai]	143904094	search_economic_indicator	"{""question"":""个人按揭贷款 累计值""}"	f30cde670198bbdf8eb7514428a19599
2026-08-30T12:49:50.280+08:00[Asia/Shanghai]	141099757	search_economic_indicator	"{""question"":""美国经常账户余额占GDP、财政赤字占GDP、联邦政府债务占GDP、净国际投资头寸季度或年度指标""}"	0991db49e17a5307a47519f8adaaa481
2026-08-30T12:49:49.376+08:00[Asia/Shanghai]	143904094	search_economic_indicator	"{""question"":""房地产开发资金来源 定金及预收款""}"	6f691fc5db25ba1946fe6259463a3e06
2026-08-30T12:49:41.045+08:00[Asia/Shanghai]	141099757	search_economic_indicator	"{""question"":""VIX恐慌指数和标普500指数收盘价日度指标""}"	76d9b7043aa34011bc727610ca832d81
2026-08-30T12:49:29.886+08:00[Asia/Shanghai]	141099757	search_economic_indicator	"{""question"":""美国美联储广义贸易加权美元指数日度指标""}"	cf0e15572db522ea0e0341ee643b35f0
2026-08-30T12:47:48.242+08:00[Asia/Shanghai]	140281596	query_economic_indicator_data	"{""question"":""M0017126"",""observation"":""60""}"	95b7e5cb5a14ad2e5dba213b82657db5
2026-08-30T12:46:49.308+08:00[Asia/Shanghai]	144457578	search_economic_indicator	"{""question"":""华住酒店 RevPAR 营运至少18个月的酒店 当季值""}"	3c5453d86235db3a754dbe71f4b6954b
2026-08-30T12:46:32.329+08:00[Asia/Shanghai]	144457578	search_economic_indicator	"{""question"":""华住酒店 出租率 营运至少18个月的酒店""}"	9cb2bd6d7ec56861b565d6bd74dcc96f
2026-08-30T12:46:12.416+08:00[Asia/Shanghai]	140281596	query_economic_indicator_data	"{""question"":""M1001654"",""observation"":""3""}"	26438aef1751f5ee1fe3f4c1ef4e2dde
2026-08-30T12:45:54.986+08:00[Asia/Shanghai]	144457578	query_economic_indicator_data	"{""question"":""B2084077"",""beginDate"":""2018-01-01"",""endDate"":""2026-08-30""}"	b5591260acd4d67c85312967912f7cf6
2026-08-30T12:45:46.251+08:00[Asia/Shanghai]	140281596	search_economic_indicator	"{""question"":""中国官方制造业PMI""}"	0a5a10b0837d39027b893e1353b9e7ea
2026-08-30T12:45:23.274+08:00[Asia/Shanghai]	140281596	query_economic_indicator_data	"{""question"":""中国官方制造业PMI"",""observation"":""3""}"	87174196f079e47401c94c8f2fecaea9
2026-08-30T12:44:44.293+08:00[Asia/Shanghai]	144402454	query_economic_indicator_data	"{""question"":""G0004789"",""beginDate"":""2026-05-28"",""endDate"":""2026-08-28""}"	a83c35722f77ce63743895ec3747c9df
2026-08-30T12:44:20.760+08:00[Asia/Shanghai]	144402454	search_economic_indicator	"{""question"":""美元兑越南盾汇率""}"	0db91dfb7f7f1b008f7ba0c23225a165
2026-08-30T12:40:38.912+08:00[Asia/Shanghai]	144402454	query_economic_indicator_data	"{""question"":""G0003745"",""observation"":""6""}"	a4472b9a584067fc7c0b006840c9b5b7
2026-08-30T12:39:51.931+08:00[Asia/Shanghai]	143654376	query_economic_indicator_data	"{""question"":""D1491436"",""endDate"":""2026-08-30"",""beginDate"":""2026-08-01""}"	9d45d0e2b6503e2ce7b987f5508ac1b0
2026-08-30T12:39:26.647+08:00[Asia/Shanghai]	144168421	query_economic_indicator_data	"{""question"":""P4627099,S9974753,S9974755,S5914499,S9984052,S9983923,S9983620,S9983910,S5914501,C9249295,S9975139,S5470310,S5431473,W4346179,J8855523,A6741608,S9975296"",""beginDate"":""2025-08-29"",""endDate"":""2026-08-28""}"	d0a102a20de31273529cf9e442eaf62f
2026-08-30T12:39:19.447+08:00[Asia/Shanghai]	144402454	search_economic_indicator	"{""question"":""美国30年期抵押贷款利率固定利率平均""}"	925ff72d451e3819531fc2b9387c2848
2026-08-30T12:38:25.748+08:00[Asia/Shanghai]	144168421	search_economic_indicator	"{""question"":""中国聚合MDI市场均价、纯MDI市场均价、TDI市场均价和苯胺市场均价的日频价格指标""}"	0d00be05a3eb893acf798c76330e2ef9
2026-08-30T12:38:21.311+08:00[Asia/Shanghai]	143654376	query_economic_indicator_data	"{""beginDate"":""2026-04-01"",""question"":""S5914495,D1491436,S0143882,S5021738,S0114187,W2211429"",""endDate"":""2026-08-30""}"	32d6aa36c62e0a37167ccfdf428214a8
2026-08-30T12:37:37.061+08:00[Asia/Shanghai]	144168421	search_economic_indicator	"{""question"":""中国烯烃和煤化工产业链日频或周频价格指标：乙烷、丙烷、乙烯、丙烯、聚乙烯、聚丙烯、甲醇、动力煤""}"	b9d3847000799b4f31b21ca1aa3345ab
2026-08-30T12:37:28.953+08:00[Asia/Shanghai]	144168421	search_economic_indicator	"{""question"":""中国化肥和磷化工产业链日频或周频价格指标：氯化钾、尿素、磷酸一铵、磷酸二铵、磷矿石、黄磷、草甘膦""}"	5dfc0faae8cf8192f8f0f2a2fa44310f
2026-08-30T12:37:19.473+08:00[Asia/Shanghai]	144168421	search_economic_indicator	"{""question"":""中国聚氨酯和氨纶产业链日频或周频价格指标：聚合MDI、纯MDI、TDI、氨纶40D、己二酸、PTMEG""}"	d8452187b30b8e7ee59178a0ed8b3543
2026-08-30T12:37:10.488+08:00[Asia/Shanghai]	144168421	search_economic_indicator	"{""question"":""中国氟化工景气日频或周频价格指标：R32制冷剂、R134a制冷剂、R125制冷剂、萤石、氢氟酸""}"	c98ece08a23ce086f8a5f3a0d00a3a1b
2026-08-30T12:36:33.339+08:00[Asia/Shanghai]	144338461	query_economic_indicator_data	"{""question"":""M5540712,M5540713"",""beginDate"":""2004-01-01"",""endDate"":""2025-12-31""}"	074df8b4471b449608d8b0e68b763c67
2026-08-30T12:36:28.329+08:00[Asia/Shanghai]	144338461	query_economic_indicator_data	"{""question"":""M6295573,M6295574"",""beginDate"":""2004-01-01"",""endDate"":""2025-12-31""}"	5dece152294cc58bb47d67d02562653a
2026-08-30T12:36:23.307+08:00[Asia/Shanghai]	144338461	query_economic_indicator_data	"{""question"":""M5526107,M5526108"",""beginDate"":""2004-01-01"",""endDate"":""2025-12-31""}"	f44c3f324acd04068f3103baabb7a306
2026-08-30T12:36:19.264+08:00[Asia/Shanghai]	144168421	search_economic_indicator	"{""question"":""检索中国化工行业可用于景气跟踪的现货或市场价格指标：R32、R134a、制冷剂、聚合MDI、纯MDI、尿素、氯化钾、磷酸一铵、磷酸二铵、氨纶40D、丙烷、乙烷、聚乙烯、聚丙烯、纯碱、甲醇、萤石、黄磷、草甘膦""}"	4db41a17fc4379cc4c2221de605f0ecd
2026-08-30T12:36:16.406+08:00[Asia/Shanghai]	141440413	query_economic_indicator_data	"{""question"":""M1001648"",""beginDate"":""2026-08-27"",""endDate"":""2026-08-28""}"	a615af79bc0b37884b0b6bb3aa24f139
2026-08-30T12:36:16.346+08:00[Asia/Shanghai]	144338461	query_economic_indicator_data	"{""question"":""M5540335,M5540336"",""beginDate"":""2004-01-01"",""endDate"":""2025-12-31""}"	89e123920df1ea7577a1547d2e86015a
2026-08-30T12:36:09.968+08:00[Asia/Shanghai]	144338461	query_economic_indicator_data	"{""question"":""M6600577,M6600578"",""beginDate"":""2004-01-01"",""endDate"":""2025-12-31""}"	0ce67230a4efc5cb632d74f609f1beaa
2026-08-30T12:35:55.400+08:00[Asia/Shanghai]	144338461	query_economic_indicator_data	"{""question"":""M5527425,M5527426"",""beginDate"":""2004-01-01"",""endDate"":""2025-12-31""}"	403146737f97a4e0443a6d70bbeb37a0
2026-08-30T12:35:54.761+08:00[Asia/Shanghai]	143904094	search_economic_indicator	"{""question"":""房企信用债 净融资""}"	91540ae0c483f080dde01ff7ec35b5aa
2026-08-30T12:35:51.598+08:00[Asia/Shanghai]	141440413	query_economic_indicator_data	"{""question"":""中证指数公司发布的中国国债到期收益率3年"",""beginDate"":""2026-08-27"",""endDate"":""2026-08-28""}"	3eb6caa473b4329f86306d561ae684f1
2026-08-30T12:35:49.528+08:00[Asia/Shanghai]	144338461	query_economic_indicator_data	"{""question"":""M5540191,M5540192"",""beginDate"":""2004-01-01"",""endDate"":""2025-12-31""}"	37cfae7439df156cf29f4e8df35f8d57
2026-08-30T12:35:37.965+08:00[Asia/Shanghai]	144338461	query_economic_indicator_data	"{""question"":""M5527292,M5527293"",""beginDate"":""2004-01-01"",""endDate"":""2025-12-31""}"	2677df1142b74a56df3a8390309c692f
2026-08-30T12:35:23.635+08:00[Asia/Shanghai]	143904094	search_economic_indicator	"{""question"":""个人按揭贷款 累计值""}"	d714b4a366fa1caddb4f67b128658ca5
2026-08-30T12:35:08.928+08:00[Asia/Shanghai]	143904094	search_economic_indicator	"{""question"":""房地产开发资金来源 定金及预收款""}"	7571dd8fa3951604bbbcbb8e42ea655a
2026-08-30T12:34:43.330+08:00[Asia/Shanghai]	141440413	query_economic_indicator_data	"{""question"":""中国中短期票据到期收益率AAA 3年 上海清算所"",""beginDate"":""2026-08-27"",""endDate"":""2026-08-28""}"	4691897077e44fef5bccdd3ec28aaac9
2026-08-30T12:34:23.745+08:00[Asia/Shanghai]	143904094	search_economic_indicator	"{""question"":""房贷平均利率""}"	e8d33e7d2ecbe7628e4d0d02714d9090
2026-08-30T12:34:16.738+08:00[Asia/Shanghai]	144338461	query_economic_indicator_data	"{""question"":""M5527292,M5527293,Y6334183,X9272317,M5540191,M5540192,M5527425,M5527426,M5527658,M5527659,M6600577,M6600578,M5540335,M5540336,M5526107,M5526108,M6295573,M6295574,M5540712,M5540713"",""beginDate"":""2022-12-01"",""endDate"":""2022-12-31""}"	2070629db0e4f6253f5fba18f6bb1a87
2026-08-30T12:34:02.829+08:00[Asia/Shanghai]	141099757	query_economic_indicator_data	"{""question"":""美国:GDP:不变价:季调:折年数:同比"",""beginDate"":""2023-01-01"",""endDate"":""2026-08-29""}"	fbe7b0c97448aefb344ae6b2cf4e75dc
2026-08-30T12:34:02.520+08:00[Asia/Shanghai]	141099757	query_economic_indicator_data	"{""question"":""美国:GDP:不变价:季调:折年数:同比"",""beginDate"":""2023-01-01"",""endDate"":""2026-08-29""}"	201861059fd4d551e3fa1dbbad5b8623
2026-08-30T12:34:02.295+08:00[Asia/Shanghai]	143904094	search_economic_indicator	"{""question"":""房贷利率 首套房贷利率""}"	f3b3554f40d777dbc0bf27eb17da54d1
2026-08-30T12:33:55.570+08:00[Asia/Shanghai]	141099757	query_economic_indicator_data	"{""question"":""美国:零售和食品服务销售额:零售:季调:当月同比"",""beginDate"":""2023-01-01"",""endDate"":""2026-08-29""}"	73cee37269113c3b051c3411ac396aa7
2026-08-30T12:33:47.620+08:00[Asia/Shanghai]	141099757	query_economic_indicator_data	"{""question"":""美国:ISM:服务业PMI:商业活动"",""beginDate"":""2023-01-01"",""endDate"":""2026-08-29""}"	3638f5db6cac333b9bfa92021f159220
2026-08-30T12:33:44.900+08:00[Asia/Shanghai]	143904094	search_economic_indicator	"{""question"":""100大中城市 成交土地占地面积""}"	ede55528eebf8acc5f0b2111347161df
2026-08-30T12:33:43.732+08:00[Asia/Shanghai]	141099757	query_economic_indicator_data	"{""question"":""美国:ISM:制造业PMI"",""beginDate"":""2023-01-01"",""endDate"":""2026-08-29""}"	a9a7ff63d4a4f1452005c28c812257ed
2026-08-30T12:33:41.309+08:00[Asia/Shanghai]	141099757	query_economic_indicator_data	"{""question"":""美国:工业生产指数:非季调:当月同比"",""beginDate"":""2023-01-01"",""endDate"":""2026-08-29""}"	5e371002ce9410673500a7feb6f485f0
2026-08-30T12:33:39.100+08:00[Asia/Shanghai]	141099757	query_economic_indicator_data	"{""question"":""美国:工业生产指数:非季调:当月同比"",""beginDate"":""2023-01-01"",""endDate"":""2026-08-29""}"	4a31d8df9f93af576cedde99c4d9c90e
2026-08-30T12:33:33.421+08:00[Asia/Shanghai]	141099757	query_economic_indicator_data	"{""question"":""美国:非农就业人数:季调"",""beginDate"":""2023-01-01"",""endDate"":""2026-08-29""}"	90a2dfe87a25dafe5eb48322b34fa645
2026-08-30T12:33:31.479+08:00[Asia/Shanghai]	141099757	query_economic_indicator_data	"{""question"":""美国:非农就业人数:季调"",""beginDate"":""2023-01-01"",""endDate"":""2026-08-29""}"	12e923cca10654b34fe1694d31eefdba
2026-08-30T12:33:24.534+08:00[Asia/Shanghai]	141099757	query_economic_indicator_data	"{""question"":""美国:CPI:非季调:同比"",""beginDate"":""2023-01-01"",""endDate"":""2026-08-29""}"	5065c8b2f587188406d334c7ddf54741
2026-08-30T12:33:15.887+08:00[Asia/Shanghai]	144338461	query_economic_indicator_data	"{""question"":""M5527292,M5527293,Y6334183,X9272317,M5540191,M5540192,M5527425,M5527426,M5527658,M5527659,M6600577,M6600578,M5540335,M5540336,M5526107,M5526108,M6295573,M6295574,M5540712,M5540713"",""beginDate"":""2016-12-01"",""endDate"":""2016-12-31""}"	b14eba9d2d12466735350a65b7c870ad
2026-08-30T12:33:14.182+08:00[Asia/Shanghai]	143904094	search_economic_indicator	"{""question"":""国房景气指数""}"	a8b8a3635050c184090077e079154c78
2026-08-30T12:33:10.716+08:00[Asia/Shanghai]	144338461	query_economic_indicator_data	"{""question"":""M5527292,M5527293,Y6334183,X9272317,M5540191,M5540192,M5527425,M5527426,M5527658,M5527659,M6600577,M6600578,M5540335,M5540336,M5526107,M5526108,M6295573,M6295574,M5540712,M5540713"",""beginDate"":""2015-12-01"",""endDate"":""2015-12-31""}"	441163e2683c08a52e6d3dbe9f18dea1
2026-08-30T12:33:07.980+08:00[Asia/Shanghai]	141099757	query_economic_indicator_data	"{""question"":""美国:库欣:现货离岸价:西德克萨斯中级轻质原油(WTI)"",""beginDate"":""2024-01-01"",""endDate"":""2026-08-29""}"	b6b6d2e67e83dc62e65c389c5c545afd
2026-08-30T12:33:03.172+08:00[Asia/Shanghai]	141440413	query_economic_indicator_data	"{""question"":""美国洲际交易所美林期权波动率估计指数收盘价"",""beginDate"":""2026-08-26"",""endDate"":""2026-08-27""}"	58c163cd3d62f02576d4229c8c50bd05
2026-08-30T12:32:56.336+08:00[Asia/Shanghai]	144338461	query_economic_indicator_data	"{""question"":""M5527292,M5527293,Y6334183,X9272317,M5540191,M5540192,M5527425,M5527426,M5527658,M5527659,M6600577,M6600578,M5540335,M5540336,M5526107,M5526108,M6295573,M6295574,M5540712,M5540713"",""beginDate"":""2013-12-01"",""endDate"":""2013-12-31""}"	3e4f4304d4c91dafab03a2e13250a89c
2026-08-30T12:32:54.637+08:00[Asia/Shanghai]	141099757	query_economic_indicator_data	"{""question"":""美元兑人民币"",""beginDate"":""2024-01-01"",""endDate"":""2026-08-29""}"	eb9f5ae63915788bc0a6e991594f7197
2026-08-30T12:32:50.718+08:00[Asia/Shanghai]	144338461	query_economic_indicator_data	"{""question"":""M5527292,M5527293,Y6334183,X9272317,M5540191,M5540192,M5527425,M5527426,M5527658,M5527659,M6600577,M6600578,M5540335,M5540336,M5526107,M5526108,M6295573,M6295574,M5540712,M5540713"",""beginDate"":""2012-12-01"",""endDate"":""2012-12-31""}"	9b045547ebf8147981d4907db2c9331f
2026-08-30T12:32:28.216+08:00[Asia/Shanghai]	144338461	query_economic_indicator_data	"{""question"":""M5527292,M5527293,Y6334183,X9272317,M5540191,M5540192,M5527425,M5527426,M5527658,M5527659,M6600577,M6600578,M5540335,M5540336,M5526107,M5526108,M6295573,M6295574,M5540712,M5540713"",""beginDate"":""2008-12-01"",""endDate"":""2008-12-31""}"	a9ef718be2bbf87922f2d0c37c5fa649
2026-08-30T12:32:24.151+08:00[Asia/Shanghai]	144009166	search_economic_indicator	"{""question"":""证券市场新增投资者开户数指标""}"	456271f933d3bc54ff401e69fcc01b5c
2026-08-30T12:32:20.104+08:00[Asia/Shanghai]	144338461	query_economic_indicator_data	"{""question"":""M5527292,M5527293,Y6334183,X9272317,M5540191,M5540192,M5527425,M5527426,M5527658,M5527659,M6600577,M6600578,M5540335,M5540336,M5526107,M5526108,M6295573,M6295574,M5540712,M5540713"",""beginDate"":""2007-12-01"",""endDate"":""2007-12-31""}"	078ef4cc8f574d682fe2d7d64150dc4f
2026-08-30T12:32:05.559+08:00[Asia/Shanghai]	144338461	query_economic_indicator_data	"{""question"":""M5527292,M5527293,Y6334183,X9272317,M5540191,M5540192,M5527425,M5527426,M5527658,M5527659,M6600577,M6600578,M5540335,M5540336,M5526107,M5526108,M6295573,M6295574,M5540712,M5540713"",""beginDate"":""2005-12-01"",""endDate"":""2005-12-31""}"	f8cda19787b20af9611e24ee8804c851
2026-08-30T12:31:57.005+08:00[Asia/Shanghai]	144009166	search_economic_indicator	"{""question"":""多晶硅或光伏硅片价格指标""}"	d6cbc16ec146cd442623c7ba17fb2d41
2026-08-30T12:31:53.889+08:00[Asia/Shanghai]	144338461	query_economic_indicator_data	"{""question"":""M5527292,M5527293,Y6334183,X9272317,M5540191,M5540192,M5527425,M5527426,M5527658,M5527659,M6600577,M6600578,M5540335,M5540336,M5526107,M5526108,M6295573,M6295574,M5540712,M5540713"",""beginDate"":""2004-12-01"",""endDate"":""2004-12-31""}"	09794640d7557d2d168e475bd672bacb
2026-08-30T12:31:50.707+08:00[Asia/Shanghai]	141099757	query_economic_indicator_data	"{""question"":""欧元兑美元"",""beginDate"":""2024-01-01"",""endDate"":""2026-08-29""}"	210b617a123c43b168aa703ceef76466
2026-08-30T12:31:39.222+08:00[Asia/Shanghai]	144009166	query_economic_indicator_data	"{""question"":""M1001654"",""beginDate"":""2018-01-01"",""endDate"":""2026-08-30""}"	b6e3a81a11ac7a85c992a8164078a198
2026-08-30T12:31:33.525+08:00[Asia/Shanghai]	144338461	query_economic_indicator_data	"{""question"":""新疆GDP年度"",""beginDate"":""2011-01-01"",""endDate"":""2025-12-31""}"	838344bb140ba68a9d5ddb3704669ef9
2026-08-30T12:31:30.260+08:00[Asia/Shanghai]	144338461	query_economic_indicator_data	"{""question"":""新疆GDP年度"",""beginDate"":""2004-01-01"",""endDate"":""2010-12-31""}"	2987ee060e2efbbfa12c074f81fa6b54
2026-08-30T12:31:07.950+08:00[Asia/Shanghai]	141099757	query_economic_indicator_data	"{""question"":""M0000199"",""beginDate"":""2024-01-01"",""endDate"":""2026-08-29""}"	4619fd21d5844c74d044040d8566b2d0
2026-08-30T12:31:03.526+08:00[Asia/Shanghai]	141099757	query_economic_indicator_data	"{""question"":""M0000201"",""beginDate"":""2024-01-01"",""endDate"":""2026-08-29""}"	45173eaf9f9dad9fa5d5ad8ec24d4172
2026-08-30T12:31:02.863+08:00[Asia/Shanghai]	144338461	query_economic_indicator_data	"{""question"":""河南、湖北、湖南、广东、广西GDP年度"",""beginDate"":""2011-01-01"",""endDate"":""2025-12-31""}"	d8612d4f688838e852cc63df70c3b617
2026-08-30T12:30:55.831+08:00[Asia/Shanghai]	144338461	query_economic_indicator_data	"{""question"":""河南、湖北、湖南、广东、广西GDP年度"",""beginDate"":""2004-01-01"",""endDate"":""2010-12-31""}"	ad41db0c511eaf06c2234d02822de165
2026-08-30T12:30:40.181+08:00[Asia/Shanghai]	144338461	query_economic_indicator_data	"{""question"":""浙江、安徽、福建、江西、山东GDP年度"",""beginDate"":""2004-01-01"",""endDate"":""2010-12-31""}"	c869f3abe4f2b10b9788c055efd4b3b7
2026-08-30T12:30:35.453+08:00[Asia/Shanghai]	144338461	query_economic_indicator_data	"{""question"":""辽宁、吉林、黑龙江、上海、江苏GDP年度"",""beginDate"":""2011-01-01"",""endDate"":""2025-12-31""}"	540dbdce8ca61b79ee85faa380e60be5
2026-08-30T12:30:20.936+08:00[Asia/Shanghai]	144338461	query_economic_indicator_data	"{""question"":""北京、天津、河北、山西、内蒙古GDP年度"",""beginDate"":""2011-01-01"",""endDate"":""2025-12-31""}"	da5f0087c7b57914dc8fd025e51a1717
2026-08-30T12:29:25.341+08:00[Asia/Shanghai]	141440413	query_economic_indicator_data	"{""question"":""中国国债到期收益率30年 中证指数公司"",""beginDate"":""2026-08-27"",""endDate"":""2026-08-28""}"	5c300d788134e15460d1974ac8d69276
2026-08-30T12:29:21.274+08:00[Asia/Shanghai]	141099757	query_economic_indicator_data	"{""question"":""G1100005,G0000030,G0000027,G0000067,G0002446,G1120852,G0002323,G0008355,G1109246,G1112986"",""beginDate"":""2023-01-01"",""endDate"":""2026-08-29""}"	5e15865e1edb64c48b5f37b00b1a32f9
2026-08-30T12:29:17.175+08:00[Asia/Shanghai]	141440413	query_economic_indicator_data	"{""question"":""中国国债到期收益率10年 中证指数公司"",""beginDate"":""2026-08-27"",""endDate"":""2026-08-28""}"	1e5979e6740fe2735a5bbb1bf9a45913
2026-08-30T12:29:09.509+08:00[Asia/Shanghai]	141099757	query_economic_indicator_data	"{""question"":""M0000201,M0000199,M0000200,M0000202,G0002329,S0031645,S5111925"",""beginDate"":""2024-01-01"",""endDate"":""2026-08-29""}"	281b417b007ef7cab6077d4ba6f0d9d5
2026-08-30T12:28:41.365+08:00[Asia/Shanghai]	141440413	query_economic_indicator_data	"{""question"":""中国国债收益率1年 中国货币网"",""beginDate"":""2026-08-27"",""endDate"":""2026-08-28""}"	1065ac416692052868436674d298fad2
2026-08-30T12:28:39.711+08:00[Asia/Shanghai]	144338461	search_economic_indicator	"{""question"":""辽宁 活期存款""}"	05a4eec657808d26bc3cc0066942dbc9
2026-08-30T12:28:18.192+08:00[Asia/Shanghai]	141440413	query_economic_indicator_data	"{""question"":""M0325686,M1001654,M1001657"",""beginDate"":""2026-08-27"",""endDate"":""2026-08-28""}"	2af64b1d9c6337fda3bfece8e8af0a19
2026-08-30T12:28:16.860+08:00[Asia/Shanghai]	144338461	search_economic_indicator	"{""question"":""辽宁:金融机构各项存款余额:境内存款:住户存款:定期及其他存款:人民币""}"	7b086fca430143ad24a85fbccfbba62d
2026-08-30T12:28:12.466+08:00[Asia/Shanghai]	141099757	query_economic_indicator_data	"{""question"":""M0000271"",""observation"":""5""}"	d69e3deb3bde32443eec34f40ae2a20d
2026-08-30T12:28:04.641+08:00[Asia/Shanghai]	144338461	search_economic_indicator	"{""question"":""辽宁:金融机构各项存款余额:境内存款:住户存款:活期存款:人民币""}"	c08734c02ba67012d859b61634c29281
2026-08-30T12:28:04.326+08:00[Asia/Shanghai]	144161103	search_economic_indicator	"{""question"":""NAND Flash 512Gb TLC 晶圆现货价格指标""}"	5d67858a18d79c081d1bcd9088dd2fbc
2026-08-30T12:27:35.921+08:00[Asia/Shanghai]	144161103	query_economic_indicator_data	"{""question"":""Y4169725"",""beginDate"":""2024-01-01"",""endDate"":""2026-08-30""}"	84159ba03081dcd474bd3d0b78aecdf5
2026-08-30T12:27:35.185+08:00[Asia/Shanghai]	141440413	search_economic_indicator	"{""question"":""中国货币网中国国债收益率1年5年10年30年日度""}"	bd8f0e487ff6ebd4618abec3b0638bc4
2026-08-30T12:27:07.638+08:00[Asia/Shanghai]	144338461	search_economic_indicator	"{""question"":""宁夏 金融机构各项存款余额 境内存款 住户存款 定期及其他存款 人民币""}"	5f697fa1df46778ae61cf84c3dae2cb3
2026-08-30T12:27:04.876+08:00[Asia/Shanghai]	141440413	query_economic_indicator_data	"{""question"":""S0059744,S0059747,S0059749,S0059752"",""beginDate"":""2026-08-27"",""endDate"":""2026-08-28""}"	5fe7326ed976a429d8d4cac56c116208
2026-08-30T12:27:00.987+08:00[Asia/Shanghai]	144338461	search_economic_indicator	"{""question"":""宁夏 金融机构各项存款余额 境内存款 住户存款 活期存款 人民币""}"	d361e3a3047768d617bb0a921a2904ac
2026-08-30T12:26:52.860+08:00[Asia/Shanghai]	144161103	search_economic_indicator	"{""question"":""HBM 高带宽内存价格、合约价格、市场报价指标""}"	a66d75aaecc8475ebdf30ce68918b165
2026-08-30T12:26:44.923+08:00[Asia/Shanghai]	144161103	search_economic_indicator	"{""question"":""DRAM 内存芯片现货价格、合约价格指标""}"	c056d7b6e4e0c8ad8b6e938f39a12082
2026-08-30T12:26:43.811+08:00[Asia/Shanghai]	144338461	search_economic_indicator	"{""question"":""青海 金融机构各项存款余额 境内存款 住户存款 活期存款 人民币""}"	a6cfc3d75a377003f7f59c7c223a0f78
2026-08-30T12:26:22.710+08:00[Asia/Shanghai]	144161103	search_economic_indicator	"{""question"":""NAND Flash 存储芯片现货价格、合约价格指标""}"	c550fa20286a53aab8a1d9ff80c6a36c
2026-08-30T12:26:21.780+08:00[Asia/Shanghai]	144338461	search_economic_indicator	"{""question"":""甘肃 金融机构各项存款余额 境内存款 住户存款 定期及其他存款 人民币""}"	3f1581c2099ce4f3e38454310d8110b4
2026-08-30T12:26:09.698+08:00[Asia/Shanghai]	141099757	search_economic_indicator	"{""question"":""外国投资者持有美国国债总额月度指标""}"	71d32514b8a063554e99736d3ced9686
2026-08-30T12:26:08.647+08:00[Asia/Shanghai]	144338461	search_economic_indicator	"{""question"":""甘肃 金融机构各项存款余额 境内存款 住户存款 活期存款 人民币""}"	4654a4564ec9b051a76a2847072ead96
2026-08-30T12:26:06.111+08:00[Asia/Shanghai]	144338461	search_economic_indicator	"{""question"":""陕西 金融机构各项存款余额 境内存款 住户存款 定期及其他存款 人民币""}"	ad38ae5598b99cc41e4408b2456ed0e6
2026-08-30T12:26:04.037+08:00[Asia/Shanghai]	144338461	search_economic_indicator	"{""question"":""陕西 金融机构各项存款余额 境内存款 住户存款 活期存款 人民币""}"	0e2157aec1ec8199d18750f75599499b
2026-08-30T12:26:02.334+08:00[Asia/Shanghai]	144338461	search_economic_indicator	"{""question"":""西藏 金融机构各项存款余额 境内存款 住户存款 定期及其他存款 人民币""}"	a1d68d77b43de39eed8833235e7d3031
2026-08-30T12:26:00.315+08:00[Asia/Shanghai]	144338461	search_economic_indicator	"{""question"":""西藏 金融机构各项存款余额 境内存款 住户存款 活期存款 人民币""}"	63bd1f3a5a9812b7831a8079fac0b332
2026-08-30T12:25:58.129+08:00[Asia/Shanghai]	144338461	search_economic_indicator	"{""question"":""云南 金融机构各项存款余额 境内存款 住户存款 定期及其他存款 人民币""}"	5f2319a5fefd989169f16103034d9762
2026-08-30T12:25:54.248+08:00[Asia/Shanghai]	144457578	search_economic_indicator	"{""question"":""华住酒店 每间可出租客房收入 当季""}"	6a0b6ef313a43cce5662165e7c72cb49
2026-08-30T12:25:34.123+08:00[Asia/Shanghai]	144457578	search_economic_indicator	"{""question"":""华住酒店 入住率 中高档酒店""}"	b7e316d33fabb38d1622d6dfbb21f11c
2026-08-30T12:25:25.668+08:00[Asia/Shanghai]	141099757	search_economic_indicator	"{""question"":""美国国际资本流动净额TIC长期证券净销售总额月度指标""}"	661d164906820a1cbc9ed04c72206d84
2026-08-30T12:25:25.378+08:00[Asia/Shanghai]	144338461	search_economic_indicator	"{""question"":""贵州 金融机构各项存款余额 境内存款 住户存款 定期及其他存款 人民币""}"	8eab193b4e195bb1c2a172404dc8de0b
2026-08-30T12:25:11.317+08:00[Asia/Shanghai]	144338461	search_economic_indicator	"{""question"":""重庆 金融机构各项存款余额 境内存款 住户存款 活期存款 人民币""}"	6c0e7492d8ac356ed41b53d727721085
2026-08-30T12:25:00.458+08:00[Asia/Shanghai]	144338461	search_economic_indicator	"{""question"":""广西 金融机构各项存款余额 境内存款 住户存款 活期存款 人民币""}"	f6b2a3b752968a7b01cda6b2522e197d
2026-08-30T12:24:58.533+08:00[Asia/Shanghai]	144338461	search_economic_indicator	"{""question"":""广东 金融机构各项存款余额 境内存款 住户存款 定期及其他存款 人民币""}"	ae51c811ec29389b17f369850517df50
2026-08-30T12:24:58.086+08:00[Asia/Shanghai]	144457578	query_economic_indicator_data	"{""question"":""S6706007"",""beginDate"":""2010-01-01"",""endDate"":""2026-07-31""}"	3aa7bfe1cdd50dd3ee7c139a4385e880
2026-08-30T12:24:57.230+08:00[Asia/Shanghai]	141099757	search_economic_indicator	"{""question"":""美国财政部TIC外国居民净买入美国国债月度指标""}"	4c5c44661957e11c3dc980f969c27add
2026-08-30T12:24:16.426+08:00[Asia/Shanghai]	141099757	search_economic_indicator	"{""question"":""美国劳工部消费者价格指数CPI同比月度指标""}"	5acdc5edbcfa2934196f9beef880ee50
2026-08-30T12:24:03.997+08:00[Asia/Shanghai]	144338461	search_economic_indicator	"{""question"":""湖北 金融机构各项存款余额 境内存款 住户存款 定期及其他存款 人民币""}"	805bc52af4f662dbd76ce2a34855fe5e
2026-08-30T12:23:48.349+08:00[Asia/Shanghai]	141099757	search_economic_indicator	"{""question"":""全球外汇储备中美元占比IMF COFER季度指标""}"	e0a01586cb4cd9a194e173b0937973e0
2026-08-30T12:23:41.972+08:00[Asia/Shanghai]	141099757	search_economic_indicator	"{""question"":""美国国际资本流动TIC外国投资者净买入美国长期证券、美国国债，以及外国持有美国国债月度指标""}"	360b548a8421e702684273e9a3a1d052
2026-08-30T12:23:40.819+08:00[Asia/Shanghai]	144338461	search_economic_indicator	"{""question"":""河南 金融机构各项存款余额 境内存款 住户存款 活期存款 人民币""}"	e526e7945665c7ad6a572d5d1b12c0d4
2026-08-30T12:23:12.692+08:00[Asia/Shanghai]	144338461	search_economic_indicator	"{""question"":""江西 金融机构各项存款余额 境内存款 住户存款 定期及其他存款 人民币""}"	03e536ee7c6af5ee15effca4f52999e7
2026-08-30T12:23:05.331+08:00[Asia/Shanghai]	144130585	query_economic_indicator_data	"{""question"":""Q9589635,C0613738,V1988624"",""beginDate"":""2019-01-01"",""endDate"":""2025-12-31""}"	2ffd055f39bf359ba2ce768d4f7c71ad
2026-08-30T12:22:49.260+08:00[Asia/Shanghai]	144338461	search_economic_indicator	"{""question"":""福建 金融机构各项存款余额 境内存款 住户存款 定期及其他存款 人民币""}"	1d801abf7a30b3589e731cd7f0502a3d
2026-08-30T12:22:46.952+08:00[Asia/Shanghai]	144130585	query_economic_indicator_data	"{""question"":""G0926423,M0000166"",""beginDate"":""2007-01-01"",""endDate"":""2026-08-30""}"	38d271e0d366bf22993d999ed1d22748
2026-08-30T12:22:31.695+08:00[Asia/Shanghai]	144338461	search_economic_indicator	"{""question"":""福建 金融机构各项存款余额 境内存款 住户存款 活期存款 人民币""}"	096a2e840b445b0c3e44ff73f0d9522c
2026-08-30T12:22:29.807+08:00[Asia/Shanghai]	144338461	search_economic_indicator	"{""question"":""安徽 金融机构各项存款余额 境内存款 住户存款 定期及其他存款 人民币""}"	b098b5d2c7195361c5057d353a54819a
2026-08-30T12:22:24.113+08:00[Asia/Shanghai]	144338461	search_economic_indicator	"{""question"":""安徽 金融机构各项存款余额 境内存款 住户存款 活期存款 人民币""}"	0e5c3c75593e68fcbcb12c8684fb373f
2026-08-30T12:22:07.583+08:00[Asia/Shanghai]	144130585	search_economic_indicator	"{""question"":""欧洲荷兰TTF天然气现货价格月度指标""}"	24d177da54beac366057e8d8112f3bae
2026-08-30T12:21:55.802+08:00[Asia/Shanghai]	123861438	query_economic_indicator_data	"{""question"":""G0122164 月度汇率"",""beginDate"":""2023-12-01"",""endDate"":""2026-08-28""}"	ae8313a0957953ba13d9d4d324bdee48
2026-08-30T12:21:45.874+08:00[Asia/Shanghai]	144130585	search_economic_indicator	"{""question"":""欧元区制造业采购经理指数PMI月度指标""}"	ea3d9bc01712260e3087d219841da27b
2026-08-30T12:21:38.399+08:00[Asia/Shanghai]	123861438	query_economic_indicator_data	"{""question"":""G0122156 月度汇率"",""beginDate"":""2023-12-01"",""endDate"":""2026-08-28""}"	7e896ce11996cd1ed49f6fc474cd6164
2026-08-30T12:21:35.021+08:00[Asia/Shanghai]	144338461	search_economic_indicator	"{""question"":""浙江 金融机构各项存款余额 境内存款 住户存款 活期存款 人民币""}"	acbd5562cb1d41d6a168ab8cc2b4a259
2026-08-30T12:21:27.460+08:00[Asia/Shanghai]	144338461	search_economic_indicator	"{""question"":""江苏 金融机构各项存款余额 境内存款 住户存款 活期存款 人民币""}"	80e91f97e3b90857c659b19c7dd393b4
2026-08-30T12:21:21.197+08:00[Asia/Shanghai]	123861438	search_economic_indicator	"{""question"":""美元兑日元、美元兑韩元、美元兑新台币、美元兑人民币 月度汇率指标""}"	b120b6605477505d5d2d433fb5f38ea4
2026-08-30T12:21:13.964+08:00[Asia/Shanghai]	144130585	search_economic_indicator	"{""question"":""欧洲央行欧元区非金融企业新发放贷款综合利率月度指标""}"	ee7d7682ff8c90361467b3c44e84b7b7
2026-08-30T12:21:03.081+08:00[Asia/Shanghai]	144130585	search_economic_indicator	"{""question"":""欧元区HICP同比月度指标和欧元区能源HICP同比月度指标""}"	5e635f15c14356e9b848372a8f54d45a
2026-08-30T12:21:01.567+08:00[Asia/Shanghai]	144338461	search_economic_indicator	"{""question"":""黑龙江 金融机构各项存款余额 境内存款 住户存款 定期及其他存款 人民币""}"	f6e632ad30b68b0b9c2a70064a24b982
2026-08-30T12:20:21.621+08:00[Asia/Shanghai]	144130585	search_economic_indicator	"{""question"":""欧元兑美元汇率月平均值指标""}"	59c37429b4f02fa4f2dba96ca16342d7
2026-08-30T12:20:00.627+08:00[Asia/Shanghai]	144457578	query_economic_indicator_data	"{""question"":""S0036005,S0036002,M5201399"",""beginDate"":""2018-01-01"",""endDate"":""2026-07-31""}"	41099c1d12d386e4c330448d32cc230b
2026-08-30T12:19:58.366+08:00[Asia/Shanghai]	141099757	search_economic_indicator	"{""question"":""美国ISM制造业PMI、ISM非制造业PMI、零售销售同比、工业产出同比、实际GDP同比指标""}"	ea2962fd5845f5c375a722f12ed0aaae
2026-08-30T12:19:40.518+08:00[Asia/Shanghai]	144130585	search_economic_indicator	"{""question"":""欧元区调和消费者价格指数HICP同比、能源HICP同比、剔除能源食品酒精烟草核心HICP同比指标""}"	32629ffb80a8b59ea59f0484014ecbf8
2026-08-30T12:19:25.602+08:00[Asia/Shanghai]	144338461	search_economic_indicator	"{""question"":""内蒙古 金融机构各项存款余额 境内存款 住户存款 活期存款 人民币""}"	600748050d875dbcd002e3d5dea81115
2026-08-30T12:19:21.931+08:00[Asia/Shanghai]	114268513	query_economic_indicator_data	"{""question"":""山东省GDP累计值"",""beginDate"":""2024-01-01"",""endDate"":""2026-08-30""}"	7726133a977278ccdd4bdcd7a13f5a68
2026-08-30T12:19:18.444+08:00[Asia/Shanghai]	144457578	search_economic_indicator	"{""question"":""国内旅游 出游人次 季度""}"	42df9b0e2e6c40bb3c62e8c7f8c27387
2026-08-30T12:19:07.294+08:00[Asia/Shanghai]	144130585	search_economic_indicator	"{""question"":""欧元区欧洲央行存款便利利率、主要再融资利率有哪些指标""}"	1a31a016799f8e1f04b53e6c8678222f
2026-08-30T12:18:59.874+08:00[Asia/Shanghai]	144338461	search_economic_indicator	"{""question"":""天津 金融机构各项存款余额 境内存款 住户存款 定期及其他存款 人民币""}"	80962f1e14e36a0748fe0e3ea3af86e8
2026-08-30T12:18:31.770+08:00[Asia/Shanghai]	141099757	search_economic_indicator	"{""question"":""美元指数DXY日度指标""}"	5b5e24283fb36ee8cb6e991fa630316f
2026-08-30T12:18:21.389+08:00[Asia/Shanghai]	144457578	search_economic_indicator	"{""question"":""星级饭店 平均房价 综合""}"	551a282f6cda0e92ed94b37a51201f22
2026-08-30T12:18:14.817+08:00[Asia/Shanghai]	144338461	search_economic_indicator	"{""question"":""新疆 金融机构各项存款余额 境内存款 住户存款 定期及其他存款""}"	f6437b7e16cc4ad6825a71cb3d9683ef
2026-08-30T12:17:53.406+08:00[Asia/Shanghai]	144457578	search_economic_indicator	"{""question"":""亚朵 RevPAR""}"	37a3cc53bf6b5715991353198065520e
2026-08-30T12:17:51.037+08:00[Asia/Shanghai]	144338461	search_economic_indicator	"{""question"":""宁夏 金融机构各项存款余额 境内存款 住户存款 定期及其他存款""}"	6520214ccfb7033b7ee34c5137768770
2026-08-30T12:17:23.750+08:00[Asia/Shanghai]	144338461	search_economic_indicator	"{""question"":""宁夏 金融机构各项存款余额 境内存款 住户存款 活期存款""}"	23d8e3164a41ef7c319176d55811c882
2026-08-30T12:17:21.448+08:00[Asia/Shanghai]	114268513	search_economic_indicator	"{""question"":""中债中短期票据到期收益率AAA 1年 3年 5年""}"	badc3535a0741e3e1d381d2f8d6bca09
2026-08-30T12:17:11.275+08:00[Asia/Shanghai]	144338461	search_economic_indicator	"{""question"":""青海 金融机构各项存款余额 境内存款 住户存款 定期及其他存款""}"	b2e4617d4a6538e716a79c93997f7e2e
2026-08-30T12:16:48.203+08:00[Asia/Shanghai]	144338461	search_economic_indicator	"{""question"":""青海 金融机构各项存款余额 境内存款 住户存款 活期存款""}"	e20d25300d7ddedebfc910f3fd41d7e3
2026-08-30T12:16:38.156+08:00[Asia/Shanghai]	143654376	query_economic_indicator_data	"{""endDate"":""2026-04-30"",""beginDate"":""2025-09-01"",""question"":""S5021738""}"	eceed0e425de6ab60c7d76d38f27f574
2026-08-30T12:16:31.955+08:00[Asia/Shanghai]	144338461	search_economic_indicator	"{""question"":""甘肃 金融机构各项存款余额 境内存款 住户存款 定期及其他存款""}"	2a8c923e1841f853328f3a5efb9e3870
2026-08-30T12:16:16.662+08:00[Asia/Shanghai]	144338461	search_economic_indicator	"{""question"":""甘肃 金融机构各项存款余额 境内存款 住户存款 活期存款""}"	2ca7e25313964669bfd1214d370a35f8
2026-08-30T12:16:13.008+08:00[Asia/Shanghai]	144338461	search_economic_indicator	"{""question"":""陕西 金融机构各项存款余额 境内存款 住户存款 活期存款""}"	206c1e17819abe3b0da83f4799ae829d
2026-08-30T12:16:11.892+08:00[Asia/Shanghai]	144457578	search_economic_indicator	"{""question"":""华住酒店 RevPAR 中高档酒店 当季值""}"	49324bda7a256c01d2e1f0a1228e6b4a
2026-08-30T12:16:11.385+08:00[Asia/Shanghai]	144338461	search_economic_indicator	"{""question"":""陕西 金融机构各项存款余额 境内存款 住户存款 定期及其他存款""}"	cf8cd59df02d78ea0c575fe2f01131dd
2026-08-30T12:15:56.189+08:00[Asia/Shanghai]	144457578	search_economic_indicator	"{""question"":""华住酒店 RevPAR 经济型酒店 当季值""}"	c0f9304d9be2c895ab85b1f891359821
2026-08-30T12:15:52.677+08:00[Asia/Shanghai]	144338461	search_economic_indicator	"{""question"":""云南 金融机构各项存款余额 境内存款 住户存款 活期存款""}"	f33fcf0266a20b302137b91dcf9353c2
2026-08-30T12:15:50.336+08:00[Asia/Shanghai]	144338461	search_economic_indicator	"{""question"":""贵州 金融机构各项存款余额 境内存款 住户存款 定期及其他存款""}"	cb781c26fbb2f08e253e787d5db616cf
2026-08-30T12:15:46.745+08:00[Asia/Shanghai]	144338461	search_economic_indicator	"{""question"":""四川 金融机构各项存款余额 境内存款 住户存款 定期及其他存款""}"	6f679f1740bc2372ae690282a27e425e
2026-08-30T12:15:42.355+08:00[Asia/Shanghai]	144338461	search_economic_indicator	"{""question"":""重庆 金融机构各项存款余额 境内存款 住户存款 定期及其他存款""}"	7195fc63c852ed22ea0be015f23b696b
2026-08-30T12:15:40.341+08:00[Asia/Shanghai]	144338461	search_economic_indicator	"{""question"":""重庆 金融机构各项存款余额 境内存款 住户存款 活期存款""}"	2dceff7f3b429e9588e0617cd6bc0664
2026-08-30T12:15:22.077+08:00[Asia/Shanghai]	144457578	search_economic_indicator	"{""question"":""华住酒店 入住率 营运至少18个月 经济型 中高档""}"	7f5f219c32a7e90a11ada6966c17be84
2026-08-30T12:15:16.864+08:00[Asia/Shanghai]	144338461	search_economic_indicator	"{""question"":""海南 金融机构各项存款余额 境内存款 住户存款 活期存款""}"	83e7ff46f76cb0230de245e967f2490f
2026-08-30T12:15:15.077+08:00[Asia/Shanghai]	144338461	search_economic_indicator	"{""question"":""广西 金融机构各项存款余额 境内存款 住户存款 定期及其他存款""}"	2ce6b6311d57e30edacaaed02def598b
2026-08-30T12:15:10.901+08:00[Asia/Shanghai]	144338461	search_economic_indicator	"{""question"":""广东 金融机构各项存款余额 境内存款 住户存款 定期及其他存款""}"	f053ee7a60f36c8b8e81dbaf3c1591df
2026-08-30T12:15:06.694+08:00[Asia/Shanghai]	144457578	search_economic_indicator	"{""question"":""华住酒店 每间可供出租客房混合收入 营运至少18个月""}"	d9b2e0a79ac94bef8a813794b5c0ec2d
2026-08-30T12:14:59.029+08:00[Asia/Shanghai]	144432088	query_economic_indicator_data	"{""question"":""M0048269"",""beginDate"":""2022-01-01"",""endDate"":""2022-12-31""}"	2869043c279c921d842eb837a2b7be9d
2026-08-30T12:14:55.881+08:00[Asia/Shanghai]	144432088	query_economic_indicator_data	"{""question"":""M0048269"",""beginDate"":""2022-01-01"",""endDate"":""2022-12-31""}"	c8a158e9b339b51eb69dfe005a8c59bb
2026-08-30T12:14:55.372+08:00[Asia/Shanghai]	144432088	query_economic_indicator_data	"{""question"":""M0048269"",""beginDate"":""2021-01-01"",""endDate"":""2021-12-31""}"	d79f175faa85c0cd92f7322de25315f7
2026-08-30T12:14:54.301+08:00[Asia/Shanghai]	144432088	query_economic_indicator_data	"{""question"":""M0048269"",""beginDate"":""2019-01-01"",""endDate"":""2019-12-31""}"	b27aefb8628b3dbf149f09fe0b839950
2026-08-30T12:14:53.242+08:00[Asia/Shanghai]	144432088	query_economic_indicator_data	"{""question"":""M0048269"",""beginDate"":""2017-01-01"",""endDate"":""2017-12-31""}"	6b006376193c1e700bcc36347a22d809
2026-08-30T12:14:52.781+08:00[Asia/Shanghai]	144432088	query_economic_indicator_data	"{""question"":""M0048269"",""beginDate"":""2023-01-01"",""endDate"":""2023-04-28""}"	0f4baadc13b1429959e4da0bcbd537cd
2026-08-30T12:14:52.691+08:00[Asia/Shanghai]	144432088	query_economic_indicator_data	"{""question"":""M0048269"",""beginDate"":""2016-01-01"",""endDate"":""2016-12-31""}"	f8098406c71952f5e7b0215d3c8e7253
2026-08-30T12:14:52+08:00[Asia/Shanghai]	144432088	query_economic_indicator_data	"{""question"":""M0048269"",""beginDate"":""2015-12-31"",""endDate"":""2015-12-31""}"	fd469274255960ae95559e73f3fc8875
2026-08-30T12:14:51.145+08:00[Asia/Shanghai]	144432088	query_economic_indicator_data	"{""question"":""M0048269"",""beginDate"":""2020-01-01"",""endDate"":""2020-12-31""}"	2c26078478290cea4e1a2ae124b6ebe4
2026-08-30T12:14:50.108+08:00[Asia/Shanghai]	144432088	query_economic_indicator_data	"{""question"":""M0048269"",""beginDate"":""2018-01-01"",""endDate"":""2018-12-31""}"	4ade35c843c03d3aacfa345b21a51526
2026-08-30T12:14:43.694+08:00[Asia/Shanghai]	144457578	query_economic_indicator_data	"{""question"":""B2084077,O3332496,A3672226,X7878062"",""beginDate"":""2018-01-01"",""endDate"":""2026-07-31""}"	f57e7652b2bd6e3a1b087742c10aaddb
2026-08-30T12:14:23.403+08:00[Asia/Shanghai]	144338461	search_economic_indicator	"{""question"":""湖南 金融机构各项存款余额 境内存款 住户存款 活期存款""}"	cfd206b15dc1321774d39acaaba4591c
2026-08-30T12:14:08.491+08:00[Asia/Shanghai]	144457578	search_economic_indicator	"{""question"":""华住 每间可供出租客房混合收入 经济型 中高档""}"	8b90e500b54ce0c5b609046cf3d65056
2026-08-30T12:13:52.131+08:00[Asia/Shanghai]	144338461	search_economic_indicator	"{""question"":""湖北 金融机构各项存款余额 境内存款 住户存款 活期存款""}"	d5701b0c366c3be454101a0e556fe43f
2026-08-30T12:13:26.110+08:00[Asia/Shanghai]	144338461	search_economic_indicator	"{""question"":""河南 金融机构各项存款余额 境内存款 住户存款 定期及其他存款""}"	bb0986c1d0e1c7206e8ed5df4c68f9dd
2026-08-30T12:13:25.498+08:00[Asia/Shanghai]	144457578	search_economic_indicator	"{""question"":""锦江酒店 出租率 平均房价 境内""}"	a61386b5a1bc0e8abf5c616e45e3cc8c
2026-08-30T12:13:05.573+08:00[Asia/Shanghai]	114268513	query_economic_indicator_data	"{""question"":""M0051602,M6313008"",""beginDate"":""2021-01-01"",""endDate"":""2026-08-30""}"	df769cd717f94d996a3f9029bf0b16ea
2026-08-30T12:13:00.038+08:00[Asia/Shanghai]	144338461	search_economic_indicator	"{""question"":""山东 金融机构各项存款余额 境内存款 住户存款 定期及其他存款""}"	706c7f0ea25f7e78c1a73f9a8fc83dd0
2026-08-30T12:12:44.322+08:00[Asia/Shanghai]	144457578	search_economic_indicator	"{""question"":""国内旅游 人次 旅游收入""}"	d12120040d1d4b7ec191ee74d0fddc66
2026-08-30T12:12:40.669+08:00[Asia/Shanghai]	144338461	search_economic_indicator	"{""question"":""江西 金融机构各项存款余额 境内存款 住户存款 定期及其他存款""}"	bbc801cebed3c06f493be3b43f7783dd
2026-08-30T12:12:10.484+08:00[Asia/Shanghai]	144338461	search_economic_indicator	"{""question"":""江西 金融机构各项存款余额 境内存款 住户存款 活期存款""}"	9b78f048aa8a61980667a48fc63602fa
2026-08-30T12:11:58.431+08:00[Asia/Shanghai]	144432088	query_economic_indicator_data	"{""question"":""M0325687"",""beginDate"":""2023-01-01"",""endDate"":""2023-04-28""}"	45c21dcf4c4c71c0eb7b322897223a40
2026-08-30T12:11:55.668+08:00[Asia/Shanghai]	144338461	search_economic_indicator	"{""question"":""福建 金融机构各项存款余额 境内存款 住户存款 定期及其他存款""}"	7b8ba06d8e263ff03ff5a3780bcbb46c
2026-08-30T12:11:46.652+08:00[Asia/Shanghai]	144432088	query_economic_indicator_data	"{""question"":""M0325687"",""beginDate"":""2021-01-01"",""endDate"":""2021-12-31""}"	32f4bf553005ccf77704861509be085b
2026-08-30T12:11:38.930+08:00[Asia/Shanghai]	144338461	search_economic_indicator	"{""question"":""福建 金融机构各项存款余额 境内存款 住户存款 活期存款""}"	c51ff3f9348829c54f102e23bff41b05
2026-08-30T12:11:38.563+08:00[Asia/Shanghai]	144432088	query_economic_indicator_data	"{""question"":""M0325687"",""beginDate"":""2020-01-01"",""endDate"":""2020-12-31""}"	d1e1ab1cfc38ca8d486b57970621de6b
2026-08-30T12:11:37.108+08:00[Asia/Shanghai]	144338461	search_economic_indicator	"{""question"":""安徽 金融机构各项存款余额 境内存款 住户存款 定期及其他存款""}"	38fdeb0519e62dd7c2eb7f0fa370488c
2026-08-30T12:11:34.777+08:00[Asia/Shanghai]	144338461	search_economic_indicator	"{""question"":""安徽 金融机构各项存款余额 境内存款 住户存款 活期存款""}"	7c2893d2ae0dd3a97a8de1c6e806de1a
2026-08-30T12:11:33.504+08:00[Asia/Shanghai]	144457578	search_economic_indicator	"{""question"":""住宿业 限额以上 营业额 同比""}"	fdc33fca03dd140c13f5b3acbd6428a7
2026-08-30T12:11:20.363+08:00[Asia/Shanghai]	144432088	query_economic_indicator_data	"{""question"":""M0325687"",""beginDate"":""2017-01-01"",""endDate"":""2017-12-31""}"	8668317eaa46a5f7fe04e44234594f09
2026-08-30T12:11:16.611+08:00[Asia/Shanghai]	144432088	query_economic_indicator_data	"{""question"":""M0325687"",""beginDate"":""2016-01-01"",""endDate"":""2016-12-31""}"	a70b5d8267bcb418438386f119035e9c
2026-08-30T12:11:12.985+08:00[Asia/Shanghai]	144432088	query_economic_indicator_data	"{""question"":""M0325687"",""beginDate"":""2015-12-31"",""endDate"":""2015-12-31""}"	3efc35b691e20cebeefc5942092c1351
2026-08-30T12:11:10.759+08:00[Asia/Shanghai]	144457578	search_economic_indicator	"{""question"":""星级饭店 平均出租率 平均房价""}"	150648a72f0db648206ba7e65d8e5552
2026-08-30T12:11:08.977+08:00[Asia/Shanghai]	144432088	query_economic_indicator_data	"{""question"":""M0048270"",""beginDate"":""2023-01-01"",""endDate"":""2023-04-28""}"	7b009ce59fb5251bfdd4d5c271f35482
2026-08-30T12:11:04.683+08:00[Asia/Shanghai]	144338461	search_economic_indicator	"{""question"":""浙江 金融机构各项存款余额 境内存款 住户存款 定期及其他存款""}"	585f17bd3367a0f86d91146131161dbb
2026-08-30T12:10:55.059+08:00[Asia/Shanghai]	144432088	query_economic_indicator_data	"{""question"":""M0048270"",""beginDate"":""2020-01-01"",""endDate"":""2020-12-31""}"	31adce9b5c2a395933a513babf1b7a97
2026-08-30T12:10:46.651+08:00[Asia/Shanghai]	144432088	query_economic_indicator_data	"{""question"":""M0048270"",""beginDate"":""2018-01-01"",""endDate"":""2018-12-31""}"	692da90f7a5a94566b7f3c990c9a61ed
2026-08-30T12:10:45.906+08:00[Asia/Shanghai]	144338461	search_economic_indicator	"{""question"":""江苏 金融机构各项存款余额 境内存款 住户存款 活期存款""}"	b4cf2189950bd85d7407bb9ecc706649
2026-08-30T12:10:43.828+08:00[Asia/Shanghai]	144338461	search_economic_indicator	"{""question"":""上海 金融机构各项存款余额 境内存款 住户存款 定期及其他存款""}"	41241528869eed33133d14006533b827
2026-08-30T12:10:42.847+08:00[Asia/Shanghai]	144432088	query_economic_indicator_data	"{""question"":""M0048270"",""beginDate"":""2017-01-01"",""endDate"":""2017-12-31""}"	db533dba3934a8b13efe588e4e8b909f
2026-08-30T12:10:37.690+08:00[Asia/Shanghai]	144432088	query_economic_indicator_data	"{""question"":""M0048270"",""beginDate"":""2016-01-01"",""endDate"":""2016-12-31""}"	482d03e17c9ba041813798f690ff2a45
2026-08-30T12:10:32.905+08:00[Asia/Shanghai]	144432088	query_economic_indicator_data	"{""question"":""M0048270"",""beginDate"":""2015-12-31"",""endDate"":""2015-12-31""}"	6191cab165b787626514bbba1f34d65f
2026-08-30T12:10:21.942+08:00[Asia/Shanghai]	144432088	query_economic_indicator_data	"{""question"":""M0048269"",""beginDate"":""2022-01-01"",""endDate"":""2022-12-31""}"	de4663fb32df3a1febe6d6f2e63178ee
2026-08-30T12:10:18.635+08:00[Asia/Shanghai]	101029871	query_economic_indicator_data	"{""beginDate"":""2026-08-27"",""endDate"":""2026-08-28"",""question"":""S0179733,L5471360,G0003892,S0069669,M0000005,M0000271,M1001791""}"	39f24084a8248591935b9600dfd09ffc
2026-08-30T12:10:18.027+08:00[Asia/Shanghai]	144432088	query_economic_indicator_data	"{""question"":""M0048269"",""beginDate"":""2021-01-01"",""endDate"":""2021-12-31""}"	692c21e0b3c9e249dce1a0f9d51c972c
2026-08-30T12:10:14.105+08:00[Asia/Shanghai]	144432088	query_economic_indicator_data	"{""question"":""M0048269"",""beginDate"":""2020-01-01"",""endDate"":""2020-12-31""}"	6baebe45e28c259db919096b0ebe0dbc
2026-08-30T12:10:12.847+08:00[Asia/Shanghai]	144338461	search_economic_indicator	"{""question"":""黑龙江 金融机构各项存款余额 境内存款 住户存款 定期及其他存款""}"	5e96d4a8464315e7d59a602b02142dd9
2026-08-30T12:10:10.956+08:00[Asia/Shanghai]	144432088	query_economic_indicator_data	"{""question"":""M0048269"",""beginDate"":""2019-01-01"",""endDate"":""2019-12-31""}"	c5a816a1eb73872661089b0c3e9f5a64
2026-08-30T12:09:57.779+08:00[Asia/Shanghai]	144338461	search_economic_indicator	"{""question"":""黑龙江 金融机构各项存款余额 境内存款 住户存款 活期存款""}"	5c376173342d532a92443f51ebcea3cd
2026-08-30T12:09:46.609+08:00[Asia/Shanghai]	144432088	query_economic_indicator_data	"{""question"":""M0048268"",""beginDate"":""2022-01-01"",""endDate"":""2022-12-31""}"	39e5b3c2f55f84d955633b9739935401
2026-08-30T12:09:42.953+08:00[Asia/Shanghai]	144432088	query_economic_indicator_data	"{""question"":""M0048268"",""beginDate"":""2021-01-01"",""endDate"":""2021-12-31""}"	a7d5f7710dfbc9b23a6cbcdaf99db99d
2026-08-30T12:09:38.830+08:00[Asia/Shanghai]	144432088	query_economic_indicator_data	"{""question"":""M0048268"",""beginDate"":""2020-01-01"",""endDate"":""2020-12-31""}"	9cc4165e77da4c4db29c4a0742aff08c
2026-08-30T12:09:31.027+08:00[Asia/Shanghai]	144432088	query_economic_indicator_data	"{""question"":""M0048268"",""beginDate"":""2018-01-01"",""endDate"":""2018-12-31""}"	3cbf5f28226a4f2950c9e2b0b041f3d2
2026-08-30T12:09:23.267+08:00[Asia/Shanghai]	144432088	query_economic_indicator_data	"{""question"":""M0048268"",""beginDate"":""2016-01-01"",""endDate"":""2016-12-31""}"	760f052d895c3f86d5dab1a7fbd2d05c
2026-08-30T12:09:19.910+08:00[Asia/Shanghai]	144338461	search_economic_indicator	"{""question"":""吉林 金融机构各项存款余额 境内存款 住户存款 活期存款""}"	afed9b621c01fc21cd8f2d1538301a5a
2026-08-30T12:09:13.171+08:00[Asia/Shanghai]	144432088	query_economic_indicator_data	"{""question"":""M0325686"",""beginDate"":""2023-01-01"",""endDate"":""2023-04-28""}"	935a49cb4dd66ce710273a724a5eea0d
2026-08-30T12:09:00.091+08:00[Asia/Shanghai]	144432088	query_economic_indicator_data	"{""question"":""M0325686"",""beginDate"":""2020-01-01"",""endDate"":""2020-12-31""}"	91e36515e80b24720422050f45bd373a
2026-08-30T12:08:30.136+08:00[Asia/Shanghai]	114015831	search_economic_indicator	"{""question"":""AI芯片 GPU 人工智能加速器 中国市场规模 全球市场规模 算力芯片""}"	f706fa8dee56e09b8ee02bddaf98cf29
2026-08-30T12:08:28.362+08:00[Asia/Shanghai]	144338461	search_economic_indicator	"{""question"":""河北 金融机构各项存款余额 境内存款 住户存款 定期及其他存款""}"	3d3389de7e28f25c4eef3d0c18d01be2
2026-08-30T12:08:25.068+08:00[Asia/Shanghai]	144338461	search_economic_indicator	"{""question"":""天津 金融机构各项存款余额 境内存款 住户存款 定期及其他存款""}"	6f336fbae939e0929a3f6e05616e3be8
2026-08-30T12:08:23.080+08:00[Asia/Shanghai]	144338461	search_economic_indicator	"{""question"":""天津 金融机构各项存款余额 境内存款 住户存款 活期存款""}"	47bd4c409af313c32b14e4ac63aa5eaf
2026-08-30T12:08:20.129+08:00[Asia/Shanghai]	143954744	query_economic_indicator_data	"{""question"":""S0147010,S0029752,S0049493,S0049507,S0029756,S0049509"",""beginDate"":""2026-08-21"",""endDate"":""2026-08-30""}"	2617bbb7165fd84660aad56d816bc7d9
2026-08-30T12:08:19.250+08:00[Asia/Shanghai]	144338461	search_economic_indicator	"{""question"":""北京 金融机构各项存款余额 境内存款 住户存款 活期存款""}"	b32fbf2f41e857b11d1cff8d24687e83
2026-08-30T12:06:36.059+08:00[Asia/Shanghai]	144338461	search_economic_indicator	"{""question"":""天津 金融机构各项存款余额 境内存款 住户存款 活期存款 人民币 中国人民银行 月度""}"	312a9bccaf552bcc614c96105b263473
2026-08-30T12:06:12.799+08:00[Asia/Shanghai]	144338461	query_economic_indicator_data	"{""question"":""北京、天津、河北金融机构各项存款余额中境内住户存款的活期存款"",""beginDate"":""2015-01-01"",""endDate"":""2025-12-31""}"	69f9ba0ac3c732cb0e575a6ad952238d
2026-08-30T12:05:08.028+08:00[Asia/Shanghai]	144338461	search_economic_indicator	"{""question"":""北京 居民储蓄存款余额 活期储蓄 期末 年度""}"	ebef30369a531767d6d9c0486d752b1b
2026-08-30T12:04:49.568+08:00[Asia/Shanghai]	144338461	search_economic_indicator	"{""question"":""北京 城乡居民人民币储蓄存款 年末余额 活期 定期 年度""}"	aa20117dedd54a94729d91dbc6ff0c0b
2026-08-30T12:04:20.802+08:00[Asia/Shanghai]	144338461	search_economic_indicator	"{""question"":""天津 金融机构各项存款余额 境内存款 住户存款 活期存款""}"	1727fd4d0122a38375a677fda63caa4e
2026-08-30T12:04:02.647+08:00[Asia/Shanghai]	144338461	search_economic_indicator	"{""question"":""天津金融机构各项存款余额 境内存款 住户存款 活期存款 定期及其他存款 本外币，以及天津GDP年度""}"	fcd5040a3b9d1ac700f42d10b26e6bfc
2026-08-30T12:03:38.330+08:00[Asia/Shanghai]	144450682	query_economic_indicator_data	"{""question"":""上海金交所收盘价黄金现货Au9999(S0035819)从2025年8月1日到2026年8月28日的日度数据"",""beginDate"":""2025-08-01"",""endDate"":""2026-08-28""}"	f5643f9926fc29e55fcf81ba797c4525
2026-08-30T12:03:30.531+08:00[Asia/Shanghai]	144338461	search_economic_indicator	"{""question"":""北京 天津 河北 金融机构各项存款余额 境内存款 住户存款 活期存款 本外币""}"	5476595d2f2a66738a917c246f488cd2
2026-08-30T12:03:12.416+08:00[Asia/Shanghai]	144450682	search_economic_indicator	"{""question"":""上海黄金交易所Au9999黄金现货价格相关指标有哪些""}"	c853f7a1a7a1ec0f65f1ac426f1081e0
2026-08-30T12:02:45.794+08:00[Asia/Shanghai]	144338461	search_economic_indicator	"{""question"":""金融机构各项存款余额 境内存款 住户存款 活期存款 本外币 各地区""}"	a45479dd3f33428a003cce41244763fa
2026-08-30T12:02:24.772+08:00[Asia/Shanghai]	144338461	search_economic_indicator	"{""question"":""北京 地区生产总值 当年价格 年度""}"	7b8bb9f0b5a409a85aa9cd7d28b69c7f
2026-08-30T12:01:10.313+08:00[Asia/Shanghai]	144338461	search_economic_indicator	"{""question"":""中国分省年度居民或住户活期存款余额、定期存款余额（含定期及其他存款）指标""}"	d29f3404e7fff6356e30f8432be64818
2026-08-30T12:00:41.354+08:00[Asia/Shanghai]	135939369	query_economic_indicator_data	"{""question"":""M0075992,M0075987,M0331236,G0003892"",""beginDate"":""2026-08-28"",""endDate"":""2026-08-30""}"	ebf027c3967d67a90dc2d9ba703dace8
2026-08-30T12:00:33.589+08:00[Asia/Shanghai]	101029871	query_economic_indicator_data	"{""beginDate"":""2026-08-26"",""endDate"":""2026-08-28"",""question"":""H9937338""}"	6492a53b78a94fef20547e918227c2f2
2026-08-30T12:00:15.622+08:00[Asia/Shanghai]	144338461	search_economic_indicator	"{""question"":""中国分省年度居民或住户活期存款余额、定期存款余额（含定期及其他存款）指标""}"	497f7443b7d50730bfa8030aeadce642
2026-08-30T11:59:35.389+08:00[Asia/Shanghai]	144432088	query_economic_indicator_data	"{""question"":""M0325686"",""beginDate"":""2019-01-01"",""endDate"":""2019-12-31""}"	d446c6fefaea8688b12e659611340551
2026-08-30T11:59:29.562+08:00[Asia/Shanghai]	144432088	query_economic_indicator_data	"{""question"":""M0325686"",""beginDate"":""2017-01-01"",""endDate"":""2017-12-31""}"	0e6b18127521356ae1c20c974a584d0f
2026-08-30T11:59:21.068+08:00[Asia/Shanghai]	144432088	query_economic_indicator_data	"{""question"":""M0325686"",""beginDate"":""2015-12-31"",""endDate"":""2015-12-31""}"	12d24823468219f6d1dd8f3b5c8fb81d
2026-08-30T11:59:17.225+08:00[Asia/Shanghai]	144432088	query_economic_indicator_data	"{""question"":""M1008673"",""beginDate"":""2023-01-01"",""endDate"":""2023-04-28""}"	2c979a21c0558db7ac8971d00f9c7759
2026-08-30T11:59:14.029+08:00[Asia/Shanghai]	144432088	query_economic_indicator_data	"{""question"":""M1008673"",""beginDate"":""2022-01-01"",""endDate"":""2022-12-31""}"	ac30205185bea497343f7b0709f96e24
2026-08-30T11:59:10.829+08:00[Asia/Shanghai]	144432088	query_economic_indicator_data	"{""question"":""M1008673"",""beginDate"":""2021-01-01"",""endDate"":""2021-12-31""}"	02c410c8f42121dc40822bb5c4f8ad3d
2026-08-30T11:59:06.757+08:00[Asia/Shanghai]	144432088	query_economic_indicator_data	"{""question"":""M1008673"",""beginDate"":""2020-01-01"",""endDate"":""2020-12-31""}"	339887ec1760cd52a053cd9c362fae3b
2026-08-30T11:58:58.799+08:00[Asia/Shanghai]	144432088	query_economic_indicator_data	"{""question"":""M1008673"",""beginDate"":""2018-01-01"",""endDate"":""2018-12-31""}"	75f1761eef69460cb87e0000d4e5efc2
2026-08-30T11:58:53.511+08:00[Asia/Shanghai]	144432088	query_economic_indicator_data	"{""question"":""M1008673"",""beginDate"":""2017-01-01"",""endDate"":""2017-12-31""}"	1ffe77e7e16cbbcc3834ef8902964a80
2026-08-30T11:58:49.715+08:00[Asia/Shanghai]	144432088	query_economic_indicator_data	"{""question"":""M1008673"",""beginDate"":""2016-01-01"",""endDate"":""2016-12-31""}"	9014561b366dd8934514104366ca1fa7
2026-08-30T11:58:46.134+08:00[Asia/Shanghai]	144432088	query_economic_indicator_data	"{""question"":""M1008673"",""beginDate"":""2015-12-31"",""endDate"":""2015-12-31""}"	88cdf5d984473d95d0d55de36c023fbb
2026-08-30T11:58:42.515+08:00[Asia/Shanghai]	144432088	query_economic_indicator_data	"{""question"":""M0048265"",""beginDate"":""2023-01-01"",""endDate"":""2023-04-28""}"	2557238d52e46ce0330cd30c4d48595c
2026-08-30T11:58:38.281+08:00[Asia/Shanghai]	144432088	query_economic_indicator_data	"{""question"":""M0048265"",""beginDate"":""2022-01-01"",""endDate"":""2022-12-31""}"	453519bf2699335237bc7f5e9ea0f830
2026-08-30T11:58:32.844+08:00[Asia/Shanghai]	144432088	query_economic_indicator_data	"{""question"":""M0048265"",""beginDate"":""2021-01-01"",""endDate"":""2021-12-31""}"	f5a9050ec455456af2a726bba1fadc35
2026-08-30T11:58:12.008+08:00[Asia/Shanghai]	144432088	query_economic_indicator_data	"{""question"":""M0048265"",""beginDate"":""2016-01-01"",""endDate"":""2016-12-31""}"	f0fb1af551c5230d9661ba9022c4964e
2026-08-30T11:58:08.864+08:00[Asia/Shanghai]	144432088	query_economic_indicator_data	"{""question"":""M0048265"",""beginDate"":""2015-12-31"",""endDate"":""2015-12-31""}"	990e246630ed6cc64d42cc6d55cc9999
2026-08-30T11:58:04.301+08:00[Asia/Shanghai]	144432088	query_economic_indicator_data	"{""question"":""M1008671"",""beginDate"":""2023-01-01"",""endDate"":""2023-04-28""}"	e4ad7bfbf12f26ffd6bed82faa6f53a8
2026-08-30T11:57:57.137+08:00[Asia/Shanghai]	144432088	query_economic_indicator_data	"{""question"":""M1008671"",""beginDate"":""2021-01-01"",""endDate"":""2021-12-31""}"	693272ccf2668075a2ece16053a340bf
2026-08-30T11:57:45.106+08:00[Asia/Shanghai]	144432088	query_economic_indicator_data	"{""question"":""M1008671"",""beginDate"":""2019-01-01"",""endDate"":""2019-12-31""}"	c323bd1b8a3867d9d7e77c4ccc019624
2026-08-30T11:57:41.075+08:00[Asia/Shanghai]	144432088	query_economic_indicator_data	"{""question"":""M1008671"",""beginDate"":""2018-01-01"",""endDate"":""2018-12-31""}"	e0446f9644fe3be37d00d46835b2ea88
2026-08-30T11:57:37.197+08:00[Asia/Shanghai]	144432088	query_economic_indicator_data	"{""question"":""M1008671"",""beginDate"":""2017-01-01"",""endDate"":""2017-12-31""}"	940ce40b56917dbf7dc8b0fbe4b6c5aa
2026-08-30T11:57:33.040+08:00[Asia/Shanghai]	144432088	query_economic_indicator_data	"{""question"":""M1008671"",""beginDate"":""2016-01-01"",""endDate"":""2016-12-31""}"	a6208e8ac222a8b70e79dbc1712bc1aa
2026-08-30T11:57:14.592+08:00[Asia/Shanghai]	144432088	query_economic_indicator_data	"{""question"":""M1008670"",""beginDate"":""2021-01-01"",""endDate"":""2021-12-31""}"	796c7f99bb858de907febc912d4381ec
2026-08-30T11:57:04.272+08:00[Asia/Shanghai]	144432088	query_economic_indicator_data	"{""question"":""M1008670"",""beginDate"":""2019-01-01"",""endDate"":""2019-12-31""}"	5e467ec69835d9ab2e44933a638be265
2026-08-30T11:56:51.432+08:00[Asia/Shanghai]	144432088	query_economic_indicator_data	"{""question"":""M1008670"",""beginDate"":""2018-01-01"",""endDate"":""2018-12-31""}"	3f02f275942d43484f0a17a94b0fdfc3
2026-08-30T11:56:48.152+08:00[Asia/Shanghai]	144432088	query_economic_indicator_data	"{""question"":""M1008670"",""beginDate"":""2017-01-01"",""endDate"":""2017-12-31""}"	9f47cb093fd115532c2069e19767ce36
2026-08-30T11:56:44.664+08:00[Asia/Shanghai]	144432088	query_economic_indicator_data	"{""question"":""M1008670"",""beginDate"":""2016-01-01"",""endDate"":""2016-12-31""}"	adeae937d19775452465a5f21d49890b
2026-08-30T11:56:39.809+08:00[Asia/Shanghai]	144432088	query_economic_indicator_data	"{""question"":""M1008670"",""beginDate"":""2015-12-31"",""endDate"":""2015-12-31""}"	a4340a0eb7221f703bf831e760056dda
2026-08-30T11:56:33.748+08:00[Asia/Shanghai]	143904904	query_economic_indicator_data	"{""question"":""中国民间固定资产投资完成额:第三产业:累计同比 数据"",""beginDate"":""2025-12-01"",""endDate"":""2026-08-31""}"	7a001b962843c218509c31fe76d1c973
2026-08-30T11:54:53.839+08:00[Asia/Shanghai]	144457578	search_economic_indicator	"{""question"":""南京 苏州 平均租金 办公""}"	56da123938039730b48ff787fd7b50d6
2026-08-30T11:54:47.626+08:00[Asia/Shanghai]	144432088	query_economic_indicator_data	"{""question"":""M1008671"",""beginDate"":""2018-01-01"",""endDate"":""2018-03-31""}"	7eaeaf8de8d4fe963034e474bc49ca6e
2026-08-30T11:54:44.216+08:00[Asia/Shanghai]	144432088	query_economic_indicator_data	"{""question"":""M1008670"",""beginDate"":""2018-01-01"",""endDate"":""2018-03-31""}"	dfd8cb4c6b31084a06baebd1f0e03310
2026-08-30T11:54:39.213+08:00[Asia/Shanghai]	144457578	search_economic_indicator	"{""question"":""广州 平均租金 办公""}"	83c5a040971fc1d20ad4be0af4d8cdff
2026-08-30T11:54:34.558+08:00[Asia/Shanghai]	144432088	query_economic_indicator_data	"{""question"":""M1008671"",""beginDate"":""2017-01-01"",""endDate"":""2017-12-31""}"	47d6692662a66ebda1a23549d81987fd
2026-08-30T11:54:25.700+08:00[Asia/Shanghai]	114128070	query_economic_indicator_data	"{""question"":""S5109907"",""beginDate"":""2026-07-01"",""endDate"":""2026-08-29""}"	242d37ca82267e7126acbd7fc39559d2
2026-08-30T11:53:57.885+08:00[Asia/Shanghai]	144432088	query_economic_indicator_data	"{""question"":""M0048266"",""beginDate"":""2015-12-31"",""endDate"":""2016-01-15""}"	5c13f13b78c7938ba336528861eb1707
2026-08-30T11:53:41.402+08:00[Asia/Shanghai]	144457578	search_economic_indicator	"{""question"":""北京 上海 深圳 写字楼租金""}"	2a310cfdf00fd6d203024ad84a831324
2026-08-30T11:53:40.935+08:00[Asia/Shanghai]	144432088	query_economic_indicator_data	"{""question"":""M0048262"",""beginDate"":""2015-12-31"",""endDate"":""2016-01-15""}"	a53b52ec391e093e910886dd7574b05b
2026-08-30T11:53:39.736+08:00[Asia/Shanghai]	114128070	query_economic_indicator_data	"{""question"":""S0031550"",""beginDate"":""2026-08-24"",""endDate"":""2026-08-29""}"	c53476be716292e5b38acb47edf472ae
2026-08-30T11:53:35.893+08:00[Asia/Shanghai]	144432088	query_economic_indicator_data	"{""question"":""M0048261"",""beginDate"":""2015-12-31"",""endDate"":""2016-01-15""}"	638310cc82605b398659a4365ce87940
2026-08-30T11:53:31.543+08:00[Asia/Shanghai]	114128070	query_economic_indicator_data	"{""question"":""S0031553"",""beginDate"":""2026-08-24"",""endDate"":""2026-08-29""}"	21f32883556935fcb1a12a135f657aee
2026-08-30T11:53:08.409+08:00[Asia/Shanghai]	144432088	query_economic_indicator_data	"{""question"":""M0325687"",""beginDate"":""2015-12-31"",""endDate"":""2016-01-31""}"	3e136371714b4b99055ec96e260b0e3a
2026-08-30T11:53:04.375+08:00[Asia/Shanghai]	144432088	query_economic_indicator_data	"{""question"":""M0048270"",""beginDate"":""2015-12-31"",""endDate"":""2016-01-31""}"	c5233bc9067ec7cfd68f0b424fd1f0ca
2026-08-30T11:52:59.519+08:00[Asia/Shanghai]	144432088	query_economic_indicator_data	"{""question"":""M0048269"",""beginDate"":""2015-12-31"",""endDate"":""2016-01-31""}"	44459dea2d1fb398717a86d95703b048
2026-08-30T11:52:55.235+08:00[Asia/Shanghai]	144432088	query_economic_indicator_data	"{""question"":""M0048268"",""beginDate"":""2015-12-31"",""endDate"":""2016-01-31""}"	e62cd86462841e860f3703a7ba74a3a7
2026-08-30T11:52:42.986+08:00[Asia/Shanghai]	144432088	query_economic_indicator_data	"{""question"":""M0048266"",""beginDate"":""2015-12-31"",""endDate"":""2016-01-31""}"	1a98921370c890db9ea0ccccfb9bd9da
2026-08-30T11:52:18.129+08:00[Asia/Shanghai]	144432088	query_economic_indicator_data	"{""question"":""M1008673"",""beginDate"":""2015-12-31"",""endDate"":""2016-01-31""}"	04996be33cb85491684ef993bbc737c7
2026-08-30T11:52:12.687+08:00[Asia/Shanghai]	144432088	query_economic_indicator_data	"{""question"":""M1008669"",""beginDate"":""2015-12-31"",""endDate"":""2016-01-31""}"	44d35c0886045ef7e221125eb1260538
2026-08-30T11:51:54.834+08:00[Asia/Shanghai]	144432088	query_economic_indicator_data	"{""question"":""M1008670"",""beginDate"":""2015-12-31"",""endDate"":""2016-01-31""}"	482ca483e9fc6e2b1e47d31db029271e
2026-08-30T11:51:28.817+08:00[Asia/Shanghai]	141220157	query_economic_indicator_data	"{""question"":""美国联邦基金目标利率"",""observation"":""3""}"	b42f9f644ffd9bf9542f1fef88ec369b
2026-08-30T11:48:34.615+08:00[Asia/Shanghai]	141121997	query_economic_indicator_data	"{""question"":""规模以上工业企业利润累计同比"",""observation"":""3""}"	7285ca020768611a4f7793c8be685857
2026-08-30T11:48:29.704+08:00[Asia/Shanghai]	141121997	query_economic_indicator_data	"{""question"":""银行间市场质押式回购利率DR007"",""observation"":""3""}"	e436a74790d8c51dcb7d81473d1022f4
2026-08-30T11:48:15.992+08:00[Asia/Shanghai]	141121997	query_economic_indicator_data	"{""question"":""M2货币供应量同比"",""observation"":""3""}"	15b06e1233dcdff1b35c487389d3dc53
2026-08-30T11:47:58.781+08:00[Asia/Shanghai]	144398539	search_economic_indicator	"{""question"":""英国 网络零售 网上零售 internet retail online sales""}"	468a6dfcd8b8ccf8e496a6d62b740dab
2026-08-30T11:47:57.132+08:00[Asia/Shanghai]	144398539	search_economic_indicator	"{""question"":""印尼 泰国 马来西亚 新加坡 菲律宾 电子商务 网上零售""}"	bc4ef87bba46c66a980058c1e2f06487
2026-08-30T11:47:34.930+08:00[Asia/Shanghai]	114151384	query_economic_indicator_data	"{""question"":""M0000199"",""beginDate"":""2012-01-01"",""endDate"":""2026-08-28""}"	d1db217bd27a672a32a2e78deb9db982
2026-08-30T11:47:32.348+08:00[Asia/Shanghai]	144398539	query_economic_indicator_data	"{""question"":""G1113177,G1113185"",""beginDate"":""2022-01-01"",""endDate"":""2026-06-30""}"	a1e6df8416a7f2aae375338ce5e64459
2026-08-30T11:47:18.755+08:00[Asia/Shanghai]	116044445	query_economic_indicator_data	"{""question"":""M0331299"",""beginDate"":""2013-10-25"",""endDate"":""2026-08-30""}"	dabcf85c7d6320f66177294adefc61c1
2026-08-30T11:47:12.610+08:00[Asia/Shanghai]	116044445	query_economic_indicator_data	"{""question"":""M0096870"",""beginDate"":""2013-10-25"",""endDate"":""2026-08-30""}"	67d1c75392ff93f31ade069a80600b59
2026-08-30T11:46:09.155+08:00[Asia/Shanghai]	114151384	query_economic_indicator_data	"{""question"":""美元兑日元汇率日度数据"",""beginDate"":""2026-01-01"",""endDate"":""2026-08-28""}"	074bc6d30761cb5246b091fc949c2f7f
2026-08-30T11:43:53.577+08:00[Asia/Shanghai]	144398539	search_economic_indicator	"{""question"":""美国 西欧 巴西 东南亚 中东 电商零售额 网上零售 GMV ecommerce retail sales""}"	d87d6d8bf8dbd4aa0fb5933a814db5e6
2026-08-30T11:43:36.648+08:00[Asia/Shanghai]	144447850	query_economic_indicator_data	"{""question"":""中国个人住房贷款利率、首套房贷利率"",""observation"":8}"	40a43612042b69856e87b3bc5d822106
2026-08-30T11:43:33.196+08:00[Asia/Shanghai]	144447850	query_economic_indicator_data	"{""question"":""中国金融机构各项贷款余额总量及同比增速"",""observation"":8}"	45f2615a07c54ff7c26bcfd3421014c1
2026-08-30T11:43:26.913+08:00[Asia/Shanghai]	144447850	query_economic_indicator_data	"{""question"":""中国房屋新开工面积累计同比、房屋竣工面积累计同比"",""observation"":12}"	a26369fa751bb6eedeade605c6917941
2026-08-30T11:43:18.627+08:00[Asia/Shanghai]	144447850	query_economic_indicator_data	"{""question"":""中国商品房待售面积、新开工面积、竣工面积累计同比"",""observation"":12}"	72ddc61104cf557fb58d0af9079bdf77
2026-08-30T11:43:08.017+08:00[Asia/Shanghai]	144447850	query_economic_indicator_data	"{""question"":""中国房地产开发投资完成额累计同比"",""observation"":12}"	681b1e87dc51d40d05cfd20683b01f1f
2026-08-30T11:43:07.897+08:00[Asia/Shanghai]	144447850	query_economic_indicator_data	"{""question"":""中国金融机构房地产贷款余额、个人购房贷款余额"",""observation"":8}"	a47c37be6d4aeab3c143b6c8663ba0b8
2026-08-30T11:42:51.506+08:00[Asia/Shanghai]	144447850	query_economic_indicator_data	"{""question"":""中国房地产相关指标，包括商品房销售面积、销售额、房地产开发投资、房价指数等"",""beginDate"":""2026-08-23"",""endDate"":""2026-08-30""}"	ca61b2b70fd6d12953e2f6369505dc7a
2026-08-30T11:42:35.504+08:00[Asia/Shanghai]	144447850	search_economic_indicator	"{""question"":""房地产市场最新变化对银行信贷的影响相关指标""}"	edbf958e56b7fbb6d2ce705815faa986
2026-08-30T11:42:21.433+08:00[Asia/Shanghai]	143654376	search_economic_indicator	"{""question"":""中国 活猪 生猪 进口数量 年度 海关总署""}"	60a8f58cadc0afdcac99874db368b9de
2026-08-30T11:42:21.393+08:00[Asia/Shanghai]	143971469	search_economic_indicator	"{""question"":""DR021 存款类机构质押式回购 21天""}"	f8ebba6220817eb65f71b474001182a3
2026-08-30T11:42:16.009+08:00[Asia/Shanghai]	142776049	query_economic_indicator_data	"{""question"":""G1100004"",""observation"":""6""}"	d488a18917aa7ab457a8b4ae0571511f
2026-08-30T11:41:46.773+08:00[Asia/Shanghai]	116044445	query_economic_indicator_data	"{""question"":""M0331299"",""beginDate"":""2013-10-25"",""endDate"":""2026-08-30""}"	d8a51445357a764aa27875768d56c144
2026-08-30T11:40:31.396+08:00[Asia/Shanghai]	143654376	query_economic_indicator_data	"{""question"":""S0270533"",""beginDate"":""2018-01-01"",""endDate"":""2025-12-31""}"	26c840f429497a5a2bfb1adea3a614c3
2026-08-30T11:39:48.549+08:00[Asia/Shanghai]	143654376	search_economic_indicator	"{""question"":""中国 出口数量 猪肉 累计值""}"	f5ffc6692fb50a22e3723fe2af879c67
2026-08-30T11:39:45.254+08:00[Asia/Shanghai]	144447850	search_economic_indicator	"{""question"":""房地产贷款余额 开发贷款 按揭 金融机构贷款余额""}"	2fe3804f418e94ecd4a3275aa02d21b2
2026-08-30T11:39:29.712+08:00[Asia/Shanghai]	144447850	search_economic_indicator	"{""question"":""房地产开发企业到位资金 本年资金来源 累计值""}"	f1a914143ea771c600ce861e7aa29623
2026-08-30T11:39:20.438+08:00[Asia/Shanghai]	144447850	query_economic_indicator_data	"{""question"":""提取中国金融机构各项贷款余额个人购房贷款人民币数据"",""beginDate"":""2024-01-01"",""endDate"":""2026-08-30""}"	c521583bd069e952b43236474744d3a6
2026-08-30T11:39:16.297+08:00[Asia/Shanghai]	144447850	query_economic_indicator_data	"{""question"":""提取中国金融机构新增人民币贷款居民户当月值数据"",""beginDate"":""2024-01-01"",""endDate"":""2026-08-30""}"	0525323f60d1c48e33c7c2ab02135e08
2026-08-30T11:39:13.431+08:00[Asia/Shanghai]	144447850	query_economic_indicator_data	"{""question"":""提取中国商品房待售面积累计值数据"",""beginDate"":""2024-01-01"",""endDate"":""2026-08-30""}"	1f15cce554c80f869880f88a25e1bb53
2026-08-30T11:39:03.302+08:00[Asia/Shanghai]	144447850	query_economic_indicator_data	"{""question"":""提取中国个人住房贷款余额数据"",""beginDate"":""2024-01-01"",""endDate"":""2026-08-30""}"	eb5459e16acf65234ebd7ace034ab05b
2026-08-30T11:38:54.525+08:00[Asia/Shanghai]	143654376	search_economic_indicator	"{""question"":""中国 进口数量 猪肉 累计值 出口数量 猪肉 累计值 海关总署""}"	299271e2d56ceac328007f093dceb849
2026-08-30T11:38:45.771+08:00[Asia/Shanghai]	144447850	query_economic_indicator_data	"{""question"":""提取中国房地产开发投资完成额累计值数据"",""beginDate"":""2024-01-01"",""endDate"":""2026-08-30""}"	50fa4992050458d69b216841f8d9d808
2026-08-30T11:38:28.835+08:00[Asia/Shanghai]	144224671	query_economic_indicator_data	"{""question"":""美国10年期国债收益率最近5个交易日的日频数据"",""beginDate"":""2026-08-24"",""endDate"":""2026-08-29""}"	9869f919114c40b0faf0ba75ee73dfcf
2026-08-30T11:38:21.504+08:00[Asia/Shanghai]	144447850	search_economic_indicator	"{""question"":""房地产开发企业到位资金 资金来源 累计""}"	8d5a3c20917208d02c7ec6afbc5930e6
2026-08-30T11:38:15.436+08:00[Asia/Shanghai]	144447850	search_economic_indicator	"{""question"":""新增人民币贷款 住户部门贷款 金融机构贷款""}"	400ff6b5f126f151fda045c77375af86
2026-08-30T11:37:58.692+08:00[Asia/Shanghai]	110952294	search_economic_indicator	"{""question"":""PMI 标普全球 欧元区 初值""}"	bc2dc29f3ed8ef131d93cbde8016f8db
2026-08-30T11:37:58.087+08:00[Asia/Shanghai]	144447850	search_economic_indicator	"{""question"":""社会融资规模 新增人民币贷款 住户贷款 中长期贷款""}"	c597760b62d28af5bb10b19d8c18dd22
2026-08-30T11:37:31.944+08:00[Asia/Shanghai]	144447850	search_economic_indicator	"{""question"":""房价指数 70城 新建商品住宅 二手住宅 价格""}"	423aacc210221eb85416fb186d3be794
2026-08-30T11:37:27.153+08:00[Asia/Shanghai]	110952294	query_economic_indicator_data	"{""question"":""中国10年期国债收益率"",""beginDate"":""2026-08-28"",""endDate"":""2026-08-29""}"	a2b54923c2840d030c214a2336f97674
2026-08-30T11:37:26.257+08:00[Asia/Shanghai]	110952294	query_economic_indicator_data	"{""question"":""欧元区制造业PMI"",""beginDate"":""2026-06-01"",""endDate"":""2026-08-29""}"	311a449e7abbe8858d086072e836d45a
2026-08-30T11:37:25.176+08:00[Asia/Shanghai]	110952294	query_economic_indicator_data	"{""question"":""中国3年期国债收益率"",""beginDate"":""2026-08-28"",""endDate"":""2026-08-29""}"	c61955860718a8d4527e609d7a0dd33a
2026-08-30T11:36:06.688+08:00[Asia/Shanghai]	143654376	search_economic_indicator	"{""question"":""中国 猪杂碎 进口数量 累计值 年度""}"	0ca7bb7b4c51a4b9a2e7d84fd22ca04e
2026-08-30T11:35:15.055+08:00[Asia/Shanghai]	143654376	query_economic_indicator_data	"{""question"":""中国进口数量猪杂碎"",""beginDate"":""2024-01-01"",""endDate"":""2025-12-31""}"	216993000257f48c940411b3a72082a6
2026-08-30T11:35:07.571+08:00[Asia/Shanghai]	110952294	search_economic_indicator	"{""question"":""中国:国债收益率 期限 1年 2年 3年 5年 7年 10年""}"	1cc6f4f6d826fa44593fce3d148c0755
2026-08-30T11:33:57.970+08:00[Asia/Shanghai]	110952294	query_economic_indicator_data	"{""question"":""中国:国债收益率:3年"",""beginDate"":""2026-08-25"",""endDate"":""2026-08-29""}"	54fa3d3dacf3eb9d82d98be471721e1b
2026-08-30T11:32:19.838+08:00[Asia/Shanghai]	143654376	query_economic_indicator_data	"{""question"":""S5011199"",""beginDate"":""2018-01-01"",""endDate"":""2025-12-31""}"	152b7a6fe76889522f29a6a48578c8d0
2026-08-30T11:31:50.314+08:00[Asia/Shanghai]	110952294	query_economic_indicator_data	"{""question"":""中国1年期国债收益率"",""beginDate"":""2026-08-25"",""endDate"":""2026-08-29""}"	130079c251da4dac0e959cdb695d77d9
2026-08-30T11:31:32.469+08:00[Asia/Shanghai]	143654376	query_economic_indicator_data	"{""question"":""S0031785"",""beginDate"":""2018-01-01"",""endDate"":""2025-12-31""}"	18e2f7c3db5f01116b33cce44eb1f2aa
2026-08-30T11:31:09.638+08:00[Asia/Shanghai]	110952294	search_economic_indicator	"{""question"":""欧元区制造业景气""}"	36308feb4ef87bdd1cc71bcd11bf4d03
2026-08-30T11:31:09.129+08:00[Asia/Shanghai]	110952294	search_economic_indicator	"{""question"":""中国:国债到期收益率:3年 中国:国债到期收益率:5年 中国:国债到期收益率:7年""}"	a4666e787b28a294acb5b88808dd6e66
2026-08-30T11:30:40.478+08:00[Asia/Shanghai]	110952294	search_economic_indicator	"{""question"":""欧元区PMI采购经理人指数""}"	6adc059432f1c513deae7226774077b1
2026-08-30T11:30:27.387+08:00[Asia/Shanghai]	110952294	search_economic_indicator	"{""question"":""欧元区制造业PMI""}"	690972967c750582a865812776c49aaa
2026-08-30T11:30:24.094+08:00[Asia/Shanghai]	143654376	query_economic_indicator_data	"{""beginDate"":""2013-01-01"",""question"":""W2211429,S0114187,S5021738"",""endDate"":""2026-08-30""}"	54652ce17312755dec1c52bb92d03d0b
2026-08-30T11:29:53.892+08:00[Asia/Shanghai]	144009166	query_economic_indicator_data	"{""question"":""中债国债到期收益率:10年"",""beginDate"":""2018-01-01"",""endDate"":""2026-08-30""}"	6f7f1bae6dee0104202e98ba0f77c495
2026-08-30T11:29:52.496+08:00[Asia/Shanghai]	110952294	query_economic_indicator_data	"{""question"":""欧元区制造业PMI"",""beginDate"":""2026-01-01"",""endDate"":""2026-08-29""}"	6cf8ee422ff884a080ee14f8200861f8
2026-08-30T11:29:47.817+08:00[Asia/Shanghai]	110952294	query_economic_indicator_data	"{""question"":""中国7年期国债收益率"",""beginDate"":""2026-08-25"",""endDate"":""2026-08-29""}"	67acb1e9d86420578bb0501d1b4c12e8
2026-08-30T11:29:31.885+08:00[Asia/Shanghai]	114268513	search_economic_indicator	"{""question"":""科创债收益率曲线AAA""}"	eeeb455489222c94fd673effa7549582
2026-08-30T11:28:42.586+08:00[Asia/Shanghai]	144447850	search_economic_indicator	"{""query"":""房地产贷款余额""}"	845a8c57f7a3bba4d859d75c1e0e0caf
2026-08-30T11:28:12.067+08:00[Asia/Shanghai]	144447850	search_economic_indicator	"{""question"":""中国商品房待售面积 新开工面积 竣工面积""}"	148f53c155047bd17c400ec06f7c5830
2026-08-30T11:28:07.841+08:00[Asia/Shanghai]	144447850	search_economic_indicator	"{""question"":""中国房地产开发企业本年实际到位资金 累计值""}"	f1d0127d7df4580a444469e5319d8733
2026-08-30T11:27:47.267+08:00[Asia/Shanghai]	144447850	query_economic_indicator_data	"{""beginDate"":""2024-01-01"",""endDate"":""2026-08-30"",""question"":""中国不良贷款比例商业银行""}"	82e1a0f6a8f82552e2a655fd9c745272
2026-08-30T11:27:41.675+08:00[Asia/Shanghai]	144447850	search_economic_indicator	"{""question"":""商业银行不良贷款余额 不良贷款率""}"	6436a7c39f35dbe83b41e28e37802afe
2026-08-30T11:27:35.687+08:00[Asia/Shanghai]	144447850	search_economic_indicator	"{""question"":""房地产开发企业到位资金 累计值""}"	02bcdef0a020af4eef2a2ac6f9b7766c
2026-08-30T11:27:34.257+08:00[Asia/Shanghai]	144447850	query_economic_indicator_data	"{""beginDate"":""2024-01-01"",""endDate"":""2026-08-30"",""question"":""中国拨备覆盖率商业银行""}"	53cf19105b7e357a64275bdb84a48e8d
2026-08-30T11:27:21.775+08:00[Asia/Shanghai]	144459267	query_economic_indicator_data	"{""question"":""M0001384"",""beginDate"":""2010-01-01"",""endDate"":""2025-12-31""}"	828909aec864d179c43a8515c1e8db6f
2026-08-30T11:27:07.971+08:00[Asia/Shanghai]	144447850	search_economic_indicator	"{""question"":""中国房地产开发企业到位资金 国内贷款 自筹资金""}"	7460ebbaddf0511a4b71fb98dea3ac82
2026-08-30T11:27:06.906+08:00[Asia/Shanghai]	144447850	query_economic_indicator_data	"{""beginDate"":""2024-01-01"",""endDate"":""2026-08-30"",""question"":""中国房屋销售价格指数二手住宅70个大中城市当月同比""}"	9af75e96ec900c9a64cbf801b80005cb
2026-08-30T11:26:43.224+08:00[Asia/Shanghai]	144447850	search_economic_indicator	"{""question"":""70大中城市新建商品住宅价格指数 二手房价格指数""}"	a59465d6e05aeca1267f6b84eb302231
2026-08-30T11:26:31.056+08:00[Asia/Shanghai]	144447850	query_economic_indicator_data	"{""question"":""中国房地产开发投资完成额累计值"",""beginDate"":""2024-01-01"",""endDate"":""2026-08-30""}"	5025c11100fa905dbf7aa1b3553f1e98
2026-08-30T11:26:27.799+08:00[Asia/Shanghai]	144447850	query_economic_indicator_data	"{""question"":""中国商品房销售面积累计值和商品房销售额累计值"",""beginDate"":""2024-01-01"",""endDate"":""2026-08-30""}"	71c6576e7e9bf644704e638ef4a844d7
2026-08-30T11:26:22.724+08:00[Asia/Shanghai]	144447850	search_economic_indicator	"{""question"":""银行信贷 房地产贷款 个人住房贷款 开发贷款""}"	c3cd8721a62697f475945c5316a897f0
2026-08-30T11:25:32.421+08:00[Asia/Shanghai]	144459267	query_economic_indicator_data	"{""question"":""M0001384"",""beginDate"":""2000-01-01"",""endDate"":""2009-12-31""}"	2b103773145f517fcd5d0e15d05d8d97
2026-08-30T11:24:22.886+08:00[Asia/Shanghai]	143602741	query_economic_indicator_data	"{""observation"":10,""question"":""提取沪深300指数 日行情 收盘点位""}"	b81902d7c173dc10e27b73c721510585
2026-08-30T11:24:01.867+08:00[Asia/Shanghai]	143602741	query_economic_indicator_data	"{""beginDate"":""2026-08-17"",""endDate"":""2026-08-28"",""question"":""查找沪深300指数日行情收盘价和创业板指数日行情收盘价，提取日度数据""}"	99d2ed0a8c0ac9ee09c5ea2de6cd55ec
2026-08-30T11:23:52.566+08:00[Asia/Shanghai]	143602741	query_economic_indicator_data	"{""beginDate"":""2026-08-17"",""endDate"":""2026-08-28"",""question"":""查找中证转债指数的日行情收盘价，提取2026-08-17至2026-08-28的日度数据""}"	6460b66ace38dbe30d6721589bba6f08
2026-08-30T11:23:35.264+08:00[Asia/Shanghai]	144459267	search_economic_indicator	"{""question"":""中国货币供应量M2""}"	b98ca6973d580627b5ae62cc08b179eb
2026-08-30T11:23:34.965+08:00[Asia/Shanghai]	143602741	query_economic_indicator_data	"{""beginDate"":""2026-08-17"",""endDate"":""2026-08-28"",""question"":""查找中债商业银行永续债到期收益率AAA-评级的3年和5年指标，提取日度数据""}"	9e51e1a767422b53e9c2014c574bce5e
2026-08-30T11:23:29.063+08:00[Asia/Shanghai]	143602741	query_economic_indicator_data	"{""question"":""查找中债商业银行永续债到期收益率AAA-评级的3年和5年指标，提取2026-08-17至2026-08-28的日度数据""}"	f14b8b9060cc6c24278dd1e435058bbd
2026-08-30T11:22:28.937+08:00[Asia/Shanghai]	144199961	query_economic_indicator_data	"{""question"":""M0044542"",""beginDate"":""2024-01-01"",""endDate"":""2026-08-30""}"	92ef07b88b115a9c0137a3fd2846a7de
2026-08-30T11:22:23.312+08:00[Asia/Shanghai]	144199961	query_economic_indicator_data	"{""question"":""S0029751"",""beginDate"":""2024-01-01"",""endDate"":""2026-08-30""}"	c3706d55a6ba21d38fb754a95ec591ed
2026-08-30T11:21:52.755+08:00[Asia/Shanghai]	144199961	query_economic_indicator_data	"{""question"":""G0000030"",""beginDate"":""2024-01-01"",""endDate"":""2026-08-30""}"	fb534a99d6f8decddb2dc86f6ed06a6e
2026-08-30T11:21:12.132+08:00[Asia/Shanghai]	144457581	query_economic_indicator_data	"{""question"":""DR007"",""beginDate"":""2016-01-01"",""endDate"":""2026-08-29""}"	65fd2a948ad6b4d7ed2e61a44209c95d
2026-08-30T11:20:54.613+08:00[Asia/Shanghai]	144457581	query_economic_indicator_data	"{""question"":""M1006337"",""beginDate"":""2016-01-01"",""endDate"":""2026-08-29""}"	ba7cedc79473ebd8e8b24ed268c051d2
2026-08-30T11:20:44.875+08:00[Asia/Shanghai]	144457581	query_economic_indicator_data	"{""question"":""M0001383,M5525763"",""beginDate"":""2016-01-01"",""endDate"":""2026-08-29""}"	fb2c416d6444f940e04c6905dc05690d
2026-08-30T11:20:40.117+08:00[Asia/Shanghai]	144457581	search_economic_indicator	"{""question"":""银行间存款类机构质押式回购加权利率DR007""}"	b75c34e37ed5b768f447980f2551eb0b
2026-08-30T11:20:38.977+08:00[Asia/Shanghai]	144199961	query_economic_indicator_data	"{""question"":""M0000271"",""beginDate"":""2026-01-01"",""endDate"":""2026-12-31""}"	bcce029ea57e94bc0db2cdf9624d4e64
2026-08-30T11:20:34.469+08:00[Asia/Shanghai]	144199961	query_economic_indicator_data	"{""question"":""G0000887"",""beginDate"":""2026-01-01"",""endDate"":""2026-12-31""}"	d9d87d20b0e992e837612d289f7b140d
2026-08-30T11:20:28.369+08:00[Asia/Shanghai]	144457581	query_economic_indicator_data	"{""question"":""M0075992"",""beginDate"":""2016-01-01"",""endDate"":""2026-08-29""}"	52bfa2ca9c1bce70330b583f43662348
2026-08-30T11:20:24.236+08:00[Asia/Shanghai]	144199961	query_economic_indicator_data	"{""question"":""美国失业率"",""beginDate"":""2025-01-01"",""endDate"":""2026-12-31""}"	87cec56d72fb2218a35bbb6475735598
2026-08-30T11:20:15.821+08:00[Asia/Shanghai]	133161420	search_economic_indicator	"{""question"":""浙江省杭州市临平区一般公共预算收入（地方本级收入，不含转移支付、调入资金、债务收入）、税收收入、政府性基金收入、地方政府债务余额、常住人口数的年度指标代码；优先统计公报和预算执行报告口径。""}"	cfe26c727a162289bd0ab2bc331f2357
2026-08-30T11:20:15.136+08:00[Asia/Shanghai]	144199961	query_economic_indicator_data	"{""question"":""G0000067"",""beginDate"":""2025-01-01"",""endDate"":""2026-12-31""}"	6acbd3baf37e973cfddc37855d923925
2026-08-30T11:20:14.762+08:00[Asia/Shanghai]	144457581	search_economic_indicator	"{""question"":""融资融券余额""}"	fbb0376d0d6b9240afec045f6ab4d621
2026-08-30T11:20:08.544+08:00[Asia/Shanghai]	144199961	query_economic_indicator_data	"{""question"":""G0000029"",""beginDate"":""2025-01-01"",""endDate"":""2026-12-31""}"	9fc6a55d23890e5d786c3b880895cbdf
2026-08-30T11:19:57.016+08:00[Asia/Shanghai]	144457581	search_economic_indicator	"{""question"":""A股融资融券余额 融资余额""}"	09e3400704a291820efd78a54f363582
2026-08-30T11:19:41.377+08:00[Asia/Shanghai]	144457581	search_economic_indicator	"{""question"":""A股融资融券余额 融资余额""}"	ed0da4e134dd469e0a924e423581d833
2026-08-30T11:19:40.830+08:00[Asia/Shanghai]	144199961	query_economic_indicator_data	"{""question"":""M0000273"",""beginDate"":""2025-01-01"",""endDate"":""2026-12-31""}"	236e78fbf6471e832e95dfdbad777744
2026-08-30T11:19:38.615+08:00[Asia/Shanghai]	144199961	query_economic_indicator_data	"{""question"":""M0000607"",""beginDate"":""2025-01-01"",""endDate"":""2026-12-31""}"	2d60efe83e927d07fb95c5a27179c550
2026-08-30T11:19:35.470+08:00[Asia/Shanghai]	144199961	query_economic_indicator_data	"{""question"":""M0001385"",""beginDate"":""2025-01-01"",""endDate"":""2026-12-31""}"	59a16feb5cd401da94f9890218c7c891
2026-08-30T11:18:31.965+08:00[Asia/Shanghai]	144204135	query_economic_indicator_data	"{""question"":""人民币汇率中间价：港元，注明每100港元对应人民币金额"",""beginDate"":""2026-08-28"",""endDate"":""2026-08-28""}"	0be2118430ffacc3592a67df1b8117e0
2026-08-30T11:18:27.697+08:00[Asia/Shanghai]	136838053	query_economic_indicator_data	"{""question"":""SHIBOR隔夜 SHIBOR1周 SHIBOR3个月 DR007 AAA级同业存单1年期到期收益率"",""beginDate"":""2026-08-20"",""endDate"":""2026-08-30""}"	33fb6b5193a6d1aee4a83a1e303d2e1e
2026-08-30T11:18:21.382+08:00[Asia/Shanghai]	143654376	query_economic_indicator_data	"{""endDate"":""2012-12-31"",""beginDate"":""2009-01-01"",""question"":""S5021738,S0114187""}"	ffd19122cdf9532f94e266a58cbe664a
2026-08-30T11:18:18.156+08:00[Asia/Shanghai]	144199961	query_economic_indicator_data	"{""question"":""M0067855"",""beginDate"":""2026-01-01"",""endDate"":""2026-12-31""}"	2e6c35ea1c641448bf0790808eafc3df
2026-08-30T11:18:00.780+08:00[Asia/Shanghai]	144426400	search_economic_indicator	"{""question"":""能繁母猪存栏 猪粮比 生猪屠宰""}"	5fe80c8341b4fcd657471662325a106c
2026-08-30T11:17:58.498+08:00[Asia/Shanghai]	144199961	query_economic_indicator_data	"{""question"":""L5830501"",""beginDate"":""2025-01-01"",""endDate"":""2026-12-31""}"	697ba0622570ee51acf09f7223eb874b
2026-08-30T11:17:49.722+08:00[Asia/Shanghai]	143654376	search_economic_indicator	"{""question"":""母猪年提供断奶仔猪数 平均值""}"	a99f77441e8393ffa779b0fd5cf6ee06
2026-08-30T11:17:46.156+08:00[Asia/Shanghai]	144199961	query_economic_indicator_data	"{""question"":""G0000029"",""beginDate"":""2025-01-01"",""endDate"":""2026-12-31""}"	0bdacbc823bc56a79533e09233feb173
2026-08-30T11:17:44.742+08:00[Asia/Shanghai]	144199961	query_economic_indicator_data	"{""question"":""G0000027"",""beginDate"":""2025-01-01"",""endDate"":""2026-12-31""}"	2f53fefa8585276d28e14dd190025d6e
2026-08-30T11:17:32.415+08:00[Asia/Shanghai]	144199961	query_economic_indicator_data	"{""question"":""S0073300"",""beginDate"":""2025-01-01"",""endDate"":""2026-12-31""}"	d9ece4df64e274fcd07cfa3f5cc6cfd5
2026-08-30T11:17:25.723+08:00[Asia/Shanghai]	144199961	query_economic_indicator_data	"{""question"":""中国规模以上工业增加值当月同比"",""beginDate"":""2025-01-01"",""endDate"":""2026-12-31""}"	d1933ad1d86733233a41b0576fc00b9a
2026-08-30T11:17:23.314+08:00[Asia/Shanghai]	144199961	query_economic_indicator_data	"{""question"":""M0001428"",""beginDate"":""2025-01-01"",""endDate"":""2026-12-31""}"	a063288331d0f8331e01a9ed19d5885d
2026-08-30T11:17:17.703+08:00[Asia/Shanghai]	144199961	query_economic_indicator_data	"{""question"":""M0000545"",""beginDate"":""2025-01-01"",""endDate"":""2026-12-31""}"	8c7d74307c9c61be73f4af0dabb79748
2026-08-30T11:17:14.126+08:00[Asia/Shanghai]	143654376	query_economic_indicator_data	"{""endDate"":""2026-08-30"",""beginDate"":""2013-01-01"",""question"":""W2211429,S0114187,S5021738""}"	a277c02c5ab8407b39ab8cec0a0a104c
2026-08-30T11:17:05.970+08:00[Asia/Shanghai]	144199961	query_economic_indicator_data	"{""question"":""M0000273"",""beginDate"":""2025-01-01"",""endDate"":""2026-12-31""}"	911584973a8642c200b4675c5c3a459f
2026-08-30T11:17:02.999+08:00[Asia/Shanghai]	144199961	query_economic_indicator_data	"{""question"":""M0000607"",""beginDate"":""2025-01-01"",""endDate"":""2026-12-31""}"	36107662e0b71f6134411cce3109a681
2026-08-30T11:16:59.833+08:00[Asia/Shanghai]	144199961	query_economic_indicator_data	"{""question"":""M0001385"",""beginDate"":""2025-01-01"",""endDate"":""2026-12-31""}"	b9fbffedd945964b6a6d32c991a20e44
2026-08-30T11:16:58.814+08:00[Asia/Shanghai]	144199961	query_economic_indicator_data	"{""question"":""中国货币供应量M1同比"",""beginDate"":""2025-01-01"",""endDate"":""2026-12-31""}"	5c8db40359d841bd52799fb90ae6d487
2026-08-30T11:16:55.979+08:00[Asia/Shanghai]	144199961	query_economic_indicator_data	"{""question"":""M0001383"",""beginDate"":""2025-01-01"",""endDate"":""2026-12-31""}"	1f0fdf24cdf9c3173aea033308773e6f
2026-08-30T11:15:26.682+08:00[Asia/Shanghai]	143654376	search_economic_indicator	"{""question"":""自繁自养生猪养殖利润 头均亏损""}"	c598316994d8cf8b7910d74f9483fbb1
2026-08-30T11:15:21.773+08:00[Asia/Shanghai]	144199961	query_economic_indicator_data	"{""question"":""M0001383,M0001227,M0000545"",""beginDate"":""2019-01-01"",""endDate"":""2026-08-30""}"	f6701542ed63428268893a9c44d44aca
2026-08-30T11:12:51.884+08:00[Asia/Shanghai]	143971469	search_economic_indicator	"{""question"":""R001 R007 R014 银行间质押式回购加权利率""}"	7cfd4a5920a87f68638e8a8680626441
2026-08-30T11:11:56.274+08:00[Asia/Shanghai]	143654376	query_economic_indicator_data	"{""beginDate"":""2025-01-01"",""question"":""W2211429,S0114187"",""endDate"":""2026-08-30""}"	bfa1e557411f90f63f7f6f81f6d4ec93
2026-08-30T11:10:20.864+08:00[Asia/Shanghai]	143654376	search_economic_indicator	"{""question"":""中国 全国 能繁母猪存栏 生猪出栏 年度 指标""}"	1b62c5485f5f9afb2bf139f55bf6a5f9
2026-08-30T11:09:14.148+08:00[Asia/Shanghai]	143654376	search_economic_indicator	"{""question"":""中国 能繁母猪 PSY 每头母猪每年提供断奶仔猪数 指标""}"	a1c2a3b26a91634d8434dbcf75513e58
2026-08-30T11:08:41.818+08:00[Asia/Shanghai]	143971469	search_economic_indicator	"{""question"":""DR014 存款类机构质押式回购""}"	f4b39508ff37e834c56c211eded2b805
2026-08-30T11:08:18.488+08:00[Asia/Shanghai]	143971469	search_economic_indicator	"{""question"":""中债国债收益率曲线 即期 到期 CGBFRI""}"	de36080c4c14142d5556eaf7f207535a
2026-08-30T11:08:06.628+08:00[Asia/Shanghai]	142776049	query_economic_indicator_data	"{""question"":""G1100004"",""observation"":""6""}"	f417b445dfd9b893677842fea7f2eb91
2026-08-30T11:07:56.841+08:00[Asia/Shanghai]	142776049	query_economic_indicator_data	"{""question"":""G1100004"",""observation"":""6""}"	33f97c39c2e713346a73289058ec69dc
2026-08-30T11:07:49.287+08:00[Asia/Shanghai]	143971469	search_economic_indicator	"{""question"":""中债国债收益率曲线 即期 5年 10年""}"	1157175a9c2bc921207e3d8832b25f29
2026-08-30T11:07:45.032+08:00[Asia/Shanghai]	142776049	query_economic_indicator_data	"{""question"":""G1100004"",""observation"":""6""}"	f7a207e0ff66d2444fb3ca8b01cc6c9d
2026-08-30T11:07:29.239+08:00[Asia/Shanghai]	143971469	search_economic_indicator	"{""question"":""DR001 银行间存款类金融机构质押式回购加权利率""}"	5a91cfc1247d6b606fd7030064266e2c
2026-08-30T11:07:22.159+08:00[Asia/Shanghai]	114151384	search_economic_indicator	"{""question"":""CME FedWatch 美联储下次会议 加息概率 降息概率 维持利率概率""}"	e94b5197b66241a8cd0252934faf2999
2026-08-30T11:05:53.044+08:00[Asia/Shanghai]	142776049	query_economic_indicator_data	"{""question"":""G1100004"",""observation"":""6""}"	5482c8d60ed70fc4c35ca7eeddf39ca3
2026-08-30T11:05:43.110+08:00[Asia/Shanghai]	142776049	query_economic_indicator_data	"{""question"":""G1100004"",""observation"":""6""}"	ea4a25a2124e4421d6f27c810b3b4c72
2026-08-30T11:04:33.226+08:00[Asia/Shanghai]	139060508	query_economic_indicator_data	"{""question"":""M0000271"",""beginDate"":""2014-01-01"",""endDate"":""2026-08-28""}"	f7e62ba32e9b7b6c04e5e217954a1685
2026-08-30T11:04:23.241+08:00[Asia/Shanghai]	139060508	query_economic_indicator_data	"{""question"":""G0000887"",""beginDate"":""2014-01-01"",""endDate"":""2026-08-28""}"	8c38d5ccb3f6708e1066a7db18b9852a
2026-08-30T11:04:01.314+08:00[Asia/Shanghai]	142776049	query_economic_indicator_data	"{""question"":""G1100004"",""observation"":""3""}"	0352b87014fc3692ea9ebf728c2ab361
2026-08-30T11:03:47.050+08:00[Asia/Shanghai]	142776049	query_economic_indicator_data	"{""question"":""G1100004"",""observation"":""3""}"	7b8d73cc2560abc68a1234ce23e27472
2026-08-30T11:03:42.061+08:00[Asia/Shanghai]	142776049	query_economic_indicator_data	"{""question"":""G1100004"",""observation"":""3""}"	42ddf68daa3f7c5fb052bcc7c0b97392
2026-08-30T11:03:07.089+08:00[Asia/Shanghai]	142776049	query_economic_indicator_data	"{""question"":""G1100004"",""observation"":""6""}"	5491c6c21bc01b547e734caab98115e1
2026-08-30T11:03:00.448+08:00[Asia/Shanghai]	142776049	query_economic_indicator_data	"{""question"":""G1100004"",""observation"":""6""}"	aec429f334e70335708256f9565b444e
2026-08-30T11:02:54.168+08:00[Asia/Shanghai]	142776049	query_economic_indicator_data	"{""question"":""G1100004"",""observation"":""6""}"	6b227883e0e6e37ca5252bdf7f2f42b4
2026-08-30T11:02:48.312+08:00[Asia/Shanghai]	143654376	query_economic_indicator_data	"{""question"":""W2211429,S0114187"",""beginDate"":""2021-01-01"",""endDate"":""2022-12-31""}"	2372ecab37e11f144180bdfad4e082ab
2026-08-30T11:02:24.772+08:00[Asia/Shanghai]	142776049	query_economic_indicator_data	"{""question"":""G1100004"",""observation"":""6""}"	b2cb77fbcd30afc6ef332f0ea1370952
2026-08-30T11:02:18.315+08:00[Asia/Shanghai]	142776049	query_economic_indicator_data	"{""question"":""G1100004"",""observation"":""6""}"	c26c586ea2a3ad261414327859b77c15
2026-08-30T11:02:04.461+08:00[Asia/Shanghai]	143654376	query_economic_indicator_data	"{""question"":""W2211429,S0114187"",""beginDate"":""2013-01-01"",""endDate"":""2015-12-31""}"	1f4637ba79c62498d558d2e55795827c
2026-08-30T11:01:01.127+08:00[Asia/Shanghai]	139060508	query_economic_indicator_data	"{""question"":""M0000166"",""beginDate"":""2025-01-01"",""endDate"":""2026-08-28""}"	3db826639f34597c527364e9ff9f7394
2026-08-30T11:00:54.405+08:00[Asia/Shanghai]	139060508	query_economic_indicator_data	"{""question"":""S0031645"",""beginDate"":""2026-01-01"",""endDate"":""2026-08-28""}"	5bcbe94607fbd0888506db2ffb54d792
2026-08-30T11:00:46.358+08:00[Asia/Shanghai]	139060508	query_economic_indicator_data	"{""question"":""G0005428"",""beginDate"":""2026-01-01"",""endDate"":""2026-08-28""}"	1e75980b60d1c5dc43d4f6fb873e642a
2026-08-30T11:00:40.316+08:00[Asia/Shanghai]	142776049	query_economic_indicator_data	"{""question"":""G1100004"",""observation"":""10""}"	f42bd3675c71a57d130c9e0246fc1a24
2026-08-30T11:00:19.043+08:00[Asia/Shanghai]	139060508	search_economic_indicator	"{""question"":""美国TIPS实际收益率10年""}"	3663b92b5e79c0dcb682058062a92f79
2026-08-30T11:00:18.252+08:00[Asia/Shanghai]	142776049	query_economic_indicator_data	"{""question"":""G1100004"",""observation"":""6""}"	4062830a31bf63335e21c41d7a78f523
2026-08-30T10:59:56.309+08:00[Asia/Shanghai]	142776049	query_economic_indicator_data	"{""question"":""G1100004"",""observation"":""6""}"	3a92c61ec2b2b016542c2f6a13a4f9c6
2026-08-30T10:59:47.930+08:00[Asia/Shanghai]	139060508	search_economic_indicator	"{""question"":""欧洲央行存款机制利率""}"	54be753c4d837bb7b30e263039f94957
2026-08-30T10:59:28.263+08:00[Asia/Shanghai]	139060508	search_economic_indicator	"{""question"":""美国10年期通胀指数国债收益率""}"	2db08f18ed38cbefb22eaa9fef307924
2026-08-30T10:58:32.810+08:00[Asia/Shanghai]	143654376	search_economic_indicator	"{""question"":""全国22个省市平均价格生猪、全国大中城市生猪出场价格、2000年以来生猪价格月度或周度指标""}"	752b9bdde2b8ca25625e2db6f5267816
2026-08-30T10:58:23.955+08:00[Asia/Shanghai]	142776049	query_economic_indicator_data	"{""question"":""G1100004"",""observation"":""6""}"	54c0be5c40fc9aea6d1b28679b90a21a
2026-08-30T10:58:18.739+08:00[Asia/Shanghai]	142776049	query_economic_indicator_data	"{""question"":""G1100004"",""observation"":""6""}"	621da6ebb73cb4ccbef3c290e6d7177e
2026-08-30T10:57:47.030+08:00[Asia/Shanghai]	143654376	query_economic_indicator_data	"{""question"":""S0114187,S0174668,S0114186,V4783066"",""beginDate"":""2000-01-01"",""endDate"":""2026-08-30""}"	5af0ee16969bff9760c51c7a2df2437b
2026-08-30T10:57:38.999+08:00[Asia/Shanghai]	139060508	query_economic_indicator_data	"{""question"":""中国GDP同比"",""beginDate"":""2025-01-01"",""endDate"":""2026-08-28""}"	46e62d3ec783a0935050fbd9bdab9ec8
2026-08-30T10:57:34.856+08:00[Asia/Shanghai]	139060508	query_economic_indicator_data	"{""question"":""日本10年期国债收益率"",""beginDate"":""2026-01-01"",""endDate"":""2026-08-28""}"	2b1eaeaa2e53f467935eccc8d8e2d3b5
2026-08-30T10:57:25.438+08:00[Asia/Shanghai]	142776049	query_economic_indicator_data	"{""question"":""G1100004"",""observation"":""6""}"	9a9ca85946dd9f8e06cf6d662ea78735
2026-08-30T10:57:15.339+08:00[Asia/Shanghai]	139060508	query_economic_indicator_data	"{""question"":""欧洲央行存款便利利率"",""beginDate"":""2025-01-01"",""endDate"":""2026-08-28""}"	31de379ae85524b682cc954c676b4d99
2026-08-30T10:57:06.948+08:00[Asia/Shanghai]	142776049	query_economic_indicator_data	"{""question"":""G1100004"",""observation"":""6""}"	6b63b8997dd62a0dde6a12cdd0a0a7aa
2026-08-30T10:57:01.504+08:00[Asia/Shanghai]	139060508	query_economic_indicator_data	"{""question"":""美国失业率"",""beginDate"":""2025-01-01"",""endDate"":""2026-08-28""}"	4bc842cfb00703934e0c10b10763235c
2026-08-30T10:56:57.680+08:00[Asia/Shanghai]	144447850	query_economic_indicator_data	"{""beginDate"":""2025-01-01"",""endDate"":""2026-08-30"",""question"":""中国房地产开发资金来源其他资金个人按揭贷款累计值""}"	82e01b5d8ce931482724139fcc7db9a2
2026-08-30T10:56:42.929+08:00[Asia/Shanghai]	144447850	search_economic_indicator	"{""question"":""房地产开发资金来源 个人按揭贷款 累计值""}"	477683c7c0f79885ce6d1270eb4a7489
2026-08-30T10:56:15.675+08:00[Asia/Shanghai]	144447850	query_economic_indicator_data	"{""beginDate"":""2025-01-01"",""endDate"":""2026-08-30"",""question"":""中国房地产开发企业本年资金来源国内贷款累计值""}"	9cfd2e79890b628b2919afd7882d96de
2026-08-30T10:56:13.578+08:00[Asia/Shanghai]	139060508	query_economic_indicator_data	"{""question"":""中国居民消费价格指数CPI同比"",""beginDate"":""2025-01-01"",""endDate"":""2026-08-28""}"	62d0911bcd1979198d38767ebce3e187
2026-08-30T10:56:13.130+08:00[Asia/Shanghai]	144447850	query_economic_indicator_data	"{""beginDate"":""2025-01-01"",""endDate"":""2026-08-30"",""question"":""中国房地产开发企业本年资金来源个人按揭贷款累计值""}"	fbca060902566acff1d661d1213e0a35
2026-08-30T10:56:09.948+08:00[Asia/Shanghai]	139060508	query_economic_indicator_data	"{""question"":""中国银行间存款类机构7天质押式回购加权利率DR007"",""beginDate"":""2026-01-01"",""endDate"":""2026-08-28""}"	0d906a18bcd214d0a2d8f00eba517594
2026-08-30T10:55:59.692+08:00[Asia/Shanghai]	144447850	query_economic_indicator_data	"{""beginDate"":""2025-01-01"",""endDate"":""2026-08-30"",""question"":""中国房地产开发企业到位资金累计值""}"	03959b2696bec51bb030bf27e430e570
2026-08-30T10:55:53.854+08:00[Asia/Shanghai]	144447850	query_economic_indicator_data	"{""beginDate"":""2025-01-01"",""endDate"":""2026-08-30"",""question"":""中国金融机构新增人民币贷款企事业单位当月值""}"	acbd0e16d385074ef92184f3c4d08952
2026-08-30T10:55:52.680+08:00[Asia/Shanghai]	144447850	query_economic_indicator_data	"{""beginDate"":""2025-01-01"",""endDate"":""2026-08-30"",""question"":""中国商品房销售额累计值""}"	eab873ac2644a0933895bd7c860aed12
2026-08-30T10:55:51.594+08:00[Asia/Shanghai]	144447850	query_economic_indicator_data	"{""beginDate"":""2024-01-01"",""endDate"":""2026-08-30"",""question"":""中国金融机构各项贷款余额房产开发贷款人民币同比""}"	36160f07a2afcbe2b0455e215477de91
2026-08-30T10:55:47.368+08:00[Asia/Shanghai]	144447850	query_economic_indicator_data	"{""beginDate"":""2025-01-01"",""endDate"":""2026-08-30"",""question"":""中国金融机构各项贷款余额中长期人民币""}"	e4e9ccd18767b0388abfb03089412b2b
2026-08-30T10:55:39.950+08:00[Asia/Shanghai]	139060508	query_economic_indicator_data	"{""question"":""伦敦现货黄金美元每盎司"",""beginDate"":""2026-01-01"",""endDate"":""2026-08-28""}"	52b55aba440082c2f6e6794fa30ea366
2026-08-30T10:55:24.729+08:00[Asia/Shanghai]	144447850	query_economic_indicator_data	"{""beginDate"":""2025-01-01"",""endDate"":""2026-08-30"",""question"":""中国金融机构新增人民币贷款企事业单位中长期当月值""}"	979ef0d98aa256093f022cacb2a4fb38
2026-08-30T10:55:20.018+08:00[Asia/Shanghai]	144447850	query_economic_indicator_data	"{""beginDate"":""2025-01-01"",""endDate"":""2026-08-30"",""question"":""中国金融机构新增人民币贷款居民户中长期当月值""}"	36c923d6d6bea2570d1a5cbe4e1cd69b
2026-08-30T10:55:17.744+08:00[Asia/Shanghai]	144447850	query_economic_indicator_data	"{""question"":""中国金融机构新增人民币贷款居民户中长期累计值"",""beginDate"":""2025-01-01"",""endDate"":""2026-08-30""}"	2cc2aad3c6ded63fdb3d6b1f2ad76f3c
2026-08-30T10:55:17.439+08:00[Asia/Shanghai]	139060508	query_economic_indicator_data	"{""question"":""美国2年期国债收益率"",""beginDate"":""2026-01-01"",""endDate"":""2026-08-28""}"	e6d4e61551c8874a24ee06ee0320a924
2026-08-30T10:55:13.436+08:00[Asia/Shanghai]	144447850	query_economic_indicator_data	"{""question"":""中国商品房销售面积累计值"",""beginDate"":""2025-01-01"",""endDate"":""2026-08-30""}"	e3c6caf721d390ede5c40bd885a5ff6c
2026-08-30T10:55:01.032+08:00[Asia/Shanghai]	144447850	query_economic_indicator_data	"{""question"":""中国金融机构各项贷款余额房地产贷款人民币"",""beginDate"":""2024-01-01"",""endDate"":""2026-08-30""}"	d9dd88dfcb7d4b9ea35cb1d04c90e1fa
2026-08-30T10:54:59.817+08:00[Asia/Shanghai]	144447850	query_economic_indicator_data	"{""question"":""中国个人住房贷款余额"",""beginDate"":""2025-01-01"",""endDate"":""2026-08-30""}"	2ccf5faa36f33e83ad15a482ec886f4d
2026-08-30T10:54:51.857+08:00[Asia/Shanghai]	143654376	search_economic_indicator	"{""question"":""中国生猪价格、22个省市平均价:生猪、全国生猪出栏价格、猪粮比价相关历史指标""}"	41cae7161fbf6bc777936561c9fa3afb
2026-08-30T10:54:47.121+08:00[Asia/Shanghai]	139060508	query_economic_indicator_data	"{""question"":""美国10年期国债收益率"",""beginDate"":""2026-01-01"",""endDate"":""2026-08-28""}"	401eb9ca3bb79c37a67e2a384b295b03
2026-08-30T10:54:34.621+08:00[Asia/Shanghai]	144447850	search_economic_indicator	"{""question"":""房地产贷款 银行信贷 相关指标""}"	8b6546528cdde32f2686e1f6a0cb16b6
2026-08-30T10:54:18.956+08:00[Asia/Shanghai]	144447850	search_economic_indicator	"{""question"":""房地产市场最新变化对银行信贷的影响 相关指标""}"	3e7a3083adde375e5abf06ae39de3f98
2026-08-30T10:53:50.867+08:00[Asia/Shanghai]	114268513	query_economic_indicator_data	"{""question"":""M0331368"",""beginDate"":""2025-01-01"",""endDate"":""2026-08-28""}"	3df7a8d3ca9e8720d103ba74d50c70a1
2026-08-30T10:53:19.249+08:00[Asia/Shanghai]	136838053	query_economic_indicator_data	"{""question"":""SHIBOR隔夜 SHIBOR1周 SHIBOR3个月 DR007 AAA级同业存单1年期到期收益率"",""beginDate"":""2026-08-20"",""endDate"":""2026-08-30""}"	a1be7fa010556a1f5ca2e609bf17315c
2026-08-30T10:53:05.327+08:00[Asia/Shanghai]	114268513	search_economic_indicator	"{""question"":""绿色债券指数""}"	dcb45d4560c6c4d3a3d695a71faa3a58
2026-08-30T10:52:20.642+08:00[Asia/Shanghai]	114268513	search_economic_indicator	"{""question"":""科创债到期收益率""}"	2fc21fb3cb445c8916e72b2aebf6a711
2026-08-30T10:52:07.199+08:00[Asia/Shanghai]	114268513	query_economic_indicator_data	"{""question"":""M6313008,M0058260"",""beginDate"":""2021-01-01"",""endDate"":""2026-08-30""}"	4d1be50b5ae7f1a5c067aee3ff620b9f
2026-08-30T10:51:58.614+08:00[Asia/Shanghai]	144447850	query_economic_indicator_data	"{""question"":""中国房地产开发企业本年购置土地面积 最新数据"",""observation"":12}"	4965385c8f6d4d2a0d5e7ba72b360a90
2026-08-30T10:51:56.881+08:00[Asia/Shanghai]	144447850	query_economic_indicator_data	"{""question"":""中国房屋新开工面积累计值 最新数据"",""observation"":12}"	4aad3c4e81135229db68e06c0648c09b
2026-08-30T10:51:54.516+08:00[Asia/Shanghai]	144447850	query_economic_indicator_data	"{""question"":""中国商品房销售额累计同比 最新数据"",""observation"":12}"	b830fd9802fd3e4d62cd83ebca52665f
2026-08-30T10:51:27.550+08:00[Asia/Shanghai]	144401380	query_economic_indicator_data	"{""question"":""H6924748,X1924001,C1512798,S5471265"",""beginDate"":""2023-08-04"",""endDate"":""2026-08-28""}"	b47d71cfdf4fae5d22424ec1d453f56e
2026-08-30T10:51:24.924+08:00[Asia/Shanghai]	114268513	query_economic_indicator_data	"{""question"":""M0051602,L8047216"",""beginDate"":""2021-01-01"",""endDate"":""2026-08-30""}"	22c24834699176b19bd1270c4d24ddec
2026-08-30T10:51:19.852+08:00[Asia/Shanghai]	144447850	query_economic_indicator_data	"{""question"":""中国房地产开发企业本年新开工面积累计值 最新数据"",""observation"":12}"	81af4e52238f03493c614c631cba7fe6
2026-08-30T10:51:03.842+08:00[Asia/Shanghai]	144447850	query_economic_indicator_data	"{""question"":""中国金融机构各项贷款余额房地产贷款人民币同比 最新数据"",""observation"":8}"	f5e153224c864c41ef34d2826c5b8b56
2026-08-30T10:51:02.353+08:00[Asia/Shanghai]	144447850	query_economic_indicator_data	"{""question"":""中国房屋销售价格指数新建商品住宅70个大中城市当月环比 最新数据"",""observation"":12}"	0f8115371cc558b04c62c5651009c9eb
2026-08-30T10:51:00.624+08:00[Asia/Shanghai]	144447850	query_economic_indicator_data	"{""question"":""中国东北地区商品房销售面积累计值 最新数据"",""observation"":12}"	8f23ec00e5ad01466c15c21ae48d28fe
2026-08-30T10:50:56.762+08:00[Asia/Shanghai]	114268513	search_economic_indicator	"{""question"":""绿色债券发行量""}"	c90e100ad7f1a2788b70bd6a9352654d
2026-08-30T10:50:55.398+08:00[Asia/Shanghai]	144447850	query_economic_indicator_data	"{""question"":""中国东部地区商品房销售面积累计值 最新数据"",""observation"":12}"	09e10f4ef0dd1b196e89652e30ffdf36
2026-08-30T10:50:39.334+08:00[Asia/Shanghai]	144447850	query_economic_indicator_data	"{""question"":""中国房屋销售价格指数新建商品住宅70个大中城市当月同比 最新数据"",""observation"":12}"	b0122ac71a4897de1054493ddd79c21b
2026-08-30T10:50:34.766+08:00[Asia/Shanghai]	144447850	query_economic_indicator_data	"{""question"":""中国房地产开发投资完成额累计值 最新数据"",""observation"":12}"	404dd652b8dfba05cbfb82d9ace4077b
2026-08-30T10:50:34.503+08:00[Asia/Shanghai]	144447850	query_economic_indicator_data	"{""question"":""中国金融机构各项贷款余额:房地产贷款:人民币 余额总量"",""observation"":8}"	04f19c4a0121bb2f274c882817fdf962
2026-08-30T10:50:31.735+08:00[Asia/Shanghai]	144447850	query_economic_indicator_data	"{""question"":""中国个人住房贷款余额 最新数据"",""observation"":8}"	a4579140d34b7cb7eafeae933fc53552
2026-08-30T10:50:30.830+08:00[Asia/Shanghai]	114268513	search_economic_indicator	"{""question"":""科技创新债券发行规模""}"	96ecd4b252c0a6eb07324a0aa0370611
2026-08-30T10:50:30.760+08:00[Asia/Shanghai]	144447850	query_economic_indicator_data	"{""question"":""中国金融机构各项贷款余额:房地产贷款:人民币 最新数据"",""observation"":8}"	3f4b47becc61930075d9e6cadade8664
2026-08-30T10:49:04.191+08:00[Asia/Shanghai]	141248150	query_economic_indicator_data	"{""question"":""G0000067"",""observation"":""60""}"	f32b86d315fdc87b9119a0934743cd1f
2026-08-30T10:48:02.661+08:00[Asia/Shanghai]	144447850	query_economic_indicator_data	"{""question"":""上海 北京 广东 房地产开发投资完成额 累计值 时间序列"",""beginDate"":""2024-01-01"",""endDate"":""2026-08-30""}"	f60b270913c6210effd585b9d95e6f1a
2026-08-30T10:47:54.867+08:00[Asia/Shanghai]	144447850	query_economic_indicator_data	"{""question"":""中国金融机构各项贷款余额 房产开发贷款 人民币 同比"",""beginDate"":""2024-01-01"",""endDate"":""2026-08-30""}"	ee3ad3e14d1f69fc9395e27dd0f2a3fb
2026-08-30T10:47:35.033+08:00[Asia/Shanghai]	144447850	query_economic_indicator_data	"{""question"":""中国金融机构各项贷款余额 房产开发贷款 人民币 同比 时间序列"",""beginDate"":""2024-01-01"",""endDate"":""2026-08-30""}"	b427247c67e956403df5aaae0a89a785
2026-08-30T10:47:20.391+08:00[Asia/Shanghai]	144447850	query_economic_indicator_data	"{""question"":""中国商品房销售面积 累计值 时间序列"",""beginDate"":""2024-01-01"",""endDate"":""2026-08-30""}"	d251247e4efc4c5a55a25dcad8e1f2cd
2026-08-30T10:47:08.810+08:00[Asia/Shanghai]	111158586	query_economic_indicator_data	"{""question"":""M0017139"",""beginDate"":""2024-12-25"",""endDate"":""2026-08-30""}"	1cea4a481ffcee5e81761bee3aad1271
2026-08-30T10:47:08.520+08:00[Asia/Shanghai]	143956382	query_economic_indicator_data	"{""question"":""中国:市场价:六氟磷酸锂"",""beginDate"":""2026-05-01"",""endDate"":""2026-08-30""}"	a73d12e9a3d8288c29d18cd7b8381e34
2026-08-30T10:46:41.240+08:00[Asia/Shanghai]	144447850	search_economic_indicator	"{""question"":""房地产市场最新变化对银行信贷的影响 相关指标""}"	c1a9902cf31fee764b81c07dbda93775
2026-08-30T10:46:27.976+08:00[Asia/Shanghai]	142776049	query_economic_indicator_data	"{""question"":""M1001791"",""beginDate"":""2026-08-24"",""endDate"":""2026-08-26""}"	d61636e86402a3119d735b5c92e35e93
2026-08-30T10:46:09.489+08:00[Asia/Shanghai]	142776049	search_economic_indicator	"{""question"":""美国CPI同比""}"	b253257384ea3215600cccbf3247000b
2026-08-30T10:44:36.148+08:00[Asia/Shanghai]	144447850	query_economic_indicator_data	"{""question"":""中国商品房销售额累计同比"",""observation"":12}"	85586939f5297e5dd8675592acc3fcf6
2026-08-30T10:44:35.124+08:00[Asia/Shanghai]	144447850	query_economic_indicator_data	"{""question"":""万得一致预测中国固定资产投资完成额房地产开发累计同比"",""observation"":12}"	4ba0081f25d9768486f4dab3a65f1421
2026-08-30T10:44:32.544+08:00[Asia/Shanghai]	144447850	query_economic_indicator_data	"{""question"":""中国金融机构各项贷款余额个人购房贷款人民币"",""observation"":12}"	28f5651a810a242c2813ebd5e445549e
2026-08-30T10:44:22.838+08:00[Asia/Shanghai]	144447850	query_economic_indicator_data	"{""question"":""中国商品房销售额累计值"",""observation"":12}"	a50495e6e10c6ad9de8e2ceb3a33a38e
2026-08-30T10:42:02.687+08:00[Asia/Shanghai]	142776049	search_economic_indicator	"{""question"":""美国 PCE 个人消费支出物价指数 同比""}"	ab74bfacd106da827f0cc8b38351359c
2026-08-30T10:40:14.074+08:00[Asia/Shanghai]	144401380	search_economic_indicator	"{""question"":""中国社会库存量：电解铜、铝锭、锌锭、铅锭、镍；请列出每个可用的社会库存指标代码及其单位、频率、来源、更新时间""}"	4f99d7d0fb4b7f7e400a0e10b3086434
2026-08-30T10:40:06.144+08:00[Asia/Shanghai]	144401380	search_economic_indicator	"{""question"":""中国社会库存量：棉花、白糖、豆油、菜油、棕榈油、玉米；请列出每个可用的社会库存指标代码及其单位、频率、来源、更新时间""}"	bc5ee7ed6776b72a1f88c5845514573d
2026-08-30T10:40:04.823+08:00[Asia/Shanghai]	144401380	search_economic_indicator	"{""question"":""中国社会库存量：PVC、聚丙烯、聚乙烯、纯碱、甲醇、PTA；请列出每个可用的社会库存指标代码及其单位、频率、来源、更新时间""}"	a5436c4a3074cd6ce78ffd5b9d4f3e95
2026-08-30T10:40:03.715+08:00[Asia/Shanghai]	143027910	query_economic_indicator_data	"{""question"":""Y7788693"",""beginDate"":""2026-01-01"",""endDate"":""2026-08-30""}"	e62fff52a4de9f9924cc4c8de03ee259
2026-08-30T10:39:37.187+08:00[Asia/Shanghai]	144388850	query_economic_indicator_data	"{""question"":""S0027012"",""beginDate"":""2025-07-01"",""endDate"":""2026-08-30""}"	100fd5184a804cd46b4226628ec23391
2026-08-30T10:39:29.534+08:00[Asia/Shanghai]	144388850	search_economic_indicator	"{""question"":""中国发电量当月值""}"	758308ccb0712c28f9778a5ab94451cb
2026-08-30T10:39:27.020+08:00[Asia/Shanghai]	143027910	search_economic_indicator	"{""question"":""全国螺纹钢现货价格，2026年以来可用的Wind指标""}"	8f0fe2d7018cff1a48fda9e95823ac6e
2026-08-30T10:38:53.422+08:00[Asia/Shanghai]	144401380	search_economic_indicator	"{""question"":""中国国内大宗商品社会库存指标，覆盖有色、黑色、能源化工、农产品；请返回指标名称、代码、单位、频率、来源和更新时间""}"	3578deb10a3363a0b91cb95d33a215f2
2026-08-30T10:38:02.176+08:00[Asia/Shanghai]	115422579	query_economic_indicator_data	"{""question"":""S5814945"",""beginDate"":""2026-02-15"",""endDate"":""2026-08-30""}"	92a808990047308defa73985cd4eb702
2026-08-30T10:38:02.019+08:00[Asia/Shanghai]	101165122	query_economic_indicator_data	"{""question"":""V5295473"",""beginDate"":""2026-02-15"",""endDate"":""2026-08-30""}"	4abf14f1563fd87f1aaee763d3771917
2026-08-30T10:38:01.367+08:00[Asia/Shanghai]	144378595	query_economic_indicator_data	"{""question"":""M0061606"",""beginDate"":""2026-02-15"",""endDate"":""2026-08-30""}"	731d20bb6ddd2324a14b703fefcbbd43
2026-08-30T10:38:01.262+08:00[Asia/Shanghai]	115422579	query_economic_indicator_data	"{""question"":""N5961520"",""beginDate"":""2026-02-15"",""endDate"":""2026-08-30""}"	dbc86db308f132c881acd0210c96d3ca
2026-08-30T10:38:01.227+08:00[Asia/Shanghai]	144378595	query_economic_indicator_data	"{""question"":""M1006337"",""beginDate"":""2026-02-15"",""endDate"":""2026-08-30""}"	f30cfe17e00e9fd6d76b97253f35c1d5
2026-08-30T10:38:01.226+08:00[Asia/Shanghai]	115422579	query_economic_indicator_data	"{""question"":""M0329513"",""beginDate"":""2026-02-15"",""endDate"":""2026-08-30""}"	33e51f5e8dfe784aceebeb3a36f49f63
2026-08-30T10:38:00.059+08:00[Asia/Shanghai]	115422579	query_economic_indicator_data	"{""question"":""H2397051"",""beginDate"":""2026-02-15"",""endDate"":""2026-08-30""}"	2a7007ba39c5225de2c03af503e9aa30
2026-08-30T10:38:00.039+08:00[Asia/Shanghai]	101165122	query_economic_indicator_data	"{""question"":""S5814953"",""beginDate"":""2026-02-15"",""endDate"":""2026-08-30""}"	8cf4af70ef8c056f9aad12f989a3fd22
2026-08-30T10:37:58.209+08:00[Asia/Shanghai]	144200161	query_economic_indicator_data	"{""question"":""Z9161744"",""beginDate"":""2026-02-15"",""endDate"":""2026-08-30""}"	d529f49ad0e0e43c59304a9fee385e1a
2026-08-30T10:37:58.094+08:00[Asia/Shanghai]	115422579	query_economic_indicator_data	"{""question"":""S5814966"",""beginDate"":""2026-02-15"",""endDate"":""2026-08-30""}"	ff82f64037841f7af1bdcda8c42e0538
2026-08-30T10:37:56.405+08:00[Asia/Shanghai]	144200161	query_economic_indicator_data	"{""question"":""W8037172"",""beginDate"":""2026-02-15"",""endDate"":""2026-08-30""}"	6271b5ef5d0c8ff02adfcdaebc89d929
2026-08-30T10:37:52.736+08:00[Asia/Shanghai]	115422579	query_economic_indicator_data	"{""question"":""S5134118"",""beginDate"":""2026-02-15"",""endDate"":""2026-08-30""}"	9af82c22d17da9a29be02f0e020acf73
2026-08-30T10:37:52.710+08:00[Asia/Shanghai]	101165122	query_economic_indicator_data	"{""question"":""S5811337"",""beginDate"":""2026-02-15"",""endDate"":""2026-08-30""}"	463a9acc5b1728d374f862b772e461d1
2026-08-30T10:37:52.702+08:00[Asia/Shanghai]	144200161	query_economic_indicator_data	"{""question"":""S5811336"",""beginDate"":""2026-02-15"",""endDate"":""2026-08-30""}"	e8d55bb319dce55025efe1a6b00e3453
2026-08-30T10:37:52.696+08:00[Asia/Shanghai]	144200161	query_economic_indicator_data	"{""question"":""S5814968"",""beginDate"":""2026-02-15"",""endDate"":""2026-08-30""}"	2a0800467806e46e848527f85a816326
2026-08-30T10:37:52.678+08:00[Asia/Shanghai]	115422579	query_economic_indicator_data	"{""question"":""S5814967"",""beginDate"":""2026-02-15"",""endDate"":""2026-08-30""}"	73958e8c06682c43f664e52167a05b35
2026-08-30T10:37:52.652+08:00[Asia/Shanghai]	144378595	query_economic_indicator_data	"{""question"":""S5811582"",""beginDate"":""2026-02-15"",""endDate"":""2026-08-30""}"	d46695dd04f888d01324388ee2aed249
2026-08-30T10:35:33.894+08:00[Asia/Shanghai]	110952294	query_economic_indicator_data	"{""question"":""中国7年期国债收益率"",""beginDate"":""2026-08-12"",""endDate"":""2026-08-29""}"	cacc8ee9f1c6c5f13f65305ad112f85d
2026-08-30T10:35:28.710+08:00[Asia/Shanghai]	110952294	query_economic_indicator_data	"{""question"":""中国3年期国债收益率"",""beginDate"":""2026-08-12"",""endDate"":""2026-08-29""}"	fc1291c14ca9b96bcf1d1ed7f00bc1b3
2026-08-30T10:35:25.331+08:00[Asia/Shanghai]	110952294	query_economic_indicator_data	"{""question"":""中国1年期国债收益率"",""beginDate"":""2026-08-27"",""endDate"":""2026-08-29""}"	48edb096024cfb3c7bb7a3a2a7abeb0d
2026-08-30T10:35:14.613+08:00[Asia/Shanghai]	110952294	query_economic_indicator_data	"{""question"":""日本CPI同比"",""beginDate"":""2026-06-01"",""endDate"":""2026-08-30""}"	44b9c34398c8df9e935418a28d9072cd
2026-08-30T10:35:02.183+08:00[Asia/Shanghai]	110952294	query_economic_indicator_data	"{""question"":""欧元区制造业PMI"",""beginDate"":""2026-05-01"",""endDate"":""2026-08-30""}"	912a5d88c67fea7fc84aed0b46f2d218
2026-08-30T10:34:55.396+08:00[Asia/Shanghai]	110952294	query_economic_indicator_data	"{""question"":""欧元区制造业PMI"",""beginDate"":""2026-05-01"",""endDate"":""2026-08-30""}"	c83f4a2584624d95afac0792239728a4
2026-08-30T10:34:54.170+08:00[Asia/Shanghai]	110952294	query_economic_indicator_data	"{""question"":""美国联邦基金目标利率"",""beginDate"":""2026-05-01"",""endDate"":""2026-08-30""}"	dc801f121facd37405e4562face1d4cb
2026-08-30T10:34:50.903+08:00[Asia/Shanghai]	110952294	query_economic_indicator_data	"{""question"":""美国失业率"",""beginDate"":""2026-07-01"",""endDate"":""2026-08-30""}"	26457380ae6fe163fd4885328a4f99c3
2026-08-30T10:34:45.501+08:00[Asia/Shanghai]	144256630	query_economic_indicator_data	"{""question"":""S5118231"",""beginDate"":""2025-09-01"",""endDate"":""2026-08-30""}"	aa40bec1a8dd5162ae99db1eee49f907
2026-08-30T10:34:44.691+08:00[Asia/Shanghai]	110952294	query_economic_indicator_data	"{""question"":""美国PPI最终需求同比"",""beginDate"":""2026-07-01"",""endDate"":""2026-08-30""}"	6cf44f7e5b023ca6d794e30f7914bb81
2026-08-30T10:34:42.022+08:00[Asia/Shanghai]	110952294	query_economic_indicator_data	"{""question"":""美国ISM制造业PMI"",""beginDate"":""2026-07-01"",""endDate"":""2026-08-30""}"	75a146f5a13a1bfd4c1d92619f349e29
2026-08-30T10:34:40.742+08:00[Asia/Shanghai]	110952294	query_economic_indicator_data	"{""question"":""中国城镇调查失业率"",""beginDate"":""2026-07-01"",""endDate"":""2026-08-30""}"	599c496410c49a5a6ae45e5359589598
2026-08-30T10:34:39.483+08:00[Asia/Shanghai]	110952294	query_economic_indicator_data	"{""question"":""中国社会融资存量同比"",""beginDate"":""2026-07-01"",""endDate"":""2026-08-30""}"	cc2f7a95d9e4d82dfd2a7d9141768d57
2026-08-30T10:34:33.542+08:00[Asia/Shanghai]	144256630	query_economic_indicator_data	"{""question"":""Y6907796"",""beginDate"":""2025-09-01"",""endDate"":""2026-08-30""}"	9d90df6e6161aa26241290f27e4e6fd2
2026-08-30T10:34:33.029+08:00[Asia/Shanghai]	144256630	query_economic_indicator_data	"{""question"":""S5118232"",""beginDate"":""2025-09-01"",""endDate"":""2026-08-30""}"	5ef65d933fe7f4d80345cc4dd8814adc
2026-08-30T10:34:32.607+08:00[Asia/Shanghai]	144256630	query_economic_indicator_data	"{""question"":""S5118233"",""beginDate"":""2025-09-01"",""endDate"":""2026-08-30""}"	c622c51624e4fbb086afbf51416cbbfe
2026-08-30T10:34:32.159+08:00[Asia/Shanghai]	144256630	query_economic_indicator_data	"{""question"":""S5103142"",""beginDate"":""2025-09-01"",""endDate"":""2026-08-30""}"	e946301fb26ffe0c75e1c4b82181474c
2026-08-30T10:34:31.684+08:00[Asia/Shanghai]	144256630	query_economic_indicator_data	"{""question"":""S5118231"",""beginDate"":""2025-09-01"",""endDate"":""2026-08-30""}"	de06cd5b40ef8b775b07effe9e63d3bb
2026-08-30T10:33:09.898+08:00[Asia/Shanghai]	143956382	query_economic_indicator_data	"{""question"":""S5811336"",""beginDate"":""2026-05-01"",""endDate"":""2026-08-28""}"	3ff8e955c20c7cbfedb6fd2190f924e9
2026-08-30T10:33:06.306+08:00[Asia/Shanghai]	144418878	query_economic_indicator_data	"{""question"":""A4376552,P2255755,X5423433,K7604932"",""beginDate"":""2003-01-01"",""endDate"":""2025-12-31""}"	ce7d00d9eb12e1a334a6530d530ec62e
2026-08-30T10:32:36.675+08:00[Asia/Shanghai]	144297336	query_economic_indicator_data	"{""question"":""中国:国债到期收益率:30年"",""beginDate"":""2026-08-17"",""endDate"":""2026-08-21""}"	f93981d2046116e872cc716b7becf633
2026-08-30T10:30:06.416+08:00[Asia/Shanghai]	143793672	query_economic_indicator_data	"{""question"":""S0179664"",""beginDate"":""2017-01-01"",""endDate"":""2017-12-31""}"	9731f940219c360e7633b7830e78f0c0
2026-08-30T10:29:41.497+08:00[Asia/Shanghai]	144256630	search_economic_indicator	"{""question"":""带钢 社会库存 全国 万吨""}"	8f317061e92a9499b94eeef7c5c59d5b
2026-08-30T10:29:09.138+08:00[Asia/Shanghai]	144458479	search_economic_indicator	"{""question"":""中国银行间质押式回购 R007 7天 收盘利率""}"	fc3945e188ec0bfd89bafe27870bade9
2026-08-30T10:29:01.629+08:00[Asia/Shanghai]	144256630	query_economic_indicator_data	"{""question"":""R7124861"",""beginDate"":""2025-01-01"",""endDate"":""2026-08-30""}"	2e0cf68aaf2d583ebaecb672111e9c0e
2026-08-30T10:29:00.034+08:00[Asia/Shanghai]	144262991	query_economic_indicator_data	"{""question"":""M1008671"",""beginDate"":""2017-12-01"",""endDate"":""2026-07-31""}"	633e17a439a5647846b8d17131e243d3
2026-08-30T10:28:54.535+08:00[Asia/Shanghai]	143793672	query_economic_indicator_data	"{""question"":""Y7788693,S0181383"",""beginDate"":""2017-01-01"",""endDate"":""2017-12-31""}"	013beaf81d212b8c08ddd8e2a032d19b
2026-08-30T10:28:37.653+08:00[Asia/Shanghai]	136856865	query_economic_indicator_data	"{""question"":""G8300673"",""beginDate"":""2026-06-01"",""endDate"":""2026-08-30""}"	a9340a2583041b213d28f555cd5c4f5b
2026-08-30T10:28:16.863+08:00[Asia/Shanghai]	144418878	search_economic_indicator	"{""question"":""地级市电信业务收入""}"	efa8236c841628de71199af311a3497f
2026-08-30T10:28:05.284+08:00[Asia/Shanghai]	141121997	query_economic_indicator_data	"{""question"":""A股融资融券余额 人民币 每日"",""beginDate"":""2026-08-20"",""endDate"":""2026-08-28""}"	cb560a085e1af7ad49538a11d33d92e8
2026-08-30T10:27:43.371+08:00[Asia/Shanghai]	141121997	query_economic_indicator_data	"{""question"":""波罗的海交易所脏油轮运价指数"",""observation"":""10""}"	d3048dff6c3088fc6d408f155d77b267
2026-08-30T10:27:34.125+08:00[Asia/Shanghai]	141121997	query_economic_indicator_data	"{""question"":""沪深两市融资融券余额"",""beginDate"":""2026-08-20"",""endDate"":""2026-08-28""}"	5094176a81cd0b22f81730be004acf97
2026-08-30T10:27:30.972+08:00[Asia/Shanghai]	144256630	search_economic_indicator	"{""question"":""带钢 社会库存 中国""}"	3a899cba9eefa619a659c7f5e63fdc25
2026-08-30T10:27:25.458+08:00[Asia/Shanghai]	144256630	search_economic_indicator	"{""question"":""热轧带钢 库存 万吨""}"	684e4c4867ae21316f27aae5264157f8
2026-08-30T10:27:20.526+08:00[Asia/Shanghai]	141121997	query_economic_indicator_data	"{""question"":""融资融券余额 沪深两市"",""beginDate"":""2026-08-20"",""endDate"":""2026-08-28""}"	e9ad7757f33d465f9d177345ece571ab
2026-08-30T10:27:09.291+08:00[Asia/Shanghai]	136838053	query_economic_indicator_data	"{""question"":""SHIBOR隔夜 SHIBOR1周 SHIBOR3个月 DR007 AAA级同业存单1年期到期收益率"",""beginDate"":""2026-08-20"",""endDate"":""2026-08-30""}"	382e6e4c75f992c9c945fc98d2ae4c05
2026-08-30T10:27:07.822+08:00[Asia/Shanghai]	144256630	search_economic_indicator	"{""question"":""中国 进口 炼焦煤 蒙古国""}"	6adbe46c6057d5b4f6263099f7ce667d
2026-08-30T10:26:48.020+08:00[Asia/Shanghai]	144418878	search_economic_indicator	"{""question"":""城市移动电话用户数""}"	1e1e251f46a16dada5792eaa8da1b33a
2026-08-30T10:26:34.014+08:00[Asia/Shanghai]	144256630	search_economic_indicator	"{""question"":""蒙古国 炼焦煤 进口 万吨""}"	36643aa3bbfb01ebee3fa74780d3827b
2026-08-30T10:26:19.511+08:00[Asia/Shanghai]	144256630	search_economic_indicator	"{""question"":""热轧带钢 社会库存 万吨""}"	b00b13a69b9a561a148cd1a364883112
2026-08-30T10:26:19.241+08:00[Asia/Shanghai]	10166904	search_economic_indicator	"{""question"":""CFETS美元兑人民币即期汇率""}"	4ab84bfbe64ef4c63fbdb0857ef3afed
2026-08-30T10:26:02.676+08:00[Asia/Shanghai]	141440413	query_economic_indicator_data	"{""question"":""美元指数"",""beginDate"":""2026-08-26"",""endDate"":""2026-08-27""}"	bb4d9421d9416e1c49f13a41cc431c20
2026-08-30T10:25:43.392+08:00[Asia/Shanghai]	101165122	query_economic_indicator_data	"{""question"":""M0061612"",""beginDate"":""2026-02-15"",""endDate"":""2026-08-30""}"	e1529646f51dbf18b950d5e2f5a70a95
2026-08-30T10:25:39.303+08:00[Asia/Shanghai]	115422579	query_economic_indicator_data	"{""question"":""M0329513"",""beginDate"":""2026-02-15"",""endDate"":""2026-08-30""}"	8909d0c1555a2509df98cfe10c6db255
2026-08-30T10:25:39.291+08:00[Asia/Shanghai]	144200161	query_economic_indicator_data	"{""question"":""P2995878"",""beginDate"":""2026-02-15"",""endDate"":""2026-08-30""}"	90798f3c0a2c87e7505dd44aaa9bcea9
2026-08-30T10:25:39.278+08:00[Asia/Shanghai]	115422579	query_economic_indicator_data	"{""question"":""M0061606"",""beginDate"":""2026-02-15"",""endDate"":""2026-08-30""}"	cda274136e68c496dcebed8e2426c9ad
2026-08-30T10:25:38.327+08:00[Asia/Shanghai]	144200161	query_economic_indicator_data	"{""question"":""S5814965"",""beginDate"":""2026-02-15"",""endDate"":""2026-08-30""}"	13149e9c1fae42776295e8a62763add5
2026-08-30T10:25:36.204+08:00[Asia/Shanghai]	115422579	query_economic_indicator_data	"{""question"":""S5814945"",""beginDate"":""2026-02-15"",""endDate"":""2026-08-30""}"	c4325e0c1009ba1a037fc8be2ed94cc5
2026-08-30T10:25:36.167+08:00[Asia/Shanghai]	101165122	query_economic_indicator_data	"{""question"":""V5295473"",""beginDate"":""2026-02-15"",""endDate"":""2026-08-30""}"	2b83212f04918803f571ac238f878ce4
2026-08-30T10:25:35.596+08:00[Asia/Shanghai]	101165122	query_economic_indicator_data	"{""question"":""N5961520"",""beginDate"":""2026-02-15"",""endDate"":""2026-08-30""}"	cbc69b24869e58aa6980057579343940
2026-08-30T10:25:35.327+08:00[Asia/Shanghai]	144200161	query_economic_indicator_data	"{""question"":""S5814952"",""beginDate"":""2026-02-15"",""endDate"":""2026-08-30""}"	d5334c5fde8089f14df16ba38537fd37
2026-08-30T10:25:33.810+08:00[Asia/Shanghai]	144378595	query_economic_indicator_data	"{""question"":""U7309781"",""beginDate"":""2026-02-15"",""endDate"":""2026-08-30""}"	029903c6598e82c15e7d575759530d95
2026-08-30T10:25:32.515+08:00[Asia/Shanghai]	115422579	query_economic_indicator_data	"{""question"":""S5814966"",""beginDate"":""2026-02-15"",""endDate"":""2026-08-30""}"	42560023cd8971e725679f75852a34c6
2026-08-30T10:25:32.456+08:00[Asia/Shanghai]	144378595	query_economic_indicator_data	"{""question"":""J6802485"",""beginDate"":""2026-02-15"",""endDate"":""2026-08-30""}"	d7871739853e855e464940671972fd55
2026-08-30T10:25:32.422+08:00[Asia/Shanghai]	101165122	query_economic_indicator_data	"{""question"":""H5003082"",""beginDate"":""2026-02-15"",""endDate"":""2026-08-30""}"	eed6920a22fd4efa4b02d15e4efea7e4
2026-08-30T10:25:31.116+08:00[Asia/Shanghai]	144200161	query_economic_indicator_data	"{""question"":""W8037172"",""beginDate"":""2026-02-15"",""endDate"":""2026-08-30""}"	c7746fc0b6cfe56d5995c85f14fdb18a
2026-08-30T10:25:27.384+08:00[Asia/Shanghai]	115422579	query_economic_indicator_data	"{""question"":""S5134121"",""beginDate"":""2026-02-15"",""endDate"":""2026-08-30""}"	53f20956aa4327d3519c0b7755828d8d
2026-08-30T10:25:27.378+08:00[Asia/Shanghai]	144200161	query_economic_indicator_data	"{""question"":""S5811336"",""beginDate"":""2026-02-15"",""endDate"":""2026-08-30""}"	b4a638c25263a45a9fd38a2272f058a1
2026-08-30T10:25:27.356+08:00[Asia/Shanghai]	144200161	query_economic_indicator_data	"{""question"":""S5814946"",""beginDate"":""2026-02-15"",""endDate"":""2026-08-30""}"	c2b31c8f3f9a86b795cf95afd46847cc
2026-08-30T10:25:27.337+08:00[Asia/Shanghai]	144378595	query_economic_indicator_data	"{""question"":""S5811582"",""beginDate"":""2026-02-15"",""endDate"":""2026-08-30""}"	2e4b33590d304c00842acacd616e74de
2026-08-30T10:25:23.735+08:00[Asia/Shanghai]	101165122	query_economic_indicator_data	"{""question"":""S5134118"",""beginDate"":""2026-02-15"",""endDate"":""2026-08-30""}"	e2d65474cbcca7a18312faaf9fdb37c9
2026-08-30T10:24:29.237+08:00[Asia/Shanghai]	144418878	search_economic_indicator	"{""question"":""地级市数字经济""}"	942b17ee5c00e30da20bf5072e055687
2026-08-30T10:23:59.883+08:00[Asia/Shanghai]	141121997	query_economic_indicator_data	"{""question"":""中国城镇调查失业率"",""observation"":""4""}"	4017ea2ee4e684942ef607c07139d660
2026-08-30T10:23:44.293+08:00[Asia/Shanghai]	141121997	query_economic_indicator_data	"{""question"":""中国社会消费品零售总额当月同比"",""observation"":""4""}"	d922606eddeeb8633afb9ecd5f1b2e1a
